machine_id,timestamp,voltage,rotation,pressure,vibration,failure_probability
M001,2025-05-24 00:00:00,173.418,465.364,97.645,44.469,0.0062
M001,2025-05-24 01:00:00,182.183,410.201,102.256,51.72,0.0062
M001,2025-05-24 02:00:00,172.849,476.123,107.249,50.57,0.01633
M001,2025-05-24 03:00:00,174.956,505.91,103.983,49.472,0.01407
M001,2025-05-24 04:00:00,190.712,506.048,101.647,54.349,0.01407
M001,2025-05-24 05:00:00,188.009,401.133,114.893,51.355,0.01407
M001,2025-05-24 06:00:00,189.051,397.175,107.775,53.607,0.01633
M001,2025-05-24 07:00:00,185.743,451.144,109.159,54.068,0.01493
M001,2025-05-24 08:00:00,177.181,397.966,105.554,47.361,0.01407
M001,2025-05-24 09:00:00,179.351,412.56,98.952,49.858,0.01407
M001,2025-05-24 10:00:00,183.463,426.663,89.591,50.92,0.01407
M001,2025-05-24 11:00:00,176.784,474.403,92.018,46.18,0.01407
M001,2025-05-24 12:00:00,181.508,479.054,91.147,43.787,0.0062
M001,2025-05-24 13:00:00,190.124,481.523,104.315,41.402,0.0062
M001,2025-05-24 14:00:00,194.172,454.763,95.84,50.482,0.0062
M001,2025-05-24 15:00:00,179.625,456.312,96.791,58.871,0.0062
M001,2025-05-24 16:00:00,174.784,451.722,106.112,58.323,0.0062
M001,2025-05-24 17:00:00,167.794,483.04,105.414,61.42,0.0062
M001,2025-05-24 18:00:00,180.783,465.973,109.975,51.685,0.0062
M001,2025-05-24 19:00:00,185.627,503.657,115.498,56.796,0.0062
M001,2025-05-24 20:00:00,189.128,418.328,98.374,62.112,0.0062
M001,2025-05-24 21:00:00,181.107,481.661,98.32,63.884,0.0062
M001,2025-05-24 22:00:00,174.449,465.498,93.795,54.783,0.0062
M001,2025-05-24 23:00:00,178.413,507.106,109.991,57.379,0.0062
M001,2025-05-25 00:00:00,180.945,490.789,107.701,54.164,0.0062
M001,2025-05-25 01:00:00,176.351,511.466,111.356,56.97,0.0062
M001,2025-05-25 02:00:00,179.972,549.134,123.383,51.821,0.0062
M001,2025-05-25 03:00:00,185.36,490.795,113.789,51.337,0.0062
M001,2025-05-25 04:00:00,185.926,480.848,111.55,48.725,0.0062
M001,2025-05-25 05:00:00,178.155,464.998,112.939,51.322,0.0062
M001,2025-05-25 06:00:00,166.623,470.434,108.247,50.583,0.0062
M001,2025-05-25 07:00:00,171.569,401.46,117.877,54.973,0.0062
M001,2025-05-25 08:00:00,177.244,417.308,120.075,56.458,0.0062
M001,2025-05-25 09:00:00,177.933,423.731,122.9,55.724,0.0062
M001,2025-05-25 10:00:00,177.27,406.359,116.803,53.482,0.0062
M001,2025-05-25 11:00:00,175.188,419.315,109.948,51.082,0.0062
M001,2025-05-25 12:00:00,182.944,373.814,105.736,50.863,0.0062
M001,2025-05-25 13:00:00,182.683,462.729,103.129,53.702,0.0062
M001,2025-05-25 14:00:00,183.65,478.485,91.135,52.933,0.0062
M001,2025-05-25 15:00:00,177.223,544.729,100.305,53.114,0.0062
M001,2025-05-25 16:00:00,175.615,475.472,109.481,51.915,0.0062
M001,2025-05-25 17:00:00,179.668,422.334,108.269,51.044,0.0062
M001,2025-05-25 18:00:00,174.618,447.719,103.581,48.175,0.0062
M001,2025-05-25 19:00:00,169.962,385.871,105.111,41.623,0.0062
M001,2025-05-25 20:00:00,173.122,423.609,107.562,47.451,0.0062
M001,2025-05-25 21:00:00,184.811,409.531,109.864,50.898,0.0062
M001,2025-05-25 22:00:00,185.36,415.645,123.227,46.87,0.0062
M001,2025-05-25 23:00:00,193.809,442.561,109.622,55.936,0.0062
M001,2025-05-26 00:00:00,188.695,450.476,111.396,49.107,0.0062
M001,2025-05-26 01:00:00,184.484,526.991,115.113,53.637,0.0062
M001,2025-05-26 02:00:00,175.031,524.288,112.359,53.386,0.0062
M001,2025-05-26 03:00:00,174.582,446.631,108.16,53.486,0.0062
M001,2025-05-26 04:00:00,187.186,489.819,99.213,56.824,0.0062
M001,2025-05-26 05:00:00,187.659,424.062,97.35,57.966,0.0062
M001,2025-05-26 06:00:00,190.539,440.947,106.806,55.076,0.0062
M001,2025-05-26 07:00:00,192.087,398.363,118.547,49.024,0.0062
M001,2025-05-26 08:00:00,188.443,389.375,108.445,44.749,0.0062
M001,2025-05-26 09:00:00,185.006,468.625,111.55,47.807,0.0062
M001,2025-05-26 10:00:00,185.018,442.226,113.805,55.181,0.0062
M001,2025-05-26 11:00:00,188.558,422.934,119.124,56.813,0.0062
M001,2025-05-26 12:00:00,189.317,414.593,116.11,54.161,0.0062
M001,2025-05-26 13:00:00,189.99,419.446,115.91,54.015,0.0062
M001,2025-05-26 14:00:00,188.232,491.669,119.457,55.34,0.0062
M001,2025-05-26 15:00:00,181.263,431.423,104.871,60.261,0.0062
M001,2025-05-26 16:00:00,180.335,392.992,105.948,53.325,0.0062
M001,2025-05-26 17:00:00,175.427,441.695,91.897,55.087,0.0062
M001,2025-05-26 18:00:00,184.937,384.963,81.792,54.362,0.0062
M001,2025-05-26 19:00:00,170.761,399.491,85.044,49.789,0.0062
M001,2025-05-26 20:00:00,174.313,467.369,81.186,46.02,0.0062
M001,2025-05-26 21:00:00,193.117,463.414,95.462,52.874,0.0062
M001,2025-05-26 22:00:00,186.936,442.013,107.97,53.245,0.0062
M001,2025-05-26 23:00:00,178.15,420.056,104.948,51.311,0.0062
M001,2025-05-27 00:00:00,180.027,398.704,104.485,51.389,0.0062
M001,2025-05-27 01:00:00,189.519,398.747,103.436,54.954,0.0062
M001,2025-05-27 02:00:00,185.936,427.484,102.58,53.552,0.0062
M001,2025-05-27 03:00:00,188.738,488.475,105.279,58.74,0.0062
M001,2025-05-27 04:00:00,187.134,514.072,108.641,54.412,0.0062
M001,2025-05-27 05:00:00,183.145,468.887,104.078,49.722,0.0062
M001,2025-05-27 06:00:00,203.3,435.195,98.716,49.589,0.0062
M001,2025-05-27 07:00:00,195.687,471.338,97.651,46.213,0.0062
M001,2025-05-27 08:00:00,187.226,393.782,107.699,46.539,0.0062
M001,2025-05-27 09:00:00,182.451,401.621,103.85,53.016,0.0062
M001,2025-05-27 10:00:00,185.157,410.802,116.662,58.823,0.0062
M001,2025-05-27 11:00:00,186.965,385.233,110.669,58.019,0.0062
M001,2025-05-27 12:00:00,190.371,374.432,120.074,55.805,0.0062
M001,2025-05-27 13:00:00,188.377,420.985,105.028,50.06,0.0062
M001,2025-05-27 14:00:00,177.115,369.777,100.037,46.241,0.0062
M001,2025-05-27 15:00:00,182.925,368.252,106.504,49.425,0.0062
M001,2025-05-27 16:00:00,181.029,377.814,110.471,50.527,0.0062
M001,2025-05-27 17:00:00,180.038,412.348,107.638,48.206,0.0062
M001,2025-05-27 18:00:00,171.783,375.636,123.663,47.348,0.0062
M001,2025-05-27 19:00:00,172.651,450.664,117.397,54.837,0.0062
M001,2025-05-27 20:00:00,172.19,440.554,115.389,57.061,0.0062
M001,2025-05-27 21:00:00,176.332,436.349,107.258,54.655,0.0062
M001,2025-05-27 22:00:00,169.749,429.752,120.328,53.911,0.0062
M001,2025-05-27 23:00:00,175.425,413.481,121.719,57.649,0.0062
M001,2025-05-28 00:00:00,179.302,391.549,118.975,56.235,0.0062
M001,2025-05-28 01:00:00,173.666,462.412,100.808,54.899,0.0062
M001,2025-05-28 02:00:00,173.453,467.588,106.025,46.866,0.0062
M001,2025-05-28 03:00:00,171.835,458.304,102.47,41.589,0.0062
M001,2025-05-28 04:00:00,182.161,496.33,107.258,37.537,0.0062
M001,2025-05-28 05:00:00,166.367,451.738,114.323,33.73,0.0062
M001,2025-05-28 06:00:00,170.874,477.885,105.173,40.389,0.0062
M001,2025-05-28 07:00:00,165.148,469.569,107.462,45.758,0.0062
M001,2025-05-28 08:00:00,169.578,428.566,114.159,44.182,0.0062
M001,2025-05-28 09:00:00,180.417,469.018,112.414,48.477,0.0062
M001,2025-05-28 10:00:00,177.466,404.301,107.409,51.059,0.0062
M001,2025-05-28 11:00:00,180.616,450.106,98.53,50.528,0.01407
M001,2025-05-28 12:00:00,176.215,416.987,96.343,44.638,0.01407
M001,2025-05-28 13:00:00,191.393,448.102,90.198,52.753,0.0062
M001,2025-05-28 14:00:00,193.931,505.067,104.666,57.352,0.01633
M001,2025-05-28 15:00:00,196.824,507.156,106.241,52.312,0.0062
M001,2025-05-28 16:00:00,182.845,462.243,96.575,59.346,0.0062
M001,2025-05-28 17:00:00,175.912,457.875,100.504,55.996,0.0062
M001,2025-05-28 18:00:00,185.709,441.864,92.529,50.667,0.0062
M001,2025-05-28 19:00:00,183.433,400.49,71.707,48.972,0.0062
M001,2025-05-28 20:00:00,181.66,378.244,95.332,42.177,0.0062
M001,2025-05-28 21:00:00,184.384,410.199,109.209,44.113,0.0062
M001,2025-05-28 22:00:00,175.848,448.792,96.273,40.279,0.0062
M001,2025-05-28 23:00:00,183.707,381.23,94.592,48.898,0.0062
M001,2025-05-29 00:00:00,183.593,407.327,101.004,50.822,0.0062
M001,2025-05-29 01:00:00,186.474,445.749,100.116,45.149,0.0062
M001,2025-05-29 02:00:00,180.844,453.125,95.791,49.589,0.0062
M001,2025-05-29 03:00:00,185.042,413.713,95.941,43.098,0.0062
M001,2025-05-29 04:00:00,179.765,470.277,98.222,46.69,0.0062
M001,2025-05-29 05:00:00,187.219,415.552,97.082,50.129,0.0062
M001,2025-05-29 06:00:00,192.812,456.067,102.526,50.552,0.0062
M001,2025-05-29 07:00:00,194.775,517.859,102.242,46.039,0.0062
M001,2025-05-29 08:00:00,193.422,411.567,97.822,47.384,0.0062
M001,2025-05-29 09:00:00,193.361,438.206,101.47,47.901,0.0062
M001,2025-05-29 10:00:00,171.95,456.371,90.131,49.183,0.0062
M001,2025-05-29 11:00:00,181.764,463.808,108.254,55.653,0.0062
M001,2025-05-29 12:00:00,180.556,429.148,93.577,60.365,0.0062
M001,2025-05-29 13:00:00,182.193,426.252,98.056,62.737,0.0062
M001,2025-05-29 14:00:00,180.751,381.813,104.136,55.311,0.0062
M001,2025-05-29 15:00:00,172.799,415.267,108.38,50.397,0.0062
M001,2025-05-29 16:00:00,173.483,451.241,109.693,50.526,0.0062
M001,2025-05-29 17:00:00,181.556,425.52,118.521,52.256,0.0062
M001,2025-05-29 18:00:00,191.256,399.841,104.665,43.323,0.0062
M001,2025-05-29 19:00:00,184.018,402.211,104.814,43.742,0.0062
M001,2025-05-29 20:00:00,177.877,421.868,106.633,53.608,0.0062
M001,2025-05-29 21:00:00,189.269,436.36,102.572,47.398,0.0062
M001,2025-05-29 22:00:00,181.164,438.561,99.352,45.687,0.0062
M001,2025-05-29 23:00:00,195.221,446.643,112.489,44.784,0.0062
M001,2025-05-30 00:00:00,190.708,397.292,104.348,49.021,0.0062
M001,2025-05-30 01:00:00,182.022,311.925,101.337,49.351,0.01407
M001,2025-05-30 02:00:00,188.764,392.147,101.152,48.512,0.01407
M001,2025-05-30 03:00:00,197.347,471.876,101.547,43.232,0.0062
M001,2025-05-30 04:00:00,182.477,408.22,104.782,48.576,0.0062
M001,2025-05-30 05:00:00,192.715,399.506,103.769,49.349,0.0062
M001,2025-05-30 06:00:00,187.079,432.192,107.804,47.142,0.0062
M001,2025-05-30 07:00:00,195.011,477.434,108.319,48.581,0.0062
M001,2025-05-30 08:00:00,187.823,492.592,111.384,52.497,0.0062
M001,2025-05-30 09:00:00,175.851,526.388,120.34,45.784,0.0062
M001,2025-05-30 10:00:00,181.975,494.369,107.996,41.457,0.0062
M001,2025-05-30 11:00:00,188.366,493.519,120.544,40.978,0.0062
M001,2025-05-30 12:00:00,199.685,492.897,111.279,41.281,0.0062
M001,2025-05-30 13:00:00,204.093,459.422,114.632,32.76,0.0062
M001,2025-05-30 14:00:00,200.157,503.429,112.603,37.432,0.0062
M001,2025-05-30 15:00:00,191.824,507.129,107.733,47.101,0.0062
M001,2025-05-30 16:00:00,185.014,523.265,91.497,47.128,0.0062
M001,2025-05-30 17:00:00,182.372,479.263,110.316,52.535,0.0062
M001,2025-05-30 18:00:00,177.357,508.564,102.677,40.201,0.0062
M001,2025-05-30 19:00:00,177.908,444.402,97.846,43.856,0.0062
M001,2025-05-30 20:00:00,163.711,462.65,109.728,52.055,0.0062
M001,2025-05-30 21:00:00,172.623,355.695,108.97,57.712,0.0062
M001,2025-05-30 22:00:00,176.64,354.409,123.098,52.815,0.01407
M001,2025-05-30 23:00:00,195.657,422.068,129.82,48.573,0.0062
M002,2025-05-24 00:00:00,170.227,415.05,83.157,42.237,0.01496
M002,2025-05-24 01:00:00,173.43,350.903,77.658,43.947,0.01633
M002,2025-05-24 02:00:00,175.599,364.003,95.747,45.08,0.01633
M002,2025-05-24 03:00:00,175.038,381.679,92.057,42.202,0.01653
M002,2025-05-24 04:00:00,177.42,354.061,87.365,45.499,0.01653
M002,2025-05-24 05:00:00,174.386,395.365,86.728,41.096,0.01633
M002,2025-05-24 06:00:00,179.718,439.757,82.974,35.611,0.01633
M002,2025-05-24 07:00:00,178.252,416.733,79.269,42.041,0.01407
M002,2025-05-24 08:00:00,180.122,405.539,86.19,40.464,0.01633
M002,2025-05-24 09:00:00,174.695,413.965,83.581,37.953,0.01407
M002,2025-05-24 10:00:00,163.664,484.77,101.696,37.213,0.01407
M002,2025-05-24 11:00:00,163.219,518.074,79.183,44.814,0.01407
M002,2025-05-24 12:00:00,166.036,417.301,89.713,44.537,0.01407
M002,2025-05-24 13:00:00,169.811,402.401,86.188,41.128,0.01407
M002,2025-05-24 14:00:00,169.519,512.659,102.97,36.831,0.01407
M002,2025-05-24 15:00:00,178.885,466.077,91.897,34.863,0.01407
M002,2025-05-24 16:00:00,166.959,519.695,97.059,36.598,0.01407
M002,2025-05-24 17:00:00,156.837,502.973,109.116,32.174,0.01407
M002,2025-05-24 18:00:00,160.807,522.655,107.863,34.093,0.0062
M002,2025-05-24 19:00:00,160.032,471.104,97.659,35.335,0.01407
M002,2025-05-24 20:00:00,164.069,457.565,95.091,32.454,0.0062
M002,2025-05-24 21:00:00,170.459,467.378,96.565,33.991,0.0062
M002,2025-05-24 22:00:00,187.266,451.404,107.541,32.873,0.0062
M002,2025-05-24 23:00:00,171.91,440.269,103.607,36.191,0.0062
M002,2025-05-25 00:00:00,164.229,491.623,105.05,44.099,0.01407
M002,2025-05-25 01:00:00,166.034,460.218,92.2,49.878,0.01407
M002,2025-05-25 02:00:00,158.163,499.509,93.774,41.914,0.01407
M002,2025-05-25 03:00:00,157.959,447.933,104.143,40.723,0.01407
M002,2025-05-25 04:00:00,170.735,428.133,98.192,42.817,0.01407
M002,2025-05-25 05:00:00,169.921,456.979,93.01,40.373,0.01407
M002,2025-05-25 06:00:00,169.634,465.875,90.747,34.288,0.01407
M002,2025-05-25 07:00:00,176.614,489.131,101.582,33.781,0.01407
M002,2025-05-25 08:00:00,163.041,466.742,102.978,32.497,0.0062
M002,2025-05-25 09:00:00,166.449,450.667,102.922,31.047,0.0062
M002,2025-05-25 10:00:00,167.419,423.667,93.923,35.343,0.0062
M002,2025-05-25 11:00:00,169.996,364.275,80.298,37.005,0.01407
M002,2025-05-25 12:00:00,163.582,374.105,94.521,34.748,0.01407
M002,2025-05-25 13:00:00,163.292,436.762,91.186,43.203,0.01407
M002,2025-05-25 14:00:00,165.188,431.153,99.405,40.984,0.01407
M002,2025-05-25 15:00:00,171.592,438.372,101.691,47.414,0.01633
M002,2025-05-25 16:00:00,166.241,483.547,94.299,43.097,0.01407
M002,2025-05-25 17:00:00,171.465,426.01,85.781,42.784,0.01407
M002,2025-05-25 18:00:00,157.375,441.054,96.766,40.152,0.01407
M002,2025-05-25 19:00:00,164.95,414.568,79.134,39.088,0.01407
M002,2025-05-25 20:00:00,171.695,464.685,66.869,35.391,0.01407
M002,2025-05-25 21:00:00,165.161,393.413,90.461,32.004,0.0062
M002,2025-05-25 22:00:00,165.113,394.141,85.61,31.26,0.0062
M002,2025-05-25 23:00:00,166.903,388.391,90.715,37.569,0.0062
M002,2025-05-26 00:00:00,169.811,391.715,100.798,41.765,0.0062
M002,2025-05-26 01:00:00,177.271,385.098,114.99,44.386,0.01633
M002,2025-05-26 02:00:00,175.409,475.986,98.846,37.312,0.01407
M002,2025-05-26 03:00:00,171.682,448.899,95.761,44.183,0.01407
M002,2025-05-26 04:00:00,169.633,435.423,102.546,44.169,0.01407
M002,2025-05-26 05:00:00,171.337,376.961,99.315,38.541,0.01407
M002,2025-05-26 06:00:00,175.539,346.325,91.138,37.966,0.01407
M002,2025-05-26 07:00:00,174.78,350.112,100.077,38.227,0.01407
M002,2025-05-26 08:00:00,169.289,334.591,84.358,39.72,0.01407
M002,2025-05-26 09:00:00,167.319,392.471,96.3,31.643,0.01407
M002,2025-05-26 10:00:00,163.305,384.52,95.261,28.794,0.0062
M002,2025-05-26 11:00:00,160.395,384.916,94.978,35.661,0.0062
M002,2025-05-26 12:00:00,161.045,397.292,89.315,39.412,0.0062
M002,2025-05-26 13:00:00,160.89,374.698,89.44,35.731,0.01407
M002,2025-05-26 14:00:00,169.177,347.429,99.833,37.01,0.01407
M002,2025-05-26 15:00:00,161.919,353.917,99.717,41.743,0.01407
M002,2025-05-26 16:00:00,165.449,392.1,106.58,41.124,0.01407
M002,2025-05-26 17:00:00,159.803,402.834,106.396,39.343,0.01407
M002,2025-05-26 18:00:00,168.68,380.439,98.61,32.589,0.01407
M002,2025-05-26 19:00:00,170.951,461.91,94.802,30.961,0.01407
M002,2025-05-26 20:00:00,178.294,463.317,95.077,36.26,0.0062
M002,2025-05-26 21:00:00,178.232,475.831,91.27,37.779,0.01407
M002,2025-05-26 22:00:00,168.414,516.995,103.682,40.159,0.01407
M002,2025-05-26 23:00:00,169.138,446.31,90.83,35.639,0.01407
M002,2025-05-27 00:00:00,165.425,476.863,105.943,27.545,0.01407
M002,2025-05-27 01:00:00,163.861,467.814,95.823,29.845,0.0062
M002,2025-05-27 02:00:00,159.81,463.895,88.232,31.93,0.0062
M002,2025-05-27 03:00:00,161.827,391.124,90.512,33.777,0.0062
M002,2025-05-27 04:00:00,165.523,375.08,81.845,41.704,0.0062
M002,2025-05-27 05:00:00,168.487,397.137,100.121,46.201,0.01407
M002,2025-05-27 06:00:00,184.374,408.388,110.887,44.898,0.01653
M002,2025-05-27 07:00:00,177.471,476.901,115.719,43.078,0.01653
M002,2025-05-27 08:00:00,174.878,443.411,121.255,42.949,0.01653
M002,2025-05-27 09:00:00,172.219,447.501,120.507,40.919,0.01653
M002,2025-05-27 10:00:00,169.612,428.402,95.554,44.8,0.01633
M002,2025-05-27 11:00:00,167.754,378.454,100.462,36.286,0.01633
M002,2025-05-27 12:00:00,168.855,385.591,92.388,40.853,0.01633
M002,2025-05-27 13:00:00,167.948,407.205,100.081,41.764,0.01633
M002,2025-05-27 14:00:00,173.174,483.671,95.632,39.784,0.01633
M002,2025-05-27 15:00:00,174.413,510.337,91.622,33.469,0.01407
M002,2025-05-27 16:00:00,167.052,457.379,85.453,37.188,0.01407
M002,2025-05-27 17:00:00,168.108,411.646,93.671,33.737,0.01407
M002,2025-05-27 18:00:00,170.632,418.024,102.738,31.278,0.0062
M002,2025-05-27 19:00:00,168.547,400.927,90.813,34.034,0.01407
M002,2025-05-27 20:00:00,167.567,508.028,95.274,35.354,0.0062
M002,2025-05-27 21:00:00,167.819,509.725,98.566,36.907,0.0062
M002,2025-05-27 22:00:00,172.33,475.972,96.059,34.933,0.0062
M002,2025-05-27 23:00:00,172.355,436.982,93.861,36.485,0.0062
M002,2025-05-28 00:00:00,167.946,392.983,103.544,44.514,0.01407
M002,2025-05-28 01:00:00,168.339,404.428,110.41,42.455,0.01407
M002,2025-05-28 02:00:00,176.488,315.255,109.907,37.544,0.01653
M002,2025-05-28 03:00:00,167.871,346.433,109.371,35.016,0.01633
M002,2025-05-28 04:00:00,172.631,362.437,109.488,34.272,0.01633
M002,2025-05-28 05:00:00,169.926,448.764,98.904,42.221,0.01653
M002,2025-05-28 06:00:00,192.692,373.626,96.632,43.154,0.01633
M002,2025-05-28 07:00:00,187.358,431.534,96.111,47.483,0.08333
M002,2025-05-28 08:00:00,180.612,418.162,88.153,45.924,0.08333
M002,2025-05-28 09:00:00,175.569,453.358,97.042,50.07,0.08333
M002,2025-05-28 10:00:00,163.861,415.747,111.041,38.653,0.02703
M002,2025-05-28 11:00:00,163.036,437.64,120.644,32.634,0.01653
M002,2025-05-28 12:00:00,178.037,467.473,108.445,36.212,0.01407
M002,2025-05-28 13:00:00,176.907,551.717,99.154,39.561,0.01633
M002,2025-05-28 14:00:00,172.248,472.316,90.94,34.906,0.01407
M002,2025-05-28 15:00:00,171.167,450.891,97.832,35.188,0.01407
M002,2025-05-28 16:00:00,170.85,438.981,95.941,34.996,0.01407
M002,2025-05-28 17:00:00,164.548,413.07,104.623,39.44,0.01407
M002,2025-05-28 18:00:00,167.259,416.71,91.928,36.05,0.01407
M002,2025-05-28 19:00:00,171.358,423.612,94.252,33.086,0.01407
M002,2025-05-28 20:00:00,161.627,413.525,89.614,33.255,0.01407
M002,2025-05-28 21:00:00,163.386,354.123,93.668,32.348,0.0062
M002,2025-05-28 22:00:00,149.139,395.222,92.318,35.63,0.0062
M002,2025-05-28 23:00:00,147.025,353.532,78.562,36.853,0.01407
M002,2025-05-29 00:00:00,161.207,381.304,91.524,41.178,0.01407
M002,2025-05-29 01:00:00,172.13,440.348,93.186,38.154,0.01407
M002,2025-05-29 02:00:00,182.546,387.399,95.077,37.089,0.01407
M002,2025-05-29 03:00:00,169.491,399.91,94.227,34.559,0.01407
M002,2025-05-29 04:00:00,169.054,420.16,86.867,44.935,0.01633
M002,2025-05-29 05:00:00,167.257,422.884,90.22,39.601,0.01493
M002,2025-05-29 06:00:00,174.758,408.246,98.172,42.01,0.01407
M002,2025-05-29 07:00:00,174.714,418.183,109.986,43.174,0.01407
M002,2025-05-29 08:00:00,173.213,449.762,105.555,37.644,0.01633
M002,2025-05-29 09:00:00,175.496,403.43,96.952,41.516,0.01493
M002,2025-05-29 10:00:00,170.403,408.222,105.349,42.445,0.01407
M002,2025-05-29 11:00:00,176.079,445.188,99.442,38.258,0.01407
M002,2025-05-29 12:00:00,171.462,416.715,95.677,32.611,0.01407
M002,2025-05-29 13:00:00,177.499,376.332,95.204,33.776,0.01407
M002,2025-05-29 14:00:00,175.52,427.991,99.865,33.996,0.0062
M002,2025-05-29 15:00:00,174.618,456.273,88.207,32.091,0.0062
M002,2025-05-29 16:00:00,165.715,483.401,91.696,31.454,0.0062
M002,2025-05-29 17:00:00,157.906,462.248,92.486,36.494,0.0062
M002,2025-05-29 18:00:00,153.051,425.06,89.946,34.524,0.0062
M002,2025-05-29 19:00:00,162.716,486.338,105.145,32.155,0.0062
M002,2025-05-29 20:00:00,152.403,512.485,88.532,35.554,0.01407
M002,2025-05-29 21:00:00,167.668,511.107,90.748,42.488,0.01407
M002,2025-05-29 22:00:00,166.507,460.291,93.915,37.037,0.0062
M002,2025-05-29 23:00:00,159.591,453.489,95.887,33.299,0.0062
M002,2025-05-30 00:00:00,165.754,410.952,107.135,41.135,0.0062
M002,2025-05-30 01:00:00,159.771,379.016,85.617,32.095,0.0062
M002,2025-05-30 02:00:00,163.987,403.75,86.595,33.751,0.0062
M002,2025-05-30 03:00:00,164.649,427.416,82.945,41.182,0.0062
M002,2025-05-30 04:00:00,173.981,450.849,76.502,39.966,0.0062
M002,2025-05-30 05:00:00,177.757,447.325,79.046,37.273,0.0062
M002,2025-05-30 06:00:00,180.257,520.045,88.528,38.219,0.0062
M002,2025-05-30 07:00:00,173.223,447.179,88.753,41.363,0.0062
M002,2025-05-30 08:00:00,179.426,491.788,106.428,37.692,0.0062
M002,2025-05-30 09:00:00,175.107,452.399,89.735,38.227,0.0062
M002,2025-05-30 10:00:00,173.658,480.429,94.394,36.678,0.0062
M002,2025-05-30 11:00:00,174.772,425.805,96.946,39.553,0.0062
M002,2025-05-30 12:00:00,174.41,513.229,97.065,40.623,0.0062
M002,2025-05-30 13:00:00,164.388,536.347,101.247,37.422,0.0062
M002,2025-05-30 14:00:00,170.445,433.189,96.781,37.819,0.0062
M002,2025-05-30 15:00:00,160.481,483.409,100.073,39.213,0.0062
M002,2025-05-30 16:00:00,167.026,470.343,96.154,44.28,0.0062
M002,2025-05-30 17:00:00,167.669,490.412,91.925,42.225,0.0062
M002,2025-05-30 18:00:00,168.938,467.566,85.985,37.902,0.0062
M002,2025-05-30 19:00:00,162.585,448.741,86.358,38.924,0.0062
M002,2025-05-30 20:00:00,171.499,389.445,95.587,47.276,0.0062
M002,2025-05-30 21:00:00,169.868,389.082,91.63,49.391,0.0062
M002,2025-05-30 22:00:00,174.958,406.067,98.802,51.043,0.01407
M002,2025-05-30 23:00:00,168.399,352.701,95.962,41.012,0.01407
M003,2025-05-24 00:00:00,183.095,362.401,97.347,42.132,0.0062
M003,2025-05-24 01:00:00,183.659,377.198,88.11,40.853,0.0062
M003,2025-05-24 02:00:00,189.837,409.619,93.746,43.612,0.0062
M003,2025-05-24 03:00:00,190.073,338.574,82.526,49.026,0.0062
M003,2025-05-24 04:00:00,194.202,386.093,89.872,51.983,0.0062
M003,2025-05-24 05:00:00,183.647,436.825,94.409,50.621,0.0062
M003,2025-05-24 06:00:00,187.725,451.73,103.168,46.374,0.0062
M003,2025-05-24 07:00:00,199.025,449.392,103.57,44.61,0.0062
M003,2025-05-24 08:00:00,197.497,445.944,107.878,43.189,0.0062
M003,2025-05-24 09:00:00,192.069,420.944,110.184,45.32,0.0062
M003,2025-05-24 10:00:00,192.79,351.458,99.863,43.994,0.0062
M003,2025-05-24 11:00:00,197.341,353.38,96.927,40.999,0.0062
M003,2025-05-24 12:00:00,195.915,382.749,78.187,45.57,0.0062
M003,2025-05-24 13:00:00,199.696,367.231,93.456,43.231,0.0062
M003,2025-05-24 14:00:00,185.533,411.422,108.58,38.901,0.0062
M003,2025-05-24 15:00:00,188.699,437.957,94.763,46.898,0.0062
M003,2025-05-24 16:00:00,190.347,363.005,96.482,50.805,0.0062
M003,2025-05-24 17:00:00,192.24,405.649,98.073,42.705,0.0062
M003,2025-05-24 18:00:00,190.708,480.467,92.43,43.349,0.0062
M003,2025-05-24 19:00:00,189.197,419.028,90.432,41.064,0.0062
M003,2025-05-24 20:00:00,191.313,437.844,102.369,47.763,0.0062
M003,2025-05-24 21:00:00,182.598,466.908,98.626,46.221,0.0062
M003,2025-05-24 22:00:00,181.584,396.467,102.398,48.193,0.0062
M003,2025-05-24 23:00:00,182.888,415.99,96.727,42.142,0.0062
M003,2025-05-25 00:00:00,187.428,451.091,92.42,45.29,0.0062
M003,2025-05-25 01:00:00,187.66,412.942,105.838,56.225,0.0062
M003,2025-05-25 02:00:00,183.627,432.751,95.472,58.334,0.0062
M003,2025-05-25 03:00:00,191.283,438.219,98.08,58.593,0.0062
M003,2025-05-25 04:00:00,192.005,465.646,101.664,59.816,0.0062
M003,2025-05-25 05:00:00,191.404,411.185,100.967,53.524,0.0062
M003,2025-05-25 06:00:00,193.259,436.053,121.918,53.037,0.0062
M003,2025-05-25 07:00:00,192.505,504.887,107.744,51.658,0.0062
M003,2025-05-25 08:00:00,198.783,405.413,106.453,48.065,0.0062
M003,2025-05-25 09:00:00,193.862,436.162,95.742,47.464,0.0062
M003,2025-05-25 10:00:00,185.575,503.95,99.104,53.4,0.0062
M003,2025-05-25 11:00:00,189.422,493.577,81.477,54.938,0.0062
M003,2025-05-25 12:00:00,192.453,491.749,80.872,51.174,0.0062
M003,2025-05-25 13:00:00,196.121,487.702,78.955,53.343,0.0062
M003,2025-05-25 14:00:00,196.923,428.415,92.474,59.671,0.0062
M003,2025-05-25 15:00:00,193.034,362.206,91.57,51.991,0.0062
M003,2025-05-25 16:00:00,201.049,345.712,104.548,49.077,0.0062
M003,2025-05-25 17:00:00,192.418,372.178,79.775,45.888,0.0062
M003,2025-05-25 18:00:00,186.83,406.103,88.689,53.39,0.0062
M003,2025-05-25 19:00:00,191.955,386.319,85.482,48.556,0.0062
M003,2025-05-25 20:00:00,186.419,437.486,88.894,46.832,0.0062
M003,2025-05-25 21:00:00,194.853,474.363,99.552,41.423,0.0062
M003,2025-05-25 22:00:00,186.938,430.746,101.785,42.513,0.0062
M003,2025-05-25 23:00:00,188.942,415.566,104.444,45.914,0.0062
M003,2025-05-26 00:00:00,190.055,318.247,96.532,43.419,0.0062
M003,2025-05-26 01:00:00,186.629,351.354,93.19,41.627,0.0062
M003,2025-05-26 02:00:00,176.367,382.213,99.43,40.604,0.0062
M003,2025-05-26 03:00:00,183.097,482.353,92.262,48.682,0.0062
M003,2025-05-26 04:00:00,187.102,431.888,94.414,54.173,0.0062
M003,2025-05-26 05:00:00,187.731,481.153,100.496,64.24,0.0062
M003,2025-05-26 06:00:00,185.144,489.842,103.176,51.635,0.0062
M003,2025-05-26 07:00:00,178.576,484.221,95.755,52.808,0.0062
M003,2025-05-26 08:00:00,178.549,491.959,97.339,44.226,0.0062
M003,2025-05-26 09:00:00,171.428,502.46,94.514,43.507,0.0062
M003,2025-05-26 10:00:00,189.114,473.065,90.82,42.284,0.0062
M003,2025-05-26 11:00:00,186.865,493.196,99.603,42.566,0.0062
M003,2025-05-26 12:00:00,195.294,380.858,100.341,37.227,0.0062
M003,2025-05-26 13:00:00,191.901,402.407,106.321,48.224,0.0062
M003,2025-05-26 14:00:00,200.084,418.321,118.96,49.762,0.0062
M003,2025-05-26 15:00:00,191.915,484.056,111.886,48.421,0.0062
M003,2025-05-26 16:00:00,186.255,485.783,119.313,46.943,0.0062
M003,2025-05-26 17:00:00,182.372,448.024,113.16,44.727,0.0062
M003,2025-05-26 18:00:00,185.559,414.956,105.677,51.699,0.0062
M003,2025-05-26 19:00:00,181.343,389.523,110.44,51.1,0.0062
M003,2025-05-26 20:00:00,175.547,444.423,107.259,47.342,0.0062
M003,2025-05-26 21:00:00,190.218,409.385,102.099,52.636,0.0062
M003,2025-05-26 22:00:00,198.002,413.576,108.933,55.061,0.0062
M003,2025-05-26 23:00:00,190.246,341.563,102.458,56.841,0.0062
M003,2025-05-27 00:00:00,195.369,336.95,103.627,51.775,0.0062
M003,2025-05-27 01:00:00,178.279,340.655,108.815,50.956,0.0062
M003,2025-05-27 02:00:00,183.91,439.032,100.353,49.013,0.0062
M003,2025-05-27 03:00:00,198.346,434.292,99.273,55.571,0.0062
M003,2025-05-27 04:00:00,206.984,398.767,96.231,58.425,0.0062
M003,2025-05-27 05:00:00,204.622,399.801,86.15,61.408,0.0062
M003,2025-05-27 06:00:00,205.49,509.858,89.859,57.75,0.0062
M003,2025-05-27 07:00:00,200.51,467.467,84.765,55.199,0.0062
M003,2025-05-27 08:00:00,205.457,491.653,77.977,55.031,0.0062
M003,2025-05-27 09:00:00,196.608,427.227,86.953,45.921,0.0062
M003,2025-05-27 10:00:00,178.946,410.73,87.944,50.416,0.0062
M003,2025-05-27 11:00:00,189.943,389.15,92.314,48.078,0.0062
M003,2025-05-27 12:00:00,190.491,377.821,94.613,49.435,0.0062
M003,2025-05-27 13:00:00,190.212,467.98,103.928,46.313,0.0062
M003,2025-05-27 14:00:00,193.768,427.651,113.208,47.989,0.0062
M003,2025-05-27 15:00:00,196.206,451.745,114.069,53.981,0.0062
M003,2025-05-27 16:00:00,185.086,400.414,110.324,53.224,0.0062
M003,2025-05-27 17:00:00,187.597,385.351,110.99,45.279,0.0062
M003,2025-05-27 18:00:00,183.988,387.292,93.784,44.414,0.0062
M003,2025-05-27 19:00:00,184.35,422.42,100.91,46.592,0.0062
M003,2025-05-27 20:00:00,193.487,419.625,104.001,48.864,0.0062
M003,2025-05-27 21:00:00,191.364,369.717,104.752,47.434,0.0062
M003,2025-05-27 22:00:00,186.776,360.804,98.455,45.416,0.0062
M003,2025-05-27 23:00:00,188.522,386.571,104.084,49.015,0.0062
M003,2025-05-28 00:00:00,187.988,361.005,112.307,48.075,0.0062
M003,2025-05-28 01:00:00,188.928,415.005,98.046,47.111,0.0062
M003,2025-05-28 02:00:00,194.435,365.321,100.99,49.328,0.0062
M003,2025-05-28 03:00:00,192.528,331.096,92.379,48.686,0.0062
M003,2025-05-28 04:00:00,188.701,377.405,80.585,45.791,0.0062
M003,2025-05-28 05:00:00,187.662,470.105,87.637,41.802,0.0062
M003,2025-05-28 06:00:00,181.926,535.526,94.636,47.279,0.0062
M003,2025-05-28 07:00:00,193.773,546.226,97.941,43.866,0.0062
M003,2025-05-28 08:00:00,196.006,468.861,98.01,48.811,0.0062
M003,2025-05-28 09:00:00,181.756,475.526,101.944,44.672,0.0062
M003,2025-05-28 10:00:00,184.073,369.106,107.332,47.407,0.0062
M003,2025-05-28 11:00:00,193.962,360.14,95.481,47.046,0.0062
M003,2025-05-28 12:00:00,181.994,488.277,86.689,43.025,0.0062
M003,2025-05-28 13:00:00,182.576,490.308,92.049,37.314,0.0062
M003,2025-05-28 14:00:00,196.459,473.838,103.061,43.256,0.0062
M003,2025-05-28 15:00:00,196.103,454.117,111.498,42.038,0.0062
M003,2025-05-28 16:00:00,198.311,456.5,101.356,46.583,0.0062
M003,2025-05-28 17:00:00,188.657,448.633,95.943,50.542,0.0062
M003,2025-05-28 18:00:00,198.747,370.498,109.631,54.468,0.0062
M003,2025-05-28 19:00:00,198.496,487.943,113.69,50.5,0.0062
M003,2025-05-28 20:00:00,203.48,463.372,110.317,50.892,0.0062
M003,2025-05-28 21:00:00,191.85,433.667,105.756,44.925,0.0062
M003,2025-05-28 22:00:00,187.487,399.599,104.574,48.322,0.0062
M003,2025-05-28 23:00:00,182.47,372.167,97.298,50.052,0.0062
M003,2025-05-29 00:00:00,187.586,394.207,120.945,51.519,0.0062
M003,2025-05-29 01:00:00,182.374,419.706,109.335,46.746,0.0062
M003,2025-05-29 02:00:00,185.7,370.998,98.559,50.002,0.0062
M003,2025-05-29 03:00:00,196.621,388.115,98.422,43.584,0.0062
M003,2025-05-29 04:00:00,198.976,353.061,107.213,47.801,0.0062
M003,2025-05-29 05:00:00,191.262,460.087,102.936,49.775,0.0062
M003,2025-05-29 06:00:00,193.738,496.566,89.232,53.719,0.0062
M003,2025-05-29 07:00:00,186.022,443.415,101.364,48.148,0.0062
M003,2025-05-29 08:00:00,192.405,439.027,99.294,53.498,0.0062
M003,2025-05-29 09:00:00,183.935,445.357,107.003,44.346,0.0062
M003,2025-05-29 10:00:00,190.687,391.16,99.483,49.349,0.0062
M003,2025-05-29 11:00:00,196.442,459.225,102.466,51.786,0.0062
M003,2025-05-29 12:00:00,185.49,463.752,112.72,50.781,0.0062
M003,2025-05-29 13:00:00,193.105,400.55,113.64,55.935,0.0062
M003,2025-05-29 14:00:00,200.11,388.566,117.938,54.91,0.0062
M003,2025-05-29 15:00:00,205.715,394.658,109.687,43.603,0.0062
M003,2025-05-29 16:00:00,208.343,373.349,110.462,48.324,0.0062
M003,2025-05-29 17:00:00,205.273,348.911,108.136,51.294,0.0062
M003,2025-05-29 18:00:00,203.576,340.057,100.768,50.58,0.0062
M003,2025-05-29 19:00:00,194.292,311.529,109.571,49.405,0.0062
M003,2025-05-29 20:00:00,204.57,403.261,108.72,46.47,0.0062
M003,2025-05-29 21:00:00,199.583,414.407,94.259,49.741,0.0062
M003,2025-05-29 22:00:00,202.208,340.922,87.657,49.717,0.0062
M003,2025-05-29 23:00:00,201.561,336.547,101.304,45.411,0.0062
M003,2025-05-30 00:00:00,197.342,368.69,104.199,47.498,0.0062
M003,2025-05-30 01:00:00,187.734,402.111,98.265,48.069,0.0062
M003,2025-05-30 02:00:00,192.97,450.526,105.516,42.471,0.0062
M003,2025-05-30 03:00:00,193.032,448.508,100.469,43.234,0.0062
M003,2025-05-30 04:00:00,186.175,492.907,98.749,42.656,0.0062
M003,2025-05-30 05:00:00,197.765,497.54,103.687,42.941,0.0062
M003,2025-05-30 06:00:00,197.33,481.438,108.851,46.161,0.0062
M003,2025-05-30 07:00:00,191.962,445.391,121.423,37.984,0.0062
M003,2025-05-30 08:00:00,188.26,526.904,125.579,47.065,0.0062
M003,2025-05-30 09:00:00,197.607,507.585,118.453,46.906,0.0062
M003,2025-05-30 10:00:00,192.434,473.552,106.756,47.955,0.0062
M003,2025-05-30 11:00:00,189.497,462.268,108.233,41.548,0.0062
M003,2025-05-30 12:00:00,177.97,465.733,106.637,43.063,0.0062
M003,2025-05-30 13:00:00,181.655,480.029,119.169,41.998,0.0062
M003,2025-05-30 14:00:00,181.544,464.406,119.579,47.572,0.0062
M003,2025-05-30 15:00:00,191.133,374.88,107.924,49.413,0.0062
M003,2025-05-30 16:00:00,199.46,412.288,98.194,47.121,0.0062
M003,2025-05-30 17:00:00,202.858,360.387,107.644,43.833,0.0062
M003,2025-05-30 18:00:00,188.535,412.3,116.068,46.701,0.0062
M003,2025-05-30 19:00:00,191.509,456.566,111.184,44.926,0.0062
M003,2025-05-30 20:00:00,200.389,458.325,98.323,42.157,0.0062
M003,2025-05-30 21:00:00,195.164,449.141,96.208,49.62,0.0062
M003,2025-05-30 22:00:00,192.379,415.06,98.742,49.719,0.0062
M003,2025-05-30 23:00:00,191.505,380.878,94.91,54.215,0.0062
M004,2025-05-24 00:00:00,190.625,441.191,120.79,46.43,0.01407
M004,2025-05-24 01:00:00,195.453,487.479,125.137,45.092,0.01407
M004,2025-05-24 02:00:00,193.491,447.552,119.557,44.343,0.01407
M004,2025-05-24 03:00:00,185.127,403.623,113.405,42.908,0.01407
M004,2025-05-24 04:00:00,189.135,415.558,108.75,39.153,0.01407
M004,2025-05-24 05:00:00,181.724,374.778,106.617,42.85,0.01407
M004,2025-05-24 06:00:00,190.349,392.672,101.227,30.864,0.0062
M004,2025-05-24 07:00:00,185.63,408.189,101.045,34.688,0.0062
M004,2025-05-24 08:00:00,184.623,392.272,109.764,41.42,0.0062
M004,2025-05-24 09:00:00,180.667,389.85,120.448,43.635,0.0062
M004,2025-05-24 10:00:00,203.285,451.627,130.577,46.858,0.0062
M004,2025-05-24 11:00:00,183.609,431.968,119.621,57.489,0.01407
M004,2025-05-24 12:00:00,183.607,508.652,124.065,52.09,0.01407
M004,2025-05-24 13:00:00,184.366,497.009,116.444,51.631,0.01633
M004,2025-05-24 14:00:00,181.982,436.787,103.685,55.207,0.01407
M004,2025-05-24 15:00:00,188.277,444.441,83.047,51.23,0.0062
M004,2025-05-24 16:00:00,171.386,539.639,81.596,48.981,0.0062
M004,2025-05-24 17:00:00,171.019,501.055,98.48,47.232,0.0062
M004,2025-05-24 18:00:00,176.351,500.04,114.56,40.418,0.0062
M004,2025-05-24 19:00:00,193.948,530.799,134.804,43.942,0.0062
M004,2025-05-24 20:00:00,198.619,464.725,139.861,39.018,0.0062
M004,2025-05-24 21:00:00,195.257,461.16,120.302,40.978,0.0062
M004,2025-05-24 22:00:00,189.031,420.872,111.268,46.28,0.0062
M004,2025-05-24 23:00:00,187.989,406.249,124.479,46.826,0.0062
M004,2025-05-25 00:00:00,197.432,411.115,117.482,39.004,0.0062
M004,2025-05-25 01:00:00,195.022,380.71,99.395,41.304,0.0062
M004,2025-05-25 02:00:00,186.873,390.763,95.48,39.956,0.0062
M004,2025-05-25 03:00:00,175.742,434.927,110.418,36.445,0.0062
M004,2025-05-25 04:00:00,187.68,448.55,104.764,41.195,0.0062
M004,2025-05-25 05:00:00,183.753,391.972,103.793,52.271,0.0062
M004,2025-05-25 06:00:00,183.454,404.735,111.674,51.224,0.0062
M004,2025-05-25 07:00:00,189.819,466.376,101.32,54.021,0.0062
M004,2025-05-25 08:00:00,192.447,467.504,96.047,51.854,0.0062
M004,2025-05-25 09:00:00,186.12,441.986,114.836,50.918,0.0062
M004,2025-05-25 10:00:00,187.897,429.633,135.838,57.316,0.0062
M004,2025-05-25 11:00:00,192.511,417.144,123.905,57.148,0.01407
M004,2025-05-25 12:00:00,177.969,378.379,120.556,52.272,0.01407
M004,2025-05-25 13:00:00,178.808,411.19,113.41,51.785,0.01407
M004,2025-05-25 14:00:00,180.913,391.246,114.152,52.139,0.01407
M004,2025-05-25 15:00:00,171.479,396.49,113.275,49.151,0.0062
M004,2025-05-25 16:00:00,172.029,384.642,103.195,47.817,0.01407
M004,2025-05-25 17:00:00,184.618,426.359,117.644,55.451,0.01407
M004,2025-05-25 18:00:00,185.778,385.944,111.221,56.621,0.01407
M004,2025-05-25 19:00:00,177.46,428.246,114.474,51.56,0.01407
M004,2025-05-25 20:00:00,182.916,418.008,106.425,53.893,0.0062
M004,2025-05-25 21:00:00,188.228,385.971,120.908,48.206,0.0062
M004,2025-05-25 22:00:00,183.041,339.923,112.593,51.443,0.01407
M004,2025-05-25 23:00:00,173.66,412.655,113.085,52.481,0.01407
M004,2025-05-26 00:00:00,175.895,391.231,108.526,46.483,0.0062
M004,2025-05-26 01:00:00,174.873,368.718,121.011,52.369,0.0062
M004,2025-05-26 02:00:00,176.906,398.654,125.782,56.069,0.01407
M004,2025-05-26 03:00:00,170.908,417.838,115.744,58.102,0.01407
M004,2025-05-26 04:00:00,177.621,437.084,94.11,58.938,0.0062
M004,2025-05-26 05:00:00,183.198,378.962,84.14,53.501,0.0062
M004,2025-05-26 06:00:00,190.599,420.31,88.557,53.257,0.0062
M004,2025-05-26 07:00:00,178.121,441.643,89.835,54.18,0.0062
M004,2025-05-26 08:00:00,185.345,472.466,111.686,54.527,0.0062
M004,2025-05-26 09:00:00,182.888,404.127,134.577,53.53,0.0062
M004,2025-05-26 10:00:00,190.907,443.959,134.011,52.536,0.0062
M004,2025-05-26 11:00:00,183.003,468.114,131.876,55.047,0.0062
M004,2025-05-26 12:00:00,179.237,461.078,127.372,52.93,0.0062
M004,2025-05-26 13:00:00,179.705,474.703,121.23,44.048,0.0062
M004,2025-05-26 14:00:00,170.388,420.667,123.877,48.93,0.0062
M004,2025-05-26 15:00:00,170.827,427.618,123.041,49.766,0.0062
M004,2025-05-26 16:00:00,177.259,406.086,115.914,43.449,0.0062
M004,2025-05-26 17:00:00,180.767,437.058,118.546,43.156,0.0062
M004,2025-05-26 18:00:00,186.561,454.168,116.963,41.256,0.0062
M004,2025-05-26 19:00:00,192.062,419.371,112.558,38.096,0.0062
M004,2025-05-26 20:00:00,172.61,396.844,109.903,48.544,0.0062
M004,2025-05-26 21:00:00,178.508,412.57,108.596,52.23,0.0062
M004,2025-05-26 22:00:00,180.933,419.685,107.814,45.849,0.0062
M004,2025-05-26 23:00:00,173.501,478.503,106.773,50.862,0.0062
M004,2025-05-27 00:00:00,174.886,527.857,120.948,51.377,0.0062
M004,2025-05-27 01:00:00,174.72,537.93,131.302,53.81,0.0062
M004,2025-05-27 02:00:00,191.541,469.07,118.063,51.585,0.0062
M004,2025-05-27 03:00:00,186.425,421.109,115.737,52.097,0.02703
M004,2025-05-27 04:00:00,184.96,463.485,102.975,52.607,0.02703
M004,2025-05-27 05:00:00,192.361,462.529,101.404,48.423,0.01653
M004,2025-05-27 06:00:00,186.559,429.497,118.101,42.998,0.01653
M004,2025-05-27 07:00:00,191.667,452.669,108.96,47.077,0.01633
M004,2025-05-27 08:00:00,178.67,415.529,103.294,46.133,0.01653
M004,2025-05-27 09:00:00,188.024,394.133,100.176,44.404,0.02703
M004,2025-05-27 10:00:00,181.282,523.13,101.534,44.185,0.02703
M004,2025-05-27 11:00:00,180.549,444.655,109.177,49.493,0.02703
M004,2025-05-27 12:00:00,171.493,454.043,110.286,47.622,0.01407
M004,2025-05-27 13:00:00,158.756,396.926,122.716,53.659,0.01633
M004,2025-05-27 14:00:00,170.981,428.391,121.393,46.372,0.01407
M004,2025-05-27 15:00:00,175.706,434.388,118.019,49.417,0.01407
M004,2025-05-27 16:00:00,168.683,423.132,123.839,52.367,0.01633
M004,2025-05-27 17:00:00,175.397,418.392,121.282,40.922,0.01633
M004,2025-05-27 18:00:00,182.719,368.464,109.175,40.768,0.01653
M004,2025-05-27 19:00:00,181.232,356.394,105.991,35.57,0.02703
M004,2025-05-27 20:00:00,179.879,444.717,118.279,40.236,0.02703
M004,2025-05-27 21:00:00,179.427,410.346,118.2,46.117,0.02703
M004,2025-05-27 22:00:00,184.555,430.85,116.731,47.12,0.01407
M004,2025-05-27 23:00:00,187.45,413.264,113.922,47.71,0.01653
M004,2025-05-28 00:00:00,183.274,459.747,112.642,40.152,0.01653
M004,2025-05-28 01:00:00,174.147,437.53,118.464,44.359,0.01633
M004,2025-05-28 02:00:00,167.933,422.843,113.519,46.397,0.01407
M004,2025-05-28 03:00:00,166.338,499.588,94.287,47.725,0.01633
M004,2025-05-28 04:00:00,179.912,384.108,89.21,48.567,0.01407
M004,2025-05-28 05:00:00,183.169,395.037,88.599,51.212,0.01407
M004,2025-05-28 06:00:00,184.693,441.993,105.677,45.335,0.01633
M004,2025-05-28 07:00:00,189.175,472.587,114.047,49.937,0.01653
M004,2025-05-28 08:00:00,191.946,543.98,112.525,44.874,0.01653
M004,2025-05-28 09:00:00,188.869,456.475,105.786,49.329,0.08333
M004,2025-05-28 10:00:00,185.746,455.037,109.781,57.007,0.08333
M004,2025-05-28 11:00:00,167.527,439.62,111.993,50.058,0.08333
M004,2025-05-28 12:00:00,170.714,421.092,127.407,49.035,0.14286
M004,2025-05-28 13:00:00,168.737,469.473,128.703,49.017,0.14286
M004,2025-05-28 14:00:00,183.752,504.869,116.279,48.188,0.08333
M004,2025-05-28 15:00:00,182.679,503.257,118.491,47.192,0.02703
M004,2025-05-28 16:00:00,170.811,452.047,108.592,44.069,0.02703
M004,2025-05-28 17:00:00,175.444,474.481,94.567,48.242,0.01653
M004,2025-05-28 18:00:00,180.723,461.153,98.097,51.936,0.01653
M004,2025-05-28 19:00:00,175.371,473.262,95.566,50.299,0.0062
M004,2025-05-28 20:00:00,189.373,479.717,94.664,46.628,0.0062
M004,2025-05-28 21:00:00,195.956,509.429,95.309,43.86,0.0062
M004,2025-05-28 22:00:00,184.412,467.081,100.936,39.853,0.0062
M004,2025-05-28 23:00:00,180.39,408.239,98.344,40.967,0.0062
M004,2025-05-29 00:00:00,178.96,435.684,99.718,36.441,0.0062
M004,2025-05-29 01:00:00,176.596,474.511,97.717,32.12,0.0062
M004,2025-05-29 02:00:00,181.509,507.738,102.182,36.381,0.0062
M004,2025-05-29 03:00:00,183.913,480.923,87.725,41.663,0.01633
M004,2025-05-29 04:00:00,184.44,419.451,95.528,41.295,0.01633
M004,2025-05-29 05:00:00,187.42,366.368,102.9,39.198,0.01653
M004,2025-05-29 06:00:00,176.178,402.214,109.816,44.924,0.02703
M004,2025-05-29 07:00:00,176.882,432.826,105.635,44.118,0.08333
M004,2025-05-29 08:00:00,175.757,417.892,118.958,48.619,0.08333
M004,2025-05-29 09:00:00,165.417,399.816,110.473,49.897,0.02703
M004,2025-05-29 10:00:00,181.147,448.725,109.66,46.097,0.02703
M004,2025-05-29 11:00:00,192.318,397.124,100.731,46.806,0.01653
M004,2025-05-29 12:00:00,191.193,455.443,95.205,49.055,0.02703
M004,2025-05-29 13:00:00,189.946,530.196,86.882,47.49,0.01407
M004,2025-05-29 14:00:00,183.023,520.242,87.074,50.752,0.01407
M004,2025-05-29 15:00:00,185.699,446.632,84.258,56.802,0.0062
M004,2025-05-29 16:00:00,190.632,487.81,86.32,47.561,0.0062
M004,2025-05-29 17:00:00,186.88,448.861,103.773,46.136,0.0062
M004,2025-05-29 18:00:00,184.677,431.958,110.222,44.184,0.0062
M004,2025-05-29 19:00:00,197.394,446.145,107.477,51.044,0.0062
M004,2025-05-29 20:00:00,199.129,432.315,120.276,54.103,0.0062
M004,2025-05-29 21:00:00,191.904,425.135,114.733,51.505,0.01407
M004,2025-05-29 22:00:00,188.569,312.023,111.753,51.37,0.01493
M004,2025-05-29 23:00:00,185.29,361.331,115.94,51.069,0.01407
M004,2025-05-30 00:00:00,180.004,437.798,108.893,49.533,0.01407
M004,2025-05-30 01:00:00,182.619,422.032,92.563,52.478,0.0062
M004,2025-05-30 02:00:00,182.174,397.919,111.408,46.603,0.0062
M004,2025-05-30 03:00:00,170.362,347.512,106.714,46.41,0.0062
M004,2025-05-30 04:00:00,178.994,385.15,105.592,45.377,0.0062
M004,2025-05-30 05:00:00,176.131,392.722,112.538,48.816,0.0062
M004,2025-05-30 06:00:00,177.967,403.68,135.64,51.863,0.0062
M004,2025-05-30 07:00:00,177.402,416.243,121.506,48.47,0.0062
M004,2025-05-30 08:00:00,187.561,426.217,120.123,46.478,0.0062
M004,2025-05-30 09:00:00,183.876,409.929,112.864,44.328,0.0062
M004,2025-05-30 10:00:00,187.414,416.026,107.374,44.091,0.0062
M004,2025-05-30 11:00:00,178.509,433.134,105.123,42.781,0.0062
M004,2025-05-30 12:00:00,177.449,380.767,112.423,41.305,0.0062
M004,2025-05-30 13:00:00,187.376,460.628,119.104,46.152,0.0062
M004,2025-05-30 14:00:00,185.504,412.297,118.386,45.892,0.0062
M004,2025-05-30 15:00:00,185.198,434.943,127.559,51.429,0.01407
M004,2025-05-30 16:00:00,173.721,441.627,122.634,57.076,0.01407
M004,2025-05-30 17:00:00,177.568,411.751,102.444,53.163,0.01493
M004,2025-05-30 18:00:00,182.244,421.941,110.861,52.501,0.01407
M004,2025-05-30 19:00:00,186.785,473.177,120.641,52.703,0.01407
M004,2025-05-30 20:00:00,173.266,514.264,112.02,45.211,0.01407
M004,2025-05-30 21:00:00,177.8,490.726,98.656,41.683,0.0062
M004,2025-05-30 22:00:00,182.776,482.824,113.907,49.39,0.0062
M004,2025-05-30 23:00:00,185.397,409.744,134.02,40.468,0.0062
M005,2025-05-24 00:00:00,170.955,489.011,94.439,46.807,0.01407
M005,2025-05-24 01:00:00,158.747,368.412,108.149,42.492,0.0062
M005,2025-05-24 02:00:00,178.222,474.558,99.073,42.105,0.01407
M005,2025-05-24 03:00:00,175.465,435.575,103.282,44.727,0.01407
M005,2025-05-24 04:00:00,180.064,447.923,98.237,48.303,0.01407
M005,2025-05-24 05:00:00,178.635,503.496,92.819,42.963,0.01407
M005,2025-05-24 06:00:00,167.837,512.254,79.955,38.785,0.0062
M005,2025-05-24 07:00:00,173.995,467.199,83.535,48.186,0.0062
M005,2025-05-24 08:00:00,169.189,442.699,100.07,50.471,0.01407
M005,2025-05-24 09:00:00,158.561,429.817,90.59,51.255,0.0062
M005,2025-05-24 10:00:00,166.231,495.542,88.122,49.281,0.01407
M005,2025-05-24 11:00:00,167.252,470.186,91.034,48.079,0.01407
M005,2025-05-24 12:00:00,165.878,399.995,93.079,48.987,0.01407
M005,2025-05-24 13:00:00,166.549,443.232,98.062,46.611,0.01407
M005,2025-05-24 14:00:00,169.135,480.943,88.419,44.414,0.01407
M005,2025-05-24 15:00:00,178.824,419.259,101.149,47.3,0.01407
M005,2025-05-24 16:00:00,168.847,443.482,100.524,41.119,0.0062
M005,2025-05-24 17:00:00,180.604,493.663,105.059,47.552,0.01407
M005,2025-05-24 18:00:00,179.385,491.16,105.83,46.076,0.01407
M005,2025-05-24 19:00:00,177.496,466.13,97.91,46.754,0.0062
M005,2025-05-24 20:00:00,169.788,503.676,107.557,46.723,0.0062
M005,2025-05-24 21:00:00,183.818,477.021,101.681,49.081,0.0062
M005,2025-05-24 22:00:00,180.138,433.77,114.314,45.362,0.01407
M005,2025-05-24 23:00:00,179.773,439.586,90.741,38.972,0.0062
M005,2025-05-25 00:00:00,181.238,357.346,92.777,41.013,0.0062
M005,2025-05-25 01:00:00,172.327,379.376,89.383,38.4,0.0062
M005,2025-05-25 02:00:00,174.39,397.598,90.833,37.508,0.01407
M005,2025-05-25 03:00:00,165.825,443.877,90.648,37.612,0.0062
M005,2025-05-25 04:00:00,160.51,397.751,84.742,32.687,0.0062
M005,2025-05-25 05:00:00,173.681,503.968,97.421,32.708,0.0062
M005,2025-05-25 06:00:00,162.054,477.815,93.866,39.052,0.0062
M005,2025-05-25 07:00:00,165.73,496.528,88.519,38.673,0.0062
M005,2025-05-25 08:00:00,167.189,450.417,81.071,38.655,0.0062
M005,2025-05-25 09:00:00,185.384,393.702,93.06,39.21,0.0062
M005,2025-05-25 10:00:00,180.034,406.75,89.417,42.93,0.01407
M005,2025-05-25 11:00:00,184.05,409.562,98.825,46.525,0.01407
M005,2025-05-25 12:00:00,180.41,408.299,96.144,46.361,0.01407
M005,2025-05-25 13:00:00,182.266,410.985,92.229,48.118,0.01407
M005,2025-05-25 14:00:00,188.033,431.069,88.662,48.767,0.01407
M005,2025-05-25 15:00:00,182.645,424.739,100.262,42.275,0.01407
M005,2025-05-25 16:00:00,180.232,407.286,104.777,47.848,0.01407
M005,2025-05-25 17:00:00,168.988,458.373,106.44,49.026,0.01407
M005,2025-05-25 18:00:00,157.179,385.371,104.791,41.77,0.01407
M005,2025-05-25 19:00:00,156.616,425.604,93.155,37.997,0.0062
M005,2025-05-25 20:00:00,158.359,501.351,103.614,34.031,0.0062
M005,2025-05-25 21:00:00,171.817,436.652,107.85,37.011,0.0062
M005,2025-05-25 22:00:00,174.456,459.93,108.72,36.582,0.0062
M005,2025-05-25 23:00:00,169.725,466.183,117.603,34.866,0.0062
M005,2025-05-26 00:00:00,172.132,496.164,106.76,41.141,0.0062
M005,2025-05-26 01:00:00,170.16,527.187,100.997,43.98,0.0062
M005,2025-05-26 02:00:00,168.423,470.1,111.095,44.703,0.0062
M005,2025-05-26 03:00:00,180.046,381.677,115.64,43.095,0.01407
M005,2025-05-26 04:00:00,185.651,414.826,103.907,42.366,0.01407
M005,2025-05-26 05:00:00,181.426,456.603,110.107,39.85,0.01407
M005,2025-05-26 06:00:00,185.633,501.987,117.98,44.908,0.0062
M005,2025-05-26 07:00:00,186.635,554.961,103.588,51.266,0.0062
M005,2025-05-26 08:00:00,188.589,471.71,112.761,47.318,0.0062
M005,2025-05-26 09:00:00,184.264,438.058,118.046,47.781,0.0062
M005,2025-05-26 10:00:00,171.162,416.421,114.734,52.825,0.0062
M005,2025-05-26 11:00:00,171.68,374.196,114.736,47.921,0.0062
M005,2025-05-26 12:00:00,161.364,375.539,107.496,41.73,0.0062
M005,2025-05-26 13:00:00,165.686,348.203,107.325,42.552,0.01407
M005,2025-05-26 14:00:00,159.644,370.717,99.611,47.387,0.0062
M005,2025-05-26 15:00:00,171.37,355.567,99.438,38.398,0.01407
M005,2025-05-26 16:00:00,164.641,403.803,87.036,35.161,0.01407
M005,2025-05-26 17:00:00,160.355,428.784,96.546,40.647,0.0062
M005,2025-05-26 18:00:00,166.712,421.484,105.624,35.786,0.0062
M005,2025-05-26 19:00:00,174.052,391.853,101.133,38.431,0.01407
M005,2025-05-26 20:00:00,167.59,428.64,110.24,43.518,0.01407
M005,2025-05-26 21:00:00,163.596,416.609,94.164,44.554,0.01407
M005,2025-05-26 22:00:00,168.207,427.375,105.213,46.523,0.01407
M005,2025-05-26 23:00:00,160.783,411.532,106.371,38.97,0.01407
M005,2025-05-27 00:00:00,167.491,417.988,106.007,46.73,0.01407
M005,2025-05-27 01:00:00,168.854,459.613,131.06,39.919,0.01407
M005,2025-05-27 02:00:00,173.978,483.633,115.186,40.268,0.01407
M005,2025-05-27 03:00:00,177.454,432.889,115.05,49.471,0.01633
M005,2025-05-27 04:00:00,180.503,433.958,103.427,43.805,0.01633
M005,2025-05-27 05:00:00,176.579,370.326,102.773,40.599,0.01633
M005,2025-05-27 06:00:00,181.519,440.429,115.872,42.288,0.01633
M005,2025-05-27 07:00:00,172.753,462.65,119.379,49.449,0.01633
M005,2025-05-27 08:00:00,177.897,460.375,102.797,46.717,0.01633
M005,2025-05-27 09:00:00,172.331,501.693,88.909,54.277,0.01633
M005,2025-05-27 10:00:00,176.08,479.145,85.788,52.83,0.01493
M005,2025-05-27 11:00:00,173.124,511.932,94.35,50.485,0.01633
M005,2025-05-27 12:00:00,177.661,496.72,100.513,48.02,0.01407
M005,2025-05-27 13:00:00,182.884,506.843,93.202,44.515,0.01407
M005,2025-05-27 14:00:00,178.259,488.523,98.818,48.695,0.01407
M005,2025-05-27 15:00:00,189.198,502.761,100.444,46.508,0.01407
M005,2025-05-27 16:00:00,178.837,460.35,88.232,46.399,0.01407
M005,2025-05-27 17:00:00,178.383,495.23,101.928,53.293,0.01407
M005,2025-05-27 18:00:00,174.881,491.123,101.476,52.201,0.01407
M005,2025-05-27 19:00:00,174.974,459.192,107.758,49.983,0.01407
M005,2025-05-27 20:00:00,168.488,411.072,110.575,37.904,0.0062
M005,2025-05-27 21:00:00,178.795,443.483,110.352,39.109,0.0062
M005,2025-05-27 22:00:00,181.448,477.051,108.801,41.656,0.0062
M005,2025-05-27 23:00:00,178.407,434.388,92.511,44.671,0.0062
M005,2025-05-28 00:00:00,180.65,529.412,99.117,40.492,0.0062
M005,2025-05-28 01:00:00,182.583,440.108,114.495,41.734,0.0062
M005,2025-05-28 02:00:00,182.326,389.428,103.982,45.738,0.0062
M005,2025-05-28 03:00:00,169.524,436.49,97.052,50.678,0.0062
M005,2025-05-28 04:00:00,163.714,420.997,96.352,44.086,0.0062
M005,2025-05-28 05:00:00,173.009,411.17,96.313,45.808,0.0062
M005,2025-05-28 06:00:00,177.774,385.05,104.846,47.416,0.0062
M005,2025-05-28 07:00:00,181.517,378.065,108.622,42.11,0.0062
M005,2025-05-28 08:00:00,174.717,320.792,110.34,52.06,0.01407
M005,2025-05-28 09:00:00,185.131,375.499,119.196,49.509,0.01407
M005,2025-05-28 10:00:00,178.545,453.388,116.556,48.296,0.01407
M005,2025-05-28 11:00:00,186.164,491.274,126.749,50.536,0.0062
M005,2025-05-28 12:00:00,174.101,480.034,119.825,48.747,0.0062
M005,2025-05-28 13:00:00,173.284,459.835,115.756,56.789,0.0062
M005,2025-05-28 14:00:00,182.288,441.72,110.352,53.644,0.0062
M005,2025-05-28 15:00:00,184.414,372.427,112.132,48.718,0.0062
M005,2025-05-28 16:00:00,172.592,403.579,104.608,43.958,0.01407
M005,2025-05-28 17:00:00,173.354,465.509,102.373,49.037,0.0062
M005,2025-05-28 18:00:00,162.18,457.083,113.777,44.867,0.01407
M005,2025-05-28 19:00:00,168.22,433.833,126.011,40.425,0.02703
M005,2025-05-28 20:00:00,173.52,420.589,117.492,41.626,0.02703
M005,2025-05-28 21:00:00,179.826,384.134,116.359,43.866,0.02703
M005,2025-05-28 22:00:00,185.74,457.707,110.077,43.077,0.01653
M005,2025-05-28 23:00:00,182.511,474.642,117.981,48.7,0.01653
M005,2025-05-29 00:00:00,184.502,464.668,115.136,48.581,0.01493
M005,2025-05-29 01:00:00,192.743,468.674,111.698,42.283,0.01407
M005,2025-05-29 02:00:00,180.764,379.988,107.685,41.849,0.01407
M005,2025-05-29 03:00:00,174.583,387.233,101.177,44.279,0.01407
M005,2025-05-29 04:00:00,163.151,365.492,93.711,47.478,0.01633
M005,2025-05-29 05:00:00,161.188,447.91,92.159,43.81,0.01407
M005,2025-05-29 06:00:00,162.399,450.059,98.388,37.284,0.01407
M005,2025-05-29 07:00:00,168.589,466.528,92.953,40.261,0.0062
M005,2025-05-29 08:00:00,177.746,427.76,86.152,40.845,0.0062
M005,2025-05-29 09:00:00,179.971,418.105,91.343,41.679,0.0062
M005,2025-05-29 10:00:00,180.213,419.065,91.901,43.298,0.0062
M005,2025-05-29 11:00:00,173.676,360.89,89.889,40.054,0.0062
M005,2025-05-29 12:00:00,182.592,431.362,99.054,33.582,0.0062
M005,2025-05-29 13:00:00,172.793,411.907,96.496,38.361,0.0062
M005,2025-05-29 14:00:00,169.783,358.601,109.175,42.714,0.0062
M005,2025-05-29 15:00:00,167.929,387.691,125.154,43.174,0.0062
M005,2025-05-29 16:00:00,166.334,473.446,134.464,51.149,0.0062
M005,2025-05-29 17:00:00,168.106,436.09,109.21,52.996,0.0062
M005,2025-05-29 18:00:00,177.394,429.364,96.837,49.784,0.0062
M005,2025-05-29 19:00:00,169.141,432.108,97.751,49.602,0.0062
M005,2025-05-29 20:00:00,178.56,494.009,105.85,49.004,0.01407
M005,2025-05-29 21:00:00,170.095,471.681,98.22,47.38,0.01407
M005,2025-05-29 22:00:00,175.96,505.019,104.423,47.62,0.01407
M005,2025-05-29 23:00:00,165.994,423.817,105.664,43.257,0.0062
M005,2025-05-30 00:00:00,170.273,454.372,104.847,55.538,0.01407
M005,2025-05-30 01:00:00,171.95,457.085,105.593,48.576,0.01407
M005,2025-05-30 02:00:00,171.422,405.257,104.456,54.827,0.01407
M005,2025-05-30 03:00:00,174.553,405.286,105.998,51.757,0.01407
M005,2025-05-30 04:00:00,185.491,414.789,111.273,48.854,0.01407
M005,2025-05-30 05:00:00,178.79,387.688,100.602,49.842,0.01407
M005,2025-05-30 06:00:00,179.479,428.59,90.547,51.081,0.01407
M005,2025-05-30 07:00:00,178.709,422.251,97.592,48.793,0.0062
M005,2025-05-30 08:00:00,167.481,366.871,106.318,49.429,0.01407
M005,2025-05-30 09:00:00,160.449,369.73,98.801,46.405,0.01407
M005,2025-05-30 10:00:00,159.652,433.678,99.235,42.406,0.01407
M005,2025-05-30 11:00:00,159.708,542.25,92.212,46.695,0.0062
M005,2025-05-30 12:00:00,164.652,540.174,106.259,55.948,0.0062
M005,2025-05-30 13:00:00,156.282,514.993,98.219,52.975,0.0062
M005,2025-05-30 14:00:00,168.914,527.881,103.232,51.84,0.0062
M005,2025-05-30 15:00:00,160.547,515.662,100.517,55.07,0.0062
M005,2025-05-30 16:00:00,159.407,381.64,117.939,49.77,0.0062
M005,2025-05-30 17:00:00,170.636,328.706,109.147,50.04,0.0062
M005,2025-05-30 18:00:00,172.475,424.886,112.829,47.242,0.0062
M005,2025-05-30 19:00:00,171.523,463.32,114.76,49.2,0.0062
M005,2025-05-30 20:00:00,177.507,467.423,114.862,45.242,0.0062
M005,2025-05-30 21:00:00,178.378,574.497,116.764,49.735,0.0062
M005,2025-05-30 22:00:00,170.76,541.273,113.066,47.968,0.0062
M005,2025-05-30 23:00:00,168.133,514.749,106.671,39.343,0.0062
M006,2025-05-24 00:00:00,177.861,426.079,93.414,46.364,0.0062
M006,2025-05-24 01:00:00,167.666,481.553,97.585,49.541,0.0062
M006,2025-05-24 02:00:00,182.665,519.725,108.428,50.679,0.0062
M006,2025-05-24 03:00:00,180.55,450.242,115.895,54.141,0.0062
M006,2025-05-24 04:00:00,182.676,461.39,115.395,56.377,0.0062
M006,2025-05-24 05:00:00,179.063,442.838,110.119,53.037,0.0062
M006,2025-05-24 06:00:00,176.193,345.336,104.081,51.97,0.0062
M006,2025-05-24 07:00:00,193.827,386.434,104.065,53.45,0.0062
M006,2025-05-24 08:00:00,199.564,429.149,113.37,51.758,0.0062
M006,2025-05-24 09:00:00,180.924,475.989,110.392,48.464,0.0062
M006,2025-05-24 10:00:00,185.055,444.565,109.924,61.089,0.0062
M006,2025-05-24 11:00:00,182.411,424.069,107.1,58.702,0.0062
M006,2025-05-24 12:00:00,186.007,380.628,94.212,50.527,0.0062
M006,2025-05-24 13:00:00,183.625,393.963,102.548,51.682,0.0062
M006,2025-05-24 14:00:00,180.424,359.093,108.318,53.739,0.0062
M006,2025-05-24 15:00:00,178.168,384.933,117.843,54.749,0.0062
M006,2025-05-24 16:00:00,190.279,375.932,116.052,54.87,0.01407
M006,2025-05-24 17:00:00,184.631,399.953,104.993,49.286,0.0062
M006,2025-05-24 18:00:00,190.305,439.466,106.025,52.61,0.0062
M006,2025-05-24 19:00:00,194.534,425.634,104.361,55.985,0.0062
M006,2025-05-24 20:00:00,190.725,499.999,112.206,62.674,0.0062
M006,2025-05-24 21:00:00,193.436,453.178,104.109,57.905,0.0062
M006,2025-05-24 22:00:00,184.451,428.859,96.598,54.722,0.0062
M006,2025-05-24 23:00:00,185.615,449.676,89.563,53.354,0.0062
M006,2025-05-25 00:00:00,176.523,441.216,99.607,52.886,0.0062
M006,2025-05-25 01:00:00,179.783,533.529,100.529,49.999,0.0062
M006,2025-05-25 02:00:00,179.127,473.575,101.384,51.459,0.0062
M006,2025-05-25 03:00:00,176.306,469.482,94.722,50.579,0.0062
M006,2025-05-25 04:00:00,175.779,440.926,108.315,47.017,0.0062
M006,2025-05-25 05:00:00,188.496,430.639,104.041,52.25,0.0062
M006,2025-05-25 06:00:00,194.759,511.156,108.271,49.368,0.0062
M006,2025-05-25 07:00:00,191.627,520.936,117.763,43.98,0.0062
M006,2025-05-25 08:00:00,189.727,522.744,114.773,46.597,0.0062
M006,2025-05-25 09:00:00,180.719,509.693,109.133,55.013,0.0062
M006,2025-05-25 10:00:00,183.417,433.283,110.69,41.787,0.0062
M006,2025-05-25 11:00:00,192.705,389.716,110.969,46.936,0.0062
M006,2025-05-25 12:00:00,194.895,422.59,105.667,42.14,0.0062
M006,2025-05-25 13:00:00,205.693,466.01,112.012,45.489,0.0062
M006,2025-05-25 14:00:00,183.545,471.3,103.636,45.091,0.0062
M006,2025-05-25 15:00:00,173.615,472.878,110.575,51.032,0.0062
M006,2025-05-25 16:00:00,172.68,485.576,111.331,49.959,0.0062
M006,2025-05-25 17:00:00,169.539,434.321,119.917,52.55,0.0062
M006,2025-05-25 18:00:00,179.04,522.013,120.833,52.27,0.0062
M006,2025-05-25 19:00:00,187.413,459.53,113.852,51.685,0.0062
M006,2025-05-25 20:00:00,193.088,456.852,106.785,51.112,0.0062
M006,2025-05-25 21:00:00,191.935,441.886,112.334,53.597,0.0062
M006,2025-05-25 22:00:00,196.269,455.941,104.459,50.403,0.0062
M006,2025-05-25 23:00:00,195.947,364.803,95.42,50.541,0.0062
M006,2025-05-26 00:00:00,186.505,399.362,107.777,50.258,0.0062
M006,2025-05-26 01:00:00,169.537,486.78,106.644,46.522,0.0062
M006,2025-05-26 02:00:00,178.887,475.659,103.326,41.718,0.0
M006,2025-05-26 03:00:00,174.881,448.115,94.361,43.836,0.0
M006,2025-05-26 04:00:00,180.805,471.894,104.753,49.422,0.0
M006,2025-05-26 05:00:00,183.835,467.036,105.864,47.105,0.00505
M006,2025-05-26 06:00:00,196.319,456.869,112.574,45.109,0.0062
M006,2025-05-26 07:00:00,195.841,513.103,105.956,45.935,0.0062
M006,2025-05-26 08:00:00,188.964,493.029,122.279,50.728,0.0062
M006,2025-05-26 09:00:00,184.28,504.165,121.833,51.565,0.0062
M006,2025-05-26 10:00:00,175.205,476.468,115.786,48.888,0.0062
M006,2025-05-26 11:00:00,163.719,423.581,109.392,45.119,0.0
M006,2025-05-26 12:00:00,178.861,430.428,102.313,46.895,0.0
M006,2025-05-26 13:00:00,188.931,339.483,100.119,55.286,0.0062
M006,2025-05-26 14:00:00,198.562,386.291,106.845,53.992,0.0062
M006,2025-05-26 15:00:00,199.276,515.015,132.358,50.676,0.0062
M006,2025-05-26 16:00:00,197.533,451.891,130.399,50.422,0.0062
M006,2025-05-26 17:00:00,190.605,410.609,118.452,49.532,0.0062
M006,2025-05-26 18:00:00,186.207,467.447,111.194,50.405,0.0062
M006,2025-05-26 19:00:00,181.276,477.035,100.557,50.649,0.0062
M006,2025-05-26 20:00:00,189.994,458.063,107.833,52.964,0.0062
M006,2025-05-26 21:00:00,182.492,539.787,111.799,44.389,0.00505
M006,2025-05-26 22:00:00,179.723,573.683,109.402,46.586,0.0
M006,2025-05-26 23:00:00,172.573,542.13,103.509,48.721,0.0
M006,2025-05-27 00:00:00,173.942,453.916,131.472,53.423,0.0
M006,2025-05-27 01:00:00,172.23,387.0,120.455,50.319,0.0
M006,2025-05-27 02:00:00,178.163,407.643,110.783,50.984,0.00505
M006,2025-05-27 03:00:00,179.404,466.014,103.399,46.209,0.0
M006,2025-05-27 04:00:00,191.164,441.311,114.093,49.071,0.0
M006,2025-05-27 05:00:00,183.774,437.136,110.892,51.324,0.0
M006,2025-05-27 06:00:00,185.462,461.819,115.725,51.7,0.0
M006,2025-05-27 07:00:00,170.296,406.209,109.723,55.262,0.0062
M006,2025-05-27 08:00:00,184.34,454.911,98.016,48.721,0.00505
M006,2025-05-27 09:00:00,186.713,458.283,88.534,52.11,0.00505
M006,2025-05-27 10:00:00,195.505,461.6,90.622,44.035,0.0
M006,2025-05-27 11:00:00,187.095,421.605,103.076,47.195,0.00505
M006,2025-05-27 12:00:00,184.382,449.35,111.456,42.038,0.0062
M006,2025-05-27 13:00:00,184.446,460.78,106.456,43.946,0.0
M006,2025-05-27 14:00:00,181.098,494.876,99.927,42.113,0.0
M006,2025-05-27 15:00:00,164.434,472.676,99.261,50.297,0.00505
M006,2025-05-27 16:00:00,172.683,443.893,102.899,53.295,0.00505
M006,2025-05-27 17:00:00,173.694,424.661,102.059,51.786,0.0062
M006,2025-05-27 18:00:00,182.439,475.86,100.598,45.49,0.0062
M006,2025-05-27 19:00:00,184.874,430.448,95.771,49.493,0.0062
M006,2025-05-27 20:00:00,185.766,491.679,108.396,52.168,0.0062
M006,2025-05-27 21:00:00,182.356,471.867,102.883,45.909,0.0062
M006,2025-05-27 22:00:00,177.226,419.776,109.39,49.261,0.0062
M006,2025-05-27 23:00:00,174.043,475.821,106.447,45.755,0.0062
M006,2025-05-28 00:00:00,188.299,434.361,103.945,42.626,0.0062
M006,2025-05-28 01:00:00,182.185,487.998,107.031,45.656,0.0062
M006,2025-05-28 02:00:00,185.591,491.664,130.833,46.025,0.0062
M006,2025-05-28 03:00:00,184.761,479.914,145.476,40.239,0.0062
M006,2025-05-28 04:00:00,175.719,416.891,128.183,41.014,0.0062
M006,2025-05-28 05:00:00,179.468,462.452,120.366,43.778,0.0062
M006,2025-05-28 06:00:00,187.856,454.492,106.807,51.587,0.0062
M006,2025-05-28 07:00:00,182.288,399.931,102.678,51.269,0.0062
M006,2025-05-28 08:00:00,180.669,458.517,109.744,53.44,0.0062
M006,2025-05-28 09:00:00,182.237,420.504,118.563,53.114,0.0062
M006,2025-05-28 10:00:00,182.779,395.52,109.431,52.371,0.0062
M006,2025-05-28 11:00:00,188.459,368.787,115.201,50.446,0.0062
M006,2025-05-28 12:00:00,186.966,282.548,111.539,50.976,0.01407
M006,2025-05-28 13:00:00,183.044,356.399,113.888,54.988,0.0062
M006,2025-05-28 14:00:00,184.581,420.669,102.852,57.362,0.01407
M006,2025-05-28 15:00:00,172.746,506.594,100.71,47.465,0.0062
M006,2025-05-28 16:00:00,176.265,488.56,105.162,48.852,0.0062
M006,2025-05-28 17:00:00,176.395,495.418,114.253,51.01,0.0062
M006,2025-05-28 18:00:00,174.956,461.899,98.171,51.152,0.0062
M006,2025-05-28 19:00:00,183.023,546.451,113.786,48.853,0.0062
M006,2025-05-28 20:00:00,168.613,579.34,110.07,44.92,0.0062
M006,2025-05-28 21:00:00,175.581,531.184,124.894,46.339,0.0062
M006,2025-05-28 22:00:00,184.705,472.218,124.903,44.672,0.0062
M006,2025-05-28 23:00:00,178.613,421.15,107.014,48.765,0.0062
M006,2025-05-29 00:00:00,178.34,504.371,101.71,51.422,0.0062
M006,2025-05-29 01:00:00,187.987,475.141,106.203,45.676,0.0062
M006,2025-05-29 02:00:00,178.084,406.875,96.854,47.898,0.0062
M006,2025-05-29 03:00:00,177.945,436.266,104.308,49.826,0.0062
M006,2025-05-29 04:00:00,177.569,404.578,93.255,44.769,0.0062
M006,2025-05-29 05:00:00,178.729,456.866,92.119,48.131,0.0062
M006,2025-05-29 06:00:00,182.451,429.591,100.826,48.055,0.0062
M006,2025-05-29 07:00:00,182.936,382.312,73.568,51.418,0.0062
M006,2025-05-29 08:00:00,168.873,423.172,106.249,46.556,0.0062
M006,2025-05-29 09:00:00,161.475,405.023,119.896,51.336,0.0062
M006,2025-05-29 10:00:00,176.742,396.206,123.94,44.47,0.0062
M006,2025-05-29 11:00:00,192.165,395.506,117.529,48.825,0.0062
M006,2025-05-29 12:00:00,182.779,345.289,116.606,47.125,0.01407
M006,2025-05-29 13:00:00,182.007,410.529,116.066,51.673,0.01407
M006,2025-05-29 14:00:00,179.375,442.747,122.941,51.017,0.0062
M006,2025-05-29 15:00:00,179.837,473.229,118.61,54.268,0.0062
M006,2025-05-29 16:00:00,178.584,465.948,109.642,47.6,0.0062
M006,2025-05-29 17:00:00,186.15,474.617,114.316,46.388,0.0062
M006,2025-05-29 18:00:00,181.306,508.096,111.738,40.864,0.0062
M006,2025-05-29 19:00:00,185.763,514.956,110.613,43.949,0.0062
M006,2025-05-29 20:00:00,181.318,477.815,106.215,45.915,0.0062
M006,2025-05-29 21:00:00,187.074,563.449,122.157,44.654,0.0062
M006,2025-05-29 22:00:00,188.951,481.282,108.288,40.665,0.0062
M006,2025-05-29 23:00:00,182.629,468.407,102.926,48.931,0.0062
M006,2025-05-30 00:00:00,187.885,503.275,100.103,50.683,0.0062
M006,2025-05-30 01:00:00,181.403,467.44,96.028,52.734,0.0062
M006,2025-05-30 02:00:00,182.858,400.471,109.493,43.903,0.0062
M006,2025-05-30 03:00:00,194.592,421.18,115.146,46.104,0.0062
M006,2025-05-30 04:00:00,203.024,450.818,104.241,46.028,0.0062
M006,2025-05-30 05:00:00,193.498,498.991,101.611,51.664,0.0062
M006,2025-05-30 06:00:00,181.04,478.285,101.809,57.228,0.0062
M006,2025-05-30 07:00:00,186.132,485.842,91.062,54.415,0.0062
M006,2025-05-30 08:00:00,193.378,454.335,88.609,50.64,0.0062
M006,2025-05-30 09:00:00,190.568,505.337,97.796,54.249,0.0062
M006,2025-05-30 10:00:00,193.324,481.734,99.396,53.134,0.01407
M006,2025-05-30 11:00:00,179.349,476.232,96.353,50.94,0.01407
M006,2025-05-30 12:00:00,193.576,478.845,104.18,57.412,0.01407
M006,2025-05-30 13:00:00,184.014,460.14,105.888,56.227,0.01407
M006,2025-05-30 14:00:00,182.041,482.107,110.263,55.184,0.01407
M006,2025-05-30 15:00:00,186.654,499.149,100.848,49.718,0.01407
M006,2025-05-30 16:00:00,180.033,551.141,109.087,53.887,0.01407
M006,2025-05-30 17:00:00,197.39,527.439,98.044,53.337,0.01407
M006,2025-05-30 18:00:00,189.769,480.822,99.342,55.459,0.0062
M006,2025-05-30 19:00:00,177.278,566.912,99.348,56.766,0.01407
M006,2025-05-30 20:00:00,169.631,559.434,107.49,54.112,0.0062
M006,2025-05-30 21:00:00,181.855,525.351,94.768,57.672,0.0062
M006,2025-05-30 22:00:00,178.674,529.824,107.141,53.643,0.0062
M006,2025-05-30 23:00:00,188.338,517.797,103.162,52.324,0.0062
M007,2025-05-24 00:00:00,163.984,421.872,100.089,52.263,0.01407
M007,2025-05-24 01:00:00,175.255,426.944,104.088,44.817,0.01633
M007,2025-05-24 02:00:00,175.083,407.117,106.63,57.409,0.01653
M007,2025-05-24 03:00:00,177.094,346.014,116.397,58.124,0.02703
M007,2025-05-24 04:00:00,170.188,291.489,112.084,50.705,0.02703
M007,2025-05-24 05:00:00,175.31,375.662,112.007,45.71,0.01633
M007,2025-05-24 06:00:00,167.83,439.724,99.059,41.06,0.01633
M007,2025-05-24 07:00:00,164.783,437.814,98.711,39.802,0.01407
M007,2025-05-24 08:00:00,166.226,385.066,98.559,47.244,0.01633
M007,2025-05-24 09:00:00,163.77,314.539,110.179,51.098,0.01407
M007,2025-05-24 10:00:00,175.683,294.728,100.215,56.601,0.02703
M007,2025-05-24 11:00:00,173.111,336.369,102.883,50.929,0.02703
M007,2025-05-24 12:00:00,182.472,434.258,115.189,50.177,0.02703
M007,2025-05-24 13:00:00,183.117,398.996,117.494,49.167,0.02703
M007,2025-05-24 14:00:00,175.299,402.441,100.139,39.927,0.02703
M007,2025-05-24 15:00:00,163.028,410.752,99.261,43.48,0.01653
M007,2025-05-24 16:00:00,158.914,408.455,109.5,42.657,0.01407
M007,2025-05-24 17:00:00,174.004,382.703,114.155,48.511,0.01633
M007,2025-05-24 18:00:00,169.057,374.169,100.098,51.799,0.01633
M007,2025-05-24 19:00:00,161.45,358.026,109.285,43.236,0.01633
M007,2025-05-24 20:00:00,177.681,361.349,92.121,42.254,0.01633
M007,2025-05-24 21:00:00,188.294,417.119,91.258,43.451,0.01633
M007,2025-05-24 22:00:00,177.168,430.031,108.195,46.059,0.01653
M007,2025-05-24 23:00:00,186.658,402.891,114.846,49.738,0.02703
M007,2025-05-25 00:00:00,175.321,447.836,116.063,43.545,0.02703
M007,2025-05-25 01:00:00,182.603,435.658,107.426,40.415,0.01653
M007,2025-05-25 02:00:00,181.828,395.531,99.304,44.792,0.01633
M007,2025-05-25 03:00:00,180.157,400.749,96.947,50.127,0.01653
M007,2025-05-25 04:00:00,168.348,374.436,107.719,50.351,0.01653
M007,2025-05-25 05:00:00,152.945,356.289,101.69,50.89,0.01653
M007,2025-05-25 06:00:00,164.529,402.706,100.874,53.136,0.01653
M007,2025-05-25 07:00:00,173.823,305.053,102.562,52.967,0.01653
M007,2025-05-25 08:00:00,167.84,363.995,100.736,44.275,0.01633
M007,2025-05-25 09:00:00,156.667,387.935,112.562,44.851,0.01633
M007,2025-05-25 10:00:00,174.7,385.445,107.798,53.179,0.01653
M007,2025-05-25 11:00:00,177.228,447.923,120.284,54.428,0.02703
M007,2025-05-25 12:00:00,172.353,376.762,114.531,48.329,0.02703
M007,2025-05-25 13:00:00,185.181,367.105,108.65,52.868,0.08333
M007,2025-05-25 14:00:00,172.984,384.289,115.71,60.772,0.08333
M007,2025-05-25 15:00:00,181.308,390.767,105.541,62.063,0.08333
M007,2025-05-25 16:00:00,180.116,365.95,95.928,57.817,0.02703
M007,2025-05-25 17:00:00,159.838,379.469,100.768,52.594,0.01653
M007,2025-05-25 18:00:00,155.725,451.807,112.426,50.663,0.02703
M007,2025-05-25 19:00:00,157.922,444.897,110.453,55.311,0.02703
M007,2025-05-25 20:00:00,154.917,449.917,108.516,57.348,0.02703
M007,2025-05-25 21:00:00,154.822,466.18,103.588,53.205,0.02703
M007,2025-05-25 22:00:00,159.056,393.26,94.45,43.666,0.01653
M007,2025-05-25 23:00:00,157.22,426.401,104.063,42.065,0.01633
M007,2025-05-26 00:00:00,160.896,353.689,102.965,47.716,0.01407
M007,2025-05-26 01:00:00,165.899,409.231,101.509,37.093,0.01407
M007,2025-05-26 02:00:00,181.706,349.701,104.81,44.782,0.0062
M007,2025-05-26 03:00:00,182.501,317.067,92.791,43.208,0.0062
M007,2025-05-26 04:00:00,168.645,383.092,88.801,40.534,0.01407
M007,2025-05-26 05:00:00,170.733,328.421,82.54,41.705,0.0062
M007,2025-05-26 06:00:00,179.118,397.072,98.944,46.382,0.0062
M007,2025-05-26 07:00:00,187.886,390.558,98.672,48.586,0.01407
M007,2025-05-26 08:00:00,189.201,434.636,94.348,44.762,0.01407
M007,2025-05-26 09:00:00,177.941,405.239,99.634,45.435,0.01407
M007,2025-05-26 10:00:00,180.623,400.95,97.108,43.873,0.01407
M007,2025-05-26 11:00:00,180.534,367.481,95.68,45.631,0.01407
M007,2025-05-26 12:00:00,190.701,450.072,108.007,42.177,0.0062
M007,2025-05-26 13:00:00,180.157,384.08,118.441,53.404,0.01407
M007,2025-05-26 14:00:00,183.208,414.416,103.494,47.156,0.01407
M007,2025-05-26 15:00:00,168.015,411.997,104.772,52.956,0.01407
M007,2025-05-26 16:00:00,165.258,469.388,116.324,49.837,0.01407
M007,2025-05-26 17:00:00,165.053,406.847,106.223,44.754,0.0062
M007,2025-05-26 18:00:00,158.685,411.052,106.618,44.629,0.01407
M007,2025-05-26 19:00:00,172.718,420.056,115.946,52.497,0.01407
M007,2025-05-26 20:00:00,175.77,412.265,115.434,45.455,0.01407
M007,2025-05-26 21:00:00,174.28,439.803,96.623,45.039,0.01407
M007,2025-05-26 22:00:00,168.401,392.277,92.391,49.396,0.01407
M007,2025-05-26 23:00:00,171.631,390.041,95.946,50.646,0.01407
M007,2025-05-27 00:00:00,164.58,399.96,95.204,54.924,0.01653
M007,2025-05-27 01:00:00,176.943,386.156,101.01,56.234,0.01653
M007,2025-05-27 02:00:00,182.712,365.377,105.467,51.057,0.01633
M007,2025-05-27 03:00:00,178.352,365.081,111.39,55.888,0.01653
M007,2025-05-27 04:00:00,174.993,413.433,109.841,58.964,0.01653
M007,2025-05-27 05:00:00,165.164,389.865,102.53,58.044,0.01653
M007,2025-05-27 06:00:00,163.532,377.272,98.341,50.338,0.01407
M007,2025-05-27 07:00:00,172.57,449.557,92.775,46.032,0.01407
M007,2025-05-27 08:00:00,181.569,464.156,106.777,49.919,0.02703
M007,2025-05-27 09:00:00,183.286,458.391,117.183,61.233,0.02703
M007,2025-05-27 10:00:00,176.643,441.259,123.547,55.694,0.26033
M007,2025-05-27 11:00:00,174.584,341.052,124.239,51.906,0.14286
M007,2025-05-27 12:00:00,168.289,387.373,119.395,61.732,0.08333
M007,2025-05-27 13:00:00,168.862,373.449,105.929,62.822,0.29091
M007,2025-05-27 14:00:00,164.403,357.57,107.104,60.08,0.29091
M007,2025-05-27 15:00:00,164.174,384.196,110.198,59.188,0.08333
M007,2025-05-27 16:00:00,168.401,389.573,114.636,49.727,0.01633
M007,2025-05-27 17:00:00,173.607,404.871,104.104,45.23,0.01493
M007,2025-05-27 18:00:00,166.94,424.628,88.552,42.203,0.01407
M007,2025-05-27 19:00:00,177.389,421.731,92.452,43.847,0.01407
M007,2025-05-27 20:00:00,173.413,405.945,108.316,42.253,0.01407
M007,2025-05-27 21:00:00,170.416,451.488,102.051,45.049,0.0062
M007,2025-05-27 22:00:00,174.497,381.43,111.701,52.263,0.0062
M007,2025-05-27 23:00:00,172.343,360.79,106.079,48.028,0.01407
M007,2025-05-28 00:00:00,162.751,274.248,104.109,51.796,0.01653
M007,2025-05-28 01:00:00,155.42,338.81,95.669,54.899,0.01653
M007,2025-05-28 02:00:00,159.395,387.624,93.357,61.289,0.02703
M007,2025-05-28 03:00:00,166.036,379.135,90.041,56.027,0.01653
M007,2025-05-28 04:00:00,168.15,413.209,94.019,48.204,0.01653
M007,2025-05-28 05:00:00,174.161,406.81,94.544,48.709,0.01633
M007,2025-05-28 06:00:00,170.704,482.797,77.638,47.356,0.01407
M007,2025-05-28 07:00:00,169.459,444.611,81.663,50.492,0.01407
M007,2025-05-28 08:00:00,167.914,430.181,95.533,49.673,0.01407
M007,2025-05-28 09:00:00,159.126,448.966,95.613,44.254,0.0062
M007,2025-05-28 10:00:00,148.686,421.05,110.494,51.353,0.0062
M007,2025-05-28 11:00:00,166.414,379.605,107.748,45.423,0.0062
M007,2025-05-28 12:00:00,171.298,501.944,93.559,48.709,0.0062
M007,2025-05-28 13:00:00,171.754,436.458,102.236,52.774,0.0062
M007,2025-05-28 14:00:00,177.282,393.447,101.403,50.712,0.0062
M007,2025-05-28 15:00:00,181.427,411.119,104.361,49.326,0.01407
M007,2025-05-28 16:00:00,177.205,353.257,105.036,45.873,0.01407
M007,2025-05-28 17:00:00,177.212,319.34,116.51,48.071,0.01407
M007,2025-05-28 18:00:00,164.395,308.731,121.563,49.106,0.01407
M007,2025-05-28 19:00:00,167.042,449.174,133.844,45.762,0.01407
M007,2025-05-28 20:00:00,167.865,468.552,119.942,46.898,0.01407
M007,2025-05-28 21:00:00,168.384,447.735,117.929,46.396,0.0062
M007,2025-05-28 22:00:00,168.562,394.088,101.289,48.918,0.0062
M007,2025-05-28 23:00:00,170.113,373.354,90.756,51.862,0.0062
M007,2025-05-29 00:00:00,165.227,342.182,101.453,50.182,0.01407
M007,2025-05-29 01:00:00,166.541,349.678,111.213,46.346,0.0062
M007,2025-05-29 02:00:00,154.79,362.468,107.229,46.883,0.0062
M007,2025-05-29 03:00:00,158.2,339.959,103.879,44.412,0.0062
M007,2025-05-29 04:00:00,159.974,374.453,102.715,49.021,0.0062
M007,2025-05-29 05:00:00,165.949,408.334,100.188,48.349,0.0062
M007,2025-05-29 06:00:00,157.389,339.931,95.527,53.858,0.0062
M007,2025-05-29 07:00:00,163.782,337.641,85.803,50.105,0.0062
M007,2025-05-29 08:00:00,166.205,393.306,97.073,48.172,0.0062
M007,2025-05-29 09:00:00,170.361,400.615,101.824,57.358,0.01633
M007,2025-05-29 10:00:00,175.192,396.645,102.874,56.814,0.01633
M007,2025-05-29 11:00:00,173.788,426.199,110.274,48.027,0.01653
M007,2025-05-29 12:00:00,169.531,422.351,118.076,53.863,0.01633
M007,2025-05-29 13:00:00,175.75,289.858,112.177,51.408,0.01633
M007,2025-05-29 14:00:00,173.968,362.84,103.238,49.685,0.01653
M007,2025-05-29 15:00:00,170.051,391.446,98.1,55.091,0.01653
M007,2025-05-29 16:00:00,173.208,480.99,92.857,52.294,0.01633
M007,2025-05-29 17:00:00,181.778,525.135,89.057,58.891,0.01653
M007,2025-05-29 18:00:00,182.602,439.716,96.871,52.266,0.01653
M007,2025-05-29 19:00:00,183.545,410.565,97.479,55.918,0.02703
M007,2025-05-29 20:00:00,191.624,400.098,99.268,55.878,0.02703
M007,2025-05-29 21:00:00,191.841,340.302,110.599,51.578,0.08333
M007,2025-05-29 22:00:00,179.484,359.683,112.239,51.747,0.08333
M007,2025-05-29 23:00:00,181.631,421.471,103.745,49.964,0.02703
M007,2025-05-30 00:00:00,180.701,439.563,106.713,48.718,0.02703
M007,2025-05-30 01:00:00,170.041,343.459,109.681,52.176,0.02703
M007,2025-05-30 02:00:00,179.963,376.154,115.96,44.502,0.01407
M007,2025-05-30 03:00:00,168.634,369.64,108.82,49.407,0.01407
M007,2025-05-30 04:00:00,175.232,383.783,94.178,45.679,0.0062
M007,2025-05-30 05:00:00,175.372,378.682,87.488,45.234,0.0062
M007,2025-05-30 06:00:00,175.636,360.744,81.7,48.426,0.0062
M007,2025-05-30 07:00:00,179.681,376.785,83.211,48.749,0.0062
M007,2025-05-30 08:00:00,179.173,394.083,85.712,52.992,0.01407
M007,2025-05-30 09:00:00,175.368,422.09,82.349,50.885,0.0062
M007,2025-05-30 10:00:00,159.774,409.291,85.696,53.988,0.0062
M007,2025-05-30 11:00:00,171.586,442.587,97.112,49.993,0.0062
M007,2025-05-30 12:00:00,167.827,437.621,80.269,46.377,0.0062
M007,2025-05-30 13:00:00,155.942,390.992,97.957,53.101,0.0062
M007,2025-05-30 14:00:00,159.917,431.617,102.448,53.142,0.0062
M007,2025-05-30 15:00:00,172.163,332.242,107.034,44.941,0.0062
M007,2025-05-30 16:00:00,180.688,368.017,100.791,49.942,0.0062
M007,2025-05-30 17:00:00,178.935,396.055,111.928,56.106,0.01407
M007,2025-05-30 18:00:00,174.813,425.13,108.194,61.681,0.01633
M007,2025-05-30 19:00:00,179.567,363.768,102.141,57.661,0.01633
M007,2025-05-30 20:00:00,183.063,364.698,98.779,57.193,0.01633
M007,2025-05-30 21:00:00,167.124,321.806,116.344,47.917,0.01633
M007,2025-05-30 22:00:00,171.735,315.761,118.612,44.907,0.01407
M007,2025-05-30 23:00:00,182.682,338.899,126.585,50.398,0.01407
M008,2025-05-24 00:00:00,183.772,452.74,97.109,52.747,0.0062
M008,2025-05-24 01:00:00,193.158,492.122,118.103,50.048,0.0062
M008,2025-05-24 02:00:00,193.832,487.104,122.587,44.931,0.0062
M008,2025-05-24 03:00:00,190.327,492.788,117.579,44.911,0.0062
M008,2025-05-24 04:00:00,181.624,477.936,111.099,52.837,0.0062
M008,2025-05-24 05:00:00,187.952,440.062,114.824,51.948,0.0062
M008,2025-05-24 06:00:00,187.507,401.318,111.493,52.004,0.0062
M008,2025-05-24 07:00:00,181.265,411.636,113.266,44.743,0.0062
M008,2025-05-24 08:00:00,179.961,429.118,104.567,48.804,0.0062
M008,2025-05-24 09:00:00,182.461,470.527,96.301,50.205,0.0062
M008,2025-05-24 10:00:00,192.161,544.34,111.646,50.762,0.0062
M008,2025-05-24 11:00:00,181.491,472.59,117.356,51.761,0.0062
M008,2025-05-24 12:00:00,186.903,540.603,116.881,58.221,0.0062
M008,2025-05-24 13:00:00,197.052,397.502,114.995,48.899,0.0062
M008,2025-05-24 14:00:00,188.799,447.735,109.878,47.051,0.0062
M008,2025-05-24 15:00:00,185.695,440.454,114.983,51.371,0.0062
M008,2025-05-24 16:00:00,167.057,486.069,109.223,48.869,0.0062
M008,2025-05-24 17:00:00,170.161,409.233,121.982,44.326,0.0062
M008,2025-05-24 18:00:00,182.741,440.747,128.962,41.807,0.0062
M008,2025-05-24 19:00:00,178.919,459.78,130.546,44.078,0.0062
M008,2025-05-24 20:00:00,181.107,451.382,136.117,41.546,0.0062
M008,2025-05-24 21:00:00,187.356,474.284,123.195,44.335,0.0062
M008,2025-05-24 22:00:00,183.527,474.654,102.392,52.969,0.0062
M008,2025-05-24 23:00:00,188.632,454.123,103.032,51.305,0.0062
M008,2025-05-25 00:00:00,186.503,451.312,97.347,45.373,0.0062
M008,2025-05-25 01:00:00,183.934,479.427,104.168,45.104,0.0062
M008,2025-05-25 02:00:00,186.424,410.391,106.851,50.174,0.0062
M008,2025-05-25 03:00:00,205.658,344.119,104.736,51.939,0.0062
M008,2025-05-25 04:00:00,203.93,407.624,109.364,54.11,0.0062
M008,2025-05-25 05:00:00,201.692,380.585,112.689,55.413,0.01407
M008,2025-05-25 06:00:00,195.244,443.466,111.4,53.676,0.01407
M008,2025-05-25 07:00:00,187.427,471.76,116.659,50.569,0.0062
M008,2025-05-25 08:00:00,193.394,447.876,116.852,58.3,0.01407
M008,2025-05-25 09:00:00,184.174,437.695,103.771,55.841,0.01407
M008,2025-05-25 10:00:00,185.714,428.029,101.289,52.511,0.01407
M008,2025-05-25 11:00:00,191.431,423.177,107.546,49.358,0.0062
M008,2025-05-25 12:00:00,184.419,398.594,114.447,55.493,0.01407
M008,2025-05-25 13:00:00,180.197,404.031,115.03,49.404,0.0062
M008,2025-05-25 14:00:00,186.43,417.874,119.53,49.591,0.0062
M008,2025-05-25 15:00:00,191.379,380.171,128.524,47.003,0.0062
M008,2025-05-25 16:00:00,192.823,435.116,124.625,43.601,0.0062
M008,2025-05-25 17:00:00,197.454,380.691,110.724,46.71,0.0062
M008,2025-05-25 18:00:00,187.449,409.975,138.666,48.154,0.0062
M008,2025-05-25 19:00:00,187.921,396.383,127.448,50.364,0.0062
M008,2025-05-25 20:00:00,180.051,387.296,128.179,40.744,0.0062
M008,2025-05-25 21:00:00,192.549,387.671,133.489,41.243,0.0062
M008,2025-05-25 22:00:00,180.033,382.626,125.329,45.379,0.0062
M008,2025-05-25 23:00:00,189.068,374.132,133.219,40.313,0.0062
M008,2025-05-26 00:00:00,183.599,444.409,122.953,52.61,0.0062
M008,2025-05-26 01:00:00,189.259,355.499,113.906,52.352,0.0062
M008,2025-05-26 02:00:00,195.543,386.714,115.079,50.684,0.01407
M008,2025-05-26 03:00:00,204.958,359.548,119.869,46.284,0.01407
M008,2025-05-26 04:00:00,200.039,352.378,123.778,45.272,0.0062
M008,2025-05-26 05:00:00,194.377,364.36,123.527,46.78,0.0062
M008,2025-05-26 06:00:00,190.403,412.074,128.545,44.409,0.0062
M008,2025-05-26 07:00:00,204.064,466.83,114.078,40.491,0.0062
M008,2025-05-26 08:00:00,196.849,472.809,112.294,49.187,0.0062
M008,2025-05-26 09:00:00,185.937,467.4,112.448,52.009,0.0062
M008,2025-05-26 10:00:00,186.79,480.039,113.56,58.648,0.0062
M008,2025-05-26 11:00:00,198.971,459.444,121.834,55.105,0.01407
M008,2025-05-26 12:00:00,194.71,444.806,117.105,57.342,0.01407
M008,2025-05-26 13:00:00,200.201,385.761,111.991,51.401,0.01407
M008,2025-05-26 14:00:00,202.839,381.899,106.955,49.906,0.0062
M008,2025-05-26 15:00:00,205.76,467.02,100.615,48.707,0.0062
M008,2025-05-26 16:00:00,191.141,439.23,101.122,45.825,0.0062
M008,2025-05-26 17:00:00,198.848,445.879,112.654,42.052,0.0062
M008,2025-05-26 18:00:00,203.713,371.708,114.368,45.246,0.0062
M008,2025-05-26 19:00:00,200.706,391.503,117.184,39.406,0.0062
M008,2025-05-26 20:00:00,198.561,436.214,118.962,43.202,0.0062
M008,2025-05-26 21:00:00,185.047,420.899,115.771,47.36,0.0062
M008,2025-05-26 22:00:00,185.04,422.79,123.751,55.498,0.01407
M008,2025-05-26 23:00:00,170.478,372.422,116.587,54.054,0.01653
M008,2025-05-27 00:00:00,175.157,453.354,104.23,49.561,0.01633
M008,2025-05-27 01:00:00,175.793,404.706,104.985,48.65,0.01407
M008,2025-05-27 02:00:00,183.673,376.389,112.536,47.769,0.0062
M008,2025-05-27 03:00:00,185.271,457.15,109.115,42.778,0.0062
M008,2025-05-27 04:00:00,183.136,427.371,127.701,44.276,0.0062
M008,2025-05-27 05:00:00,173.739,398.158,115.305,49.019,0.0062
M008,2025-05-27 06:00:00,173.448,407.262,123.2,47.339,0.0062
M008,2025-05-27 07:00:00,184.806,340.291,114.865,37.096,0.0062
M008,2025-05-27 08:00:00,190.646,395.665,120.919,33.635,0.0062
M008,2025-05-27 09:00:00,190.27,471.67,104.89,43.761,0.0062
M008,2025-05-27 10:00:00,196.668,550.575,105.865,46.896,0.0062
M008,2025-05-27 11:00:00,198.36,484.744,108.105,51.105,0.0062
M008,2025-05-27 12:00:00,185.603,471.666,102.44,49.703,0.0062
M008,2025-05-27 13:00:00,176.508,476.263,112.992,50.646,0.0062
M008,2025-05-27 14:00:00,176.361,426.919,109.269,53.258,0.0062
M008,2025-05-27 15:00:00,185.245,529.983,110.104,51.719,0.0062
M008,2025-05-27 16:00:00,189.842,448.179,113.411,49.433,0.0062
M008,2025-05-27 17:00:00,193.311,431.067,94.925,50.823,0.0062
M008,2025-05-27 18:00:00,197.999,408.482,94.772,49.668,0.0062
M008,2025-05-27 19:00:00,193.193,397.362,100.512,46.219,0.0062
M008,2025-05-27 20:00:00,185.176,427.302,100.734,43.451,0.0062
M008,2025-05-27 21:00:00,181.903,450.958,111.686,44.97,0.0062
M008,2025-05-27 22:00:00,184.325,478.431,123.144,50.693,0.0062
M008,2025-05-27 23:00:00,191.36,508.906,114.721,49.337,0.0062
M008,2025-05-28 00:00:00,191.404,458.027,116.564,50.559,0.0062
M008,2025-05-28 01:00:00,191.696,520.907,101.782,44.802,0.0062
M008,2025-05-28 02:00:00,196.311,426.467,102.838,44.89,0.0062
M008,2025-05-28 03:00:00,189.609,417.56,104.304,36.552,0.0062
M008,2025-05-28 04:00:00,193.687,440.103,124.827,45.093,0.0062
M008,2025-05-28 05:00:00,197.244,417.224,110.006,35.965,0.0062
M008,2025-05-28 06:00:00,190.739,445.212,108.249,49.608,0.0062
M008,2025-05-28 07:00:00,189.224,392.783,112.218,52.28,0.0062
M008,2025-05-28 08:00:00,180.53,452.737,109.936,54.729,0.0062
M008,2025-05-28 09:00:00,179.467,478.062,109.586,49.434,0.0062
M008,2025-05-28 10:00:00,194.285,480.894,108.931,46.137,0.0062
M008,2025-05-28 11:00:00,194.231,434.668,108.555,41.56,0.0062
M008,2025-05-28 12:00:00,207.104,490.244,120.241,49.782,0.0062
M008,2025-05-28 13:00:00,193.529,455.0,126.467,47.89,0.0062
M008,2025-05-28 14:00:00,181.848,450.72,121.528,48.765,0.0062
M008,2025-05-28 15:00:00,187.514,395.023,120.035,47.785,0.0062
M008,2025-05-28 16:00:00,201.646,427.115,123.632,53.063,0.0062
M008,2025-05-28 17:00:00,199.059,398.598,117.225,46.394,0.0062
M008,2025-05-28 18:00:00,204.629,397.042,130.202,47.515,0.02703
M008,2025-05-28 19:00:00,204.774,466.864,130.181,47.289,0.02703
M008,2025-05-28 20:00:00,214.612,433.964,128.865,46.198,0.02703
M008,2025-05-28 21:00:00,219.138,459.299,118.557,51.76,0.02703
M008,2025-05-28 22:00:00,209.148,407.782,115.296,56.133,0.14286
M008,2025-05-28 23:00:00,205.335,405.981,118.571,47.792,0.08333
M008,2025-05-29 00:00:00,189.062,443.996,113.466,45.478,0.08333
M008,2025-05-29 01:00:00,193.884,444.355,109.375,50.792,0.02703
M008,2025-05-29 02:00:00,189.737,378.381,106.672,52.542,0.02703
M008,2025-05-29 03:00:00,173.903,342.735,97.181,48.267,0.08333
M008,2025-05-29 04:00:00,174.107,351.716,97.029,44.317,0.0062
M008,2025-05-29 05:00:00,179.454,375.521,98.844,51.953,0.0062
M008,2025-05-29 06:00:00,203.361,398.865,95.603,54.285,0.0062
M008,2025-05-29 07:00:00,197.78,367.569,110.806,57.883,0.01653
M008,2025-05-29 08:00:00,202.274,405.271,122.299,63.257,0.08333
M008,2025-05-29 09:00:00,200.26,360.608,135.165,65.285,0.29091
M008,2025-05-29 10:00:00,196.884,457.508,130.213,57.528,0.08333
M008,2025-05-29 11:00:00,213.424,431.424,127.005,56.867,0.08333
M008,2025-05-29 12:00:00,213.571,487.349,120.827,55.541,0.29091
M008,2025-05-29 13:00:00,209.3,475.894,113.202,54.993,1.0
M008,2025-05-29 14:00:00,201.06,505.036,112.526,60.945,1.0
M008,2025-05-29 15:00:00,215.341,466.4,123.251,59.193,0.0062
M008,2025-05-29 16:00:00,207.371,473.274,103.565,53.518,0.0062
M008,2025-05-29 17:00:00,204.371,404.662,103.913,60.941,0.0
M008,2025-05-29 18:00:00,198.368,458.732,111.158,57.168,0.0
M008,2025-05-29 19:00:00,196.364,415.405,113.784,57.332,0.0
M008,2025-05-29 20:00:00,189.66,487.957,113.281,58.46,0.0
M008,2025-05-29 21:00:00,199.838,461.263,114.174,55.576,0.0
M008,2025-05-29 22:00:00,191.897,459.809,116.785,48.599,0.0
M008,2025-05-29 23:00:00,189.94,473.051,128.318,53.655,0.0
M008,2025-05-30 00:00:00,191.556,485.608,120.698,60.84,0.0
M008,2025-05-30 01:00:00,190.354,462.118,119.816,59.293,0.0
M008,2025-05-30 02:00:00,188.988,458.713,127.835,58.052,0.0
M008,2025-05-30 03:00:00,187.547,461.975,123.016,52.906,0.0
M008,2025-05-30 04:00:00,178.839,405.878,104.408,53.546,0.0
M008,2025-05-30 05:00:00,178.743,351.817,98.833,55.435,0.00505
M008,2025-05-30 06:00:00,193.957,333.938,119.33,51.077,0.0
M008,2025-05-30 07:00:00,191.061,443.951,124.379,56.833,0.0
M008,2025-05-30 08:00:00,198.593,427.0,125.088,55.175,0.00505
M008,2025-05-30 09:00:00,197.718,438.033,146.597,55.957,0.0
M008,2025-05-30 10:00:00,197.547,491.657,138.214,57.156,0.0
M008,2025-05-30 11:00:00,188.479,517.398,124.621,52.869,0.0
M008,2025-05-30 12:00:00,193.211,445.843,117.968,54.378,0.0
M008,2025-05-30 13:00:00,191.469,390.745,122.342,51.749,0.0
M008,2025-05-30 14:00:00,194.709,419.888,118.612,48.259,0.0
M008,2025-05-30 15:00:00,190.295,416.685,112.203,45.433,0.0
M008,2025-05-30 16:00:00,177.662,453.355,112.7,43.942,0.0
M008,2025-05-30 17:00:00,200.683,460.509,107.627,47.629,0.0
M008,2025-05-30 18:00:00,197.103,454.673,97.348,36.408,0.0
M008,2025-05-30 19:00:00,188.582,321.55,109.471,44.243,0.0
M008,2025-05-30 20:00:00,180.227,412.691,103.985,51.091,0.0
M008,2025-05-30 21:00:00,184.17,485.639,116.504,46.191,0.0
M008,2025-05-30 22:00:00,188.255,441.112,117.686,47.19,0.0
M008,2025-05-30 23:00:00,197.626,510.133,109.019,48.505,0.0
M009,2025-05-24 00:00:00,162.232,515.606,100.894,33.354,0.0062
M009,2025-05-24 01:00:00,170.308,471.546,94.8,38.019,0.0062
M009,2025-05-24 02:00:00,156.889,434.671,95.475,43.73,0.0062
M009,2025-05-24 03:00:00,162.197,431.997,102.689,38.137,0.0062
M009,2025-05-24 04:00:00,158.057,473.555,103.163,31.749,0.0062
M009,2025-05-24 05:00:00,161.832,452.36,116.919,36.113,0.0062
M009,2025-05-24 06:00:00,158.541,456.224,118.717,41.379,0.0062
M009,2025-05-24 07:00:00,168.752,509.987,102.05,45.168,0.0062
M009,2025-05-24 08:00:00,175.849,471.17,92.467,45.012,0.0062
M009,2025-05-24 09:00:00,172.848,450.081,98.324,45.667,0.0062
M009,2025-05-24 10:00:00,165.85,386.509,100.72,44.999,0.01407
M009,2025-05-24 11:00:00,167.806,354.629,101.981,34.788,0.01407
M009,2025-05-24 12:00:00,167.798,455.409,96.222,38.215,0.0062
M009,2025-05-24 13:00:00,167.82,464.353,88.709,35.151,0.0062
M009,2025-05-24 14:00:00,168.523,473.665,87.76,40.413,0.0062
M009,2025-05-24 15:00:00,167.211,413.36,101.688,47.619,0.0062
M009,2025-05-24 16:00:00,164.287,486.939,96.099,45.229,0.0062
M009,2025-05-24 17:00:00,166.636,465.206,92.499,42.977,0.0062
M009,2025-05-24 18:00:00,156.24,516.276,97.532,40.439,0.0062
M009,2025-05-24 19:00:00,161.055,477.03,97.357,40.118,0.0062
M009,2025-05-24 20:00:00,163.375,492.714,87.394,34.873,0.0062
M009,2025-05-24 21:00:00,161.801,477.758,95.766,32.904,0.0062
M009,2025-05-24 22:00:00,172.925,454.158,102.831,35.845,0.0062
M009,2025-05-24 23:00:00,181.049,497.696,113.212,38.434,0.0062
M009,2025-05-25 00:00:00,168.056,536.156,110.167,42.535,0.0062
M009,2025-05-25 01:00:00,159.856,487.961,107.748,44.121,0.0062
M009,2025-05-25 02:00:00,166.294,423.064,102.513,41.802,0.0062
M009,2025-05-25 03:00:00,169.044,430.834,111.031,39.749,0.0062
M009,2025-05-25 04:00:00,187.194,456.448,114.459,40.081,0.01407
M009,2025-05-25 05:00:00,183.312,419.49,112.387,38.654,0.01407
M009,2025-05-25 06:00:00,167.136,506.994,109.646,45.435,0.01407
M009,2025-05-25 07:00:00,163.708,496.915,106.921,36.997,0.01407
M009,2025-05-25 08:00:00,175.978,511.73,115.457,31.821,0.01407
M009,2025-05-25 09:00:00,169.416,475.645,106.52,33.598,0.0062
M009,2025-05-25 10:00:00,169.729,400.713,102.577,36.86,0.01407
M009,2025-05-25 11:00:00,172.102,310.835,88.171,33.738,0.01407
M009,2025-05-25 12:00:00,177.004,380.609,78.68,32.553,0.0062
M009,2025-05-25 13:00:00,159.917,413.883,97.055,36.549,0.0062
M009,2025-05-25 14:00:00,155.266,435.322,100.948,39.823,0.0062
M009,2025-05-25 15:00:00,158.938,462.936,122.877,45.587,0.01407
M009,2025-05-25 16:00:00,177.662,431.53,106.814,42.789,0.01407
M009,2025-05-25 17:00:00,173.223,461.62,106.393,38.242,0.01407
M009,2025-05-25 18:00:00,175.671,518.194,108.944,38.463,0.0062
M009,2025-05-25 19:00:00,174.608,566.647,116.66,34.287,0.0062
M009,2025-05-25 20:00:00,171.539,584.706,112.109,40.146,0.0062
M009,2025-05-25 21:00:00,173.604,575.814,105.143,49.962,0.01407
M009,2025-05-25 22:00:00,170.196,458.87,114.95,45.133,0.02703
M009,2025-05-25 23:00:00,183.349,430.242,121.064,36.129,0.02703
M009,2025-05-26 00:00:00,187.471,470.028,103.183,35.515,0.01407
M009,2025-05-26 01:00:00,180.735,424.544,91.686,36.015,0.01407
M009,2025-05-26 02:00:00,176.064,409.478,113.029,36.567,0.01407
M009,2025-05-26 03:00:00,173.209,441.061,115.179,37.273,0.01407
M009,2025-05-26 04:00:00,176.127,464.94,122.241,40.45,0.0062
M009,2025-05-26 05:00:00,175.27,442.986,121.375,42.834,0.0062
M009,2025-05-26 06:00:00,185.42,489.809,116.786,38.628,0.0062
M009,2025-05-26 07:00:00,184.713,442.445,119.145,35.603,0.0062
M009,2025-05-26 08:00:00,178.401,447.427,121.293,40.41,0.0062
M009,2025-05-26 09:00:00,175.784,467.321,120.943,38.921,0.0062
M009,2025-05-26 10:00:00,168.381,429.91,112.657,34.54,0.0062
M009,2025-05-26 11:00:00,162.578,486.949,103.976,31.507,0.0062
M009,2025-05-26 12:00:00,163.67,433.057,108.41,33.526,0.0062
M009,2025-05-26 13:00:00,158.236,440.155,91.767,22.425,0.0062
M009,2025-05-26 14:00:00,161.28,448.981,103.11,31.805,0.0062
M009,2025-05-26 15:00:00,145.229,486.208,104.574,42.898,0.0062
M009,2025-05-26 16:00:00,161.436,482.615,109.253,48.298,0.0062
M009,2025-05-26 17:00:00,166.916,437.523,112.31,42.496,0.0062
M009,2025-05-26 18:00:00,166.809,468.492,101.116,37.688,0.0062
M009,2025-05-26 19:00:00,163.582,484.98,114.369,36.543,0.0062
M009,2025-05-26 20:00:00,178.894,473.704,108.565,37.214,0.0062
M009,2025-05-26 21:00:00,167.615,486.839,100.018,35.867,0.0062
M009,2025-05-26 22:00:00,165.326,520.157,87.71,40.834,0.0062
M009,2025-05-26 23:00:00,161.883,527.477,101.501,41.926,0.0062
M009,2025-05-27 00:00:00,164.529,468.796,113.896,41.724,0.0062
M009,2025-05-27 01:00:00,181.547,473.939,110.772,39.756,0.0062
M009,2025-05-27 02:00:00,172.229,469.911,119.323,39.925,0.0062
M009,2025-05-27 03:00:00,169.978,501.095,121.37,43.858,0.0062
M009,2025-05-27 04:00:00,166.282,504.464,114.624,39.724,0.0062
M009,2025-05-27 05:00:00,180.775,522.148,114.49,38.237,0.0062
M009,2025-05-27 06:00:00,186.486,493.548,104.134,30.681,0.0062
M009,2025-05-27 07:00:00,181.912,488.041,96.229,29.859,0.0062
M009,2025-05-27 08:00:00,178.379,513.34,111.83,38.016,0.0062
M009,2025-05-27 09:00:00,181.673,475.877,99.24,39.386,0.0062
M009,2025-05-27 10:00:00,167.894,505.077,96.493,37.93,0.0062
M009,2025-05-27 11:00:00,177.831,526.628,115.007,41.585,0.0062
M009,2025-05-27 12:00:00,176.093,467.298,108.572,32.254,0.0062
M009,2025-05-27 13:00:00,180.614,460.798,109.313,33.391,0.0062
M009,2025-05-27 14:00:00,177.182,460.941,101.084,36.455,0.0062
M009,2025-05-27 15:00:00,164.685,506.528,104.987,37.16,0.0062
M009,2025-05-27 16:00:00,171.792,448.34,101.393,44.605,0.0062
M009,2025-05-27 17:00:00,171.888,539.778,99.604,37.068,0.0062
M009,2025-05-27 18:00:00,163.831,498.106,91.152,34.722,0.0062
M009,2025-05-27 19:00:00,177.787,462.307,87.118,36.195,0.0062
M009,2025-05-27 20:00:00,171.932,422.25,93.564,33.246,0.0062
M009,2025-05-27 21:00:00,180.608,387.683,109.232,41.231,0.0062
M009,2025-05-27 22:00:00,165.539,454.396,110.098,34.92,0.0062
M009,2025-05-27 23:00:00,178.657,446.514,103.99,36.747,0.0062
M009,2025-05-28 00:00:00,174.967,416.171,115.95,31.496,0.0062
M009,2025-05-28 01:00:00,175.704,434.805,106.548,37.545,0.0062
M009,2025-05-28 02:00:00,170.85,408.764,111.498,38.67,0.0062
M009,2025-05-28 03:00:00,173.904,431.093,108.281,36.239,0.0062
M009,2025-05-28 04:00:00,173.358,458.55,100.293,32.539,0.0062
M009,2025-05-28 05:00:00,169.515,455.715,99.361,35.325,0.0062
M009,2025-05-28 06:00:00,168.225,457.731,113.586,36.03,0.0062
M009,2025-05-28 07:00:00,166.917,493.917,113.921,37.803,0.0062
M009,2025-05-28 08:00:00,167.536,540.832,113.671,35.533,0.0062
M009,2025-05-28 09:00:00,164.351,509.778,104.727,39.082,0.0062
M009,2025-05-28 10:00:00,173.019,540.252,120.711,37.143,0.0062
M009,2025-05-28 11:00:00,175.39,520.268,112.763,41.518,0.0062
M009,2025-05-28 12:00:00,172.495,446.078,105.906,35.637,0.0062
M009,2025-05-28 13:00:00,175.978,539.62,99.899,34.668,0.0062
M009,2025-05-28 14:00:00,165.569,443.903,101.884,43.23,0.0062
M009,2025-05-28 15:00:00,165.041,389.297,109.194,39.454,0.0062
M009,2025-05-28 16:00:00,157.476,543.785,97.736,35.582,0.0062
M009,2025-05-28 17:00:00,172.244,488.637,85.889,32.483,0.0062
M009,2025-05-28 18:00:00,170.08,478.73,87.897,37.329,0.0062
M009,2025-05-28 19:00:00,177.295,515.996,94.212,37.833,0.0062
M009,2025-05-28 20:00:00,169.754,519.3,84.686,39.006,0.0062
M009,2025-05-28 21:00:00,173.056,470.68,96.855,34.002,0.0062
M009,2025-05-28 22:00:00,166.817,520.809,91.286,32.756,0.0062
M009,2025-05-28 23:00:00,174.387,469.553,100.277,37.838,0.0062
M009,2025-05-29 00:00:00,173.851,464.544,104.824,35.687,0.0062
M009,2025-05-29 01:00:00,187.617,440.516,89.217,37.781,0.0062
M009,2025-05-29 02:00:00,187.643,380.582,100.066,40.344,0.0062
M009,2025-05-29 03:00:00,178.903,401.627,99.258,41.54,0.0062
M009,2025-05-29 04:00:00,172.801,454.09,105.889,43.787,0.0062
M009,2025-05-29 05:00:00,160.475,486.146,109.388,42.245,0.0062
M009,2025-05-29 06:00:00,159.376,459.059,110.183,41.299,0.0062
M009,2025-05-29 07:00:00,160.682,457.273,102.353,39.411,0.0062
M009,2025-05-29 08:00:00,166.573,512.064,105.496,42.427,0.0062
M009,2025-05-29 09:00:00,173.416,486.518,105.571,45.512,0.0062
M009,2025-05-29 10:00:00,175.851,495.842,95.621,46.983,0.0062
M009,2025-05-29 11:00:00,177.182,475.589,91.55,37.221,0.0062
M009,2025-05-29 12:00:00,171.645,508.753,97.915,38.558,0.0062
M009,2025-05-29 13:00:00,177.702,437.814,101.889,31.751,0.0062
M009,2025-05-29 14:00:00,173.946,409.059,110.334,35.647,0.0062
M009,2025-05-29 15:00:00,173.169,433.821,109.885,32.233,0.0062
M009,2025-05-29 16:00:00,177.731,358.768,108.76,35.377,0.0062
M009,2025-05-29 17:00:00,173.004,424.136,115.753,32.036,0.0062
M009,2025-05-29 18:00:00,173.878,462.986,120.818,33.276,0.0062
M009,2025-05-29 19:00:00,186.589,491.922,102.485,31.89,0.0062
M009,2025-05-29 20:00:00,181.034,533.17,105.018,32.387,0.0062
M009,2025-05-29 21:00:00,176.551,478.554,109.647,32.363,0.0062
M009,2025-05-29 22:00:00,179.2,333.667,106.95,29.895,0.0062
M009,2025-05-29 23:00:00,171.075,427.631,108.332,30.134,0.0062
M009,2025-05-30 00:00:00,162.604,417.035,103.474,34.59,0.0062
M009,2025-05-30 01:00:00,153.588,435.605,118.831,37.144,0.0062
M009,2025-05-30 02:00:00,159.946,429.617,117.516,36.766,0.0062
M009,2025-05-30 03:00:00,162.531,477.824,114.163,42.89,0.0062
M009,2025-05-30 04:00:00,165.172,421.825,105.774,43.561,0.0062
M009,2025-05-30 05:00:00,158.769,424.604,108.896,45.421,0.0062
M009,2025-05-30 06:00:00,154.505,398.294,111.253,39.714,0.0062
M009,2025-05-30 07:00:00,172.045,427.577,102.127,43.04,0.0062
M009,2025-05-30 08:00:00,183.817,483.497,107.953,38.772,0.0062
M009,2025-05-30 09:00:00,175.865,473.829,109.803,42.268,0.0062
M009,2025-05-30 10:00:00,178.935,501.011,116.023,38.038,0.0062
M009,2025-05-30 11:00:00,177.965,498.497,109.685,37.898,0.0062
M009,2025-05-30 12:00:00,167.273,525.492,113.683,33.366,0.0062
M009,2025-05-30 13:00:00,165.229,483.618,99.05,37.723,0.0062
M009,2025-05-30 14:00:00,169.214,530.156,94.714,33.66,0.0062
M009,2025-05-30 15:00:00,164.968,505.985,101.066,23.796,0.0062
M009,2025-05-30 16:00:00,157.937,537.31,106.53,27.983,0.0062
M009,2025-05-30 17:00:00,167.918,555.959,89.063,32.91,0.0062
M009,2025-05-30 18:00:00,166.687,549.023,98.085,38.047,0.0062
M009,2025-05-30 19:00:00,169.385,563.738,101.264,40.076,0.0062
M009,2025-05-30 20:00:00,171.386,500.187,101.789,37.036,0.0062
M009,2025-05-30 21:00:00,169.565,565.306,101.612,41.906,0.0062
M009,2025-05-30 22:00:00,172.096,602.711,101.644,44.627,0.0062
M009,2025-05-30 23:00:00,169.205,471.976,101.219,40.519,0.0062
M010,2025-05-24 00:00:00,166.614,439.626,120.878,40.572,0.01407
M010,2025-05-24 01:00:00,174.562,448.824,115.04,45.526,0.01407
M010,2025-05-24 02:00:00,167.759,401.96,107.522,43.674,0.08333
M010,2025-05-24 03:00:00,182.196,397.399,107.297,36.432,0.01407
M010,2025-05-24 04:00:00,172.594,455.44,93.965,36.518,0.0062
M010,2025-05-24 05:00:00,168.264,537.881,107.801,37.469,0.0062
M010,2025-05-24 06:00:00,154.056,525.824,100.404,39.478,0.0062
M010,2025-05-24 07:00:00,162.032,404.899,95.386,42.306,0.0062
M010,2025-05-24 08:00:00,155.048,365.397,103.381,43.854,0.0062
M010,2025-05-24 09:00:00,161.56,380.849,96.627,47.546,0.02703
M010,2025-05-24 10:00:00,162.12,352.461,107.395,41.795,0.02703
M010,2025-05-24 11:00:00,153.167,277.325,94.435,37.628,0.01633
M010,2025-05-24 12:00:00,151.476,342.177,111.3,35.138,0.0062
M010,2025-05-24 13:00:00,162.202,328.343,107.266,33.753,0.01407
M010,2025-05-24 14:00:00,162.591,371.984,107.781,39.749,0.01407
M010,2025-05-24 15:00:00,171.476,306.079,115.343,41.6,0.01407
M010,2025-05-24 16:00:00,171.585,323.172,90.584,41.067,0.01407
M010,2025-05-24 17:00:00,174.265,399.417,92.796,46.66,0.01653
M010,2025-05-24 18:00:00,173.273,369.046,101.154,46.79,0.02703
M010,2025-05-24 19:00:00,162.818,390.095,104.468,39.812,0.02703
M010,2025-05-24 20:00:00,163.971,423.119,109.013,35.638,0.01633
M010,2025-05-24 21:00:00,167.307,501.931,99.262,36.668,0.01407
M010,2025-05-24 22:00:00,173.957,499.673,101.819,35.444,0.01633
M010,2025-05-24 23:00:00,174.913,490.981,86.51,51.188,0.01407
M010,2025-05-25 00:00:00,168.782,558.728,90.432,47.755,0.01407
M010,2025-05-25 01:00:00,163.08,511.438,100.881,51.546,0.01633
M010,2025-05-25 02:00:00,166.999,446.28,97.292,44.707,0.01407
M010,2025-05-25 03:00:00,177.054,375.277,115.744,44.068,0.01653
M010,2025-05-25 04:00:00,166.858,401.788,97.179,43.61,0.01653
M010,2025-05-25 05:00:00,171.087,368.462,95.951,35.161,0.01653
M010,2025-05-25 06:00:00,168.063,440.295,96.783,38.294,0.01407
M010,2025-05-25 07:00:00,161.6,387.2,104.896,39.479,0.01493
M010,2025-05-25 08:00:00,156.965,341.409,94.35,35.052,0.01407
M010,2025-05-25 09:00:00,159.417,354.049,90.033,44.357,0.01407
M010,2025-05-25 10:00:00,167.018,419.732,106.606,44.612,0.01407
M010,2025-05-25 11:00:00,168.951,385.898,114.765,38.041,0.01653
M010,2025-05-25 12:00:00,173.184,453.263,114.089,35.057,0.01633
M010,2025-05-25 13:00:00,175.933,398.59,119.865,33.999,0.01407
M010,2025-05-25 14:00:00,174.906,431.556,115.846,36.697,0.01407
M010,2025-05-25 15:00:00,176.606,426.909,105.605,34.784,0.01633
M010,2025-05-25 16:00:00,178.57,431.958,97.561,34.058,0.01407
M010,2025-05-25 17:00:00,170.029,363.413,97.611,34.805,0.0062
M010,2025-05-25 18:00:00,170.905,335.598,93.724,40.746,0.01407
M010,2025-05-25 19:00:00,165.064,391.658,108.51,45.437,0.01653
M010,2025-05-25 20:00:00,168.612,411.267,101.256,43.875,0.01653
M010,2025-05-25 21:00:00,168.147,431.061,91.25,49.013,0.01653
M010,2025-05-25 22:00:00,177.361,484.216,95.649,43.554,0.01633
M010,2025-05-25 23:00:00,179.689,478.6,106.414,37.738,0.01633
M010,2025-05-26 00:00:00,170.297,469.617,115.878,37.186,0.01633
M010,2025-05-26 01:00:00,172.08,440.171,110.532,42.52,0.02703
M010,2025-05-26 02:00:00,172.25,426.168,102.048,46.562,0.02703
M010,2025-05-26 03:00:00,165.788,405.999,107.247,41.842,0.02703
M010,2025-05-26 04:00:00,158.879,492.623,106.658,36.801,0.01653
M010,2025-05-26 05:00:00,171.734,494.271,102.461,34.044,0.01653
M010,2025-05-26 06:00:00,172.033,413.252,83.819,40.357,0.01633
M010,2025-05-26 07:00:00,168.528,453.69,87.955,42.13,0.01633
M010,2025-05-26 08:00:00,172.144,467.607,101.475,35.316,0.01407
M010,2025-05-26 09:00:00,170.739,421.769,97.735,31.343,0.01407
M010,2025-05-26 10:00:00,168.856,413.212,103.258,34.067,0.0062
M010,2025-05-26 11:00:00,173.199,464.344,94.383,35.543,0.0062
M010,2025-05-26 12:00:00,167.375,491.215,95.476,34.966,0.0062
M010,2025-05-26 13:00:00,178.112,457.469,108.818,32.493,0.0062
M010,2025-05-26 14:00:00,181.217,446.633,99.269,30.389,0.0062
M010,2025-05-26 15:00:00,159.199,484.882,105.575,33.117,0.0062
M010,2025-05-26 16:00:00,157.306,479.298,105.817,37.693,0.0062
M010,2025-05-26 17:00:00,152.717,442.911,100.168,36.974,0.01407
M010,2025-05-26 18:00:00,144.55,392.616,98.95,39.446,0.01407
M010,2025-05-26 19:00:00,153.491,404.179,107.97,38.535,0.01407
M010,2025-05-26 20:00:00,163.793,441.741,114.96,38.067,0.01407
M010,2025-05-26 21:00:00,158.408,427.943,101.123,40.591,0.0062
M010,2025-05-26 22:00:00,165.412,397.649,106.845,45.211,0.01407
M010,2025-05-26 23:00:00,171.436,405.017,100.747,44.377,0.01407
M010,2025-05-27 00:00:00,169.842,353.172,108.591,47.719,0.01653
M010,2025-05-27 01:00:00,172.265,418.336,108.144,49.858,0.01653
M010,2025-05-27 02:00:00,170.504,395.912,96.792,44.199,0.01653
M010,2025-05-27 03:00:00,172.161,351.826,95.092,38.73,0.01633
M010,2025-05-27 04:00:00,170.131,357.322,95.858,43.645,0.01633
M010,2025-05-27 05:00:00,163.894,412.481,85.565,46.208,0.01633
M010,2025-05-27 06:00:00,162.954,481.555,82.992,38.096,0.01407
M010,2025-05-27 07:00:00,168.223,416.784,93.283,41.931,0.01407
M010,2025-05-27 08:00:00,160.438,457.652,103.616,36.358,0.01407
M010,2025-05-27 09:00:00,150.247,461.84,101.389,36.883,0.01407
M010,2025-05-27 10:00:00,148.732,374.885,106.454,43.944,0.01633
M010,2025-05-27 11:00:00,141.934,359.179,110.074,41.978,0.01653
M010,2025-05-27 12:00:00,147.942,343.556,112.318,45.314,0.01653
M010,2025-05-27 13:00:00,156.796,374.682,104.279,44.397,0.01633
M010,2025-05-27 14:00:00,150.962,459.269,113.395,35.476,0.01407
M010,2025-05-27 15:00:00,172.619,409.252,106.341,35.192,0.01407
M010,2025-05-27 16:00:00,168.857,437.014,91.867,33.983,0.0062
M010,2025-05-27 17:00:00,169.086,426.812,102.433,40.078,0.01407
M010,2025-05-27 18:00:00,163.641,396.418,104.055,37.414,0.01407
M010,2025-05-27 19:00:00,168.427,374.31,92.93,41.543,0.01407
M010,2025-05-27 20:00:00,168.125,400.752,94.725,42.629,0.01407
M010,2025-05-27 21:00:00,156.4,375.13,105.434,41.186,0.01407
M010,2025-05-27 22:00:00,166.113,391.187,93.86,50.025,0.01633
M010,2025-05-27 23:00:00,173.956,403.78,101.017,50.955,0.01653
M010,2025-05-28 00:00:00,164.792,454.493,87.911,43.098,0.01633
M010,2025-05-28 01:00:00,176.077,479.617,103.04,31.442,0.01407
M010,2025-05-28 02:00:00,169.582,422.102,102.672,38.351,0.01407
M010,2025-05-28 03:00:00,158.596,434.898,117.967,39.719,0.01633
M010,2025-05-28 04:00:00,164.479,483.285,111.523,42.623,0.01407
M010,2025-05-28 05:00:00,159.637,441.627,105.273,33.865,0.01407
M010,2025-05-28 06:00:00,172.362,472.794,118.056,38.709,0.01407
M010,2025-05-28 07:00:00,172.038,461.918,127.131,36.157,0.0062
M010,2025-05-28 08:00:00,163.077,431.975,119.801,39.392,0.0062
M010,2025-05-28 09:00:00,166.922,443.034,108.279,40.92,0.01407
M010,2025-05-28 10:00:00,166.82,440.572,110.109,37.286,0.01407
M010,2025-05-28 11:00:00,162.233,384.988,104.048,39.45,0.01407
M010,2025-05-28 12:00:00,173.413,379.493,103.872,37.649,0.01407
M010,2025-05-28 13:00:00,173.693,405.822,101.747,36.233,0.01407
M010,2025-05-28 14:00:00,167.328,444.246,98.666,34.782,0.00628
M010,2025-05-28 15:00:00,163.032,546.312,101.54,40.965,0.01407
M010,2025-05-28 16:00:00,157.617,537.539,104.3,33.731,0.0062
M010,2025-05-28 17:00:00,164.595,533.621,111.775,33.963,0.0062
M010,2025-05-28 18:00:00,169.195,505.063,104.51,38.778,0.0062
M010,2025-05-28 19:00:00,162.211,532.299,93.607,43.661,0.0062
M010,2025-05-28 20:00:00,174.348,466.436,110.456,44.537,0.01407
M010,2025-05-28 21:00:00,169.64,469.527,111.828,44.308,0.01407
M010,2025-05-28 22:00:00,176.728,426.002,100.315,42.516,0.01407
M010,2025-05-28 23:00:00,183.664,441.774,92.129,42.696,0.0062
M010,2025-05-29 00:00:00,168.949,480.47,101.725,39.633,0.0062
M010,2025-05-29 01:00:00,168.784,404.656,110.898,34.295,0.0062
M010,2025-05-29 02:00:00,172.966,357.822,106.562,37.475,0.01407
M010,2025-05-29 03:00:00,162.147,476.953,112.792,38.137,0.0062
M010,2025-05-29 04:00:00,159.82,442.693,101.58,43.825,0.0062
M010,2025-05-29 05:00:00,167.814,485.835,101.51,46.336,0.0062
M010,2025-05-29 06:00:00,161.478,430.345,100.243,47.681,0.01407
M010,2025-05-29 07:00:00,170.048,404.975,106.601,44.008,0.01407
M010,2025-05-29 08:00:00,170.196,464.414,102.531,42.132,0.01407
M010,2025-05-29 09:00:00,175.001,400.795,105.869,38.678,0.01407
M010,2025-05-29 10:00:00,170.277,382.747,98.957,42.904,0.01407
M010,2025-05-29 11:00:00,169.637,402.487,95.68,44.163,0.01407
M010,2025-05-29 12:00:00,166.482,399.475,106.558,42.971,0.01407
M010,2025-05-29 13:00:00,174.522,441.83,113.851,41.111,0.01407
M010,2025-05-29 14:00:00,164.602,486.46,112.511,45.564,0.01407
M010,2025-05-29 15:00:00,165.129,405.655,102.799,48.46,0.01407
M010,2025-05-29 16:00:00,167.698,480.318,121.355,46.664,0.01407
M010,2025-05-29 17:00:00,170.318,517.486,118.109,44.353,0.01407
M010,2025-05-29 18:00:00,185.892,459.386,120.274,43.477,0.01407
M010,2025-05-29 19:00:00,177.718,420.548,101.608,39.414,0.01407
M010,2025-05-29 20:00:00,181.936,351.712,103.044,39.656,0.01407
M010,2025-05-29 21:00:00,176.683,490.557,113.086,41.356,0.01633
M010,2025-05-29 22:00:00,163.896,509.282,118.708,41.19,0.01633
M010,2025-05-29 23:00:00,157.025,509.543,109.434,38.482,0.01407
M010,2025-05-30 00:00:00,155.78,436.912,117.974,34.019,0.01407
M010,2025-05-30 01:00:00,160.822,448.018,100.884,36.287,0.01407
M010,2025-05-30 02:00:00,159.741,555.005,108.163,37.508,0.01407
M010,2025-05-30 03:00:00,154.678,517.507,112.769,43.197,0.0062
M010,2025-05-30 04:00:00,156.131,455.499,102.521,36.904,0.01407
M010,2025-05-30 05:00:00,150.71,420.79,117.424,45.653,0.01407
M010,2025-05-30 06:00:00,154.864,437.483,118.032,44.163,0.0062
M010,2025-05-30 07:00:00,157.475,486.641,99.641,44.237,0.01407
M010,2025-05-30 08:00:00,163.915,472.973,100.881,35.024,0.01407
M010,2025-05-30 09:00:00,158.21,418.618,91.424,37.419,0.01407
M010,2025-05-30 10:00:00,164.725,367.274,96.912,41.29,0.01407
M010,2025-05-30 11:00:00,157.97,441.736,104.503,41.126,0.01407
M010,2025-05-30 12:00:00,157.427,466.214,107.395,39.363,0.01407
M010,2025-05-30 13:00:00,153.507,455.099,92.151,40.354,0.01407
M010,2025-05-30 14:00:00,156.817,521.011,97.933,40.527,0.01407
M010,2025-05-30 15:00:00,152.563,465.57,96.053,38.738,0.0062
M010,2025-05-30 16:00:00,158.436,464.7,98.682,42.316,0.0062
M010,2025-05-30 17:00:00,160.388,472.774,99.293,45.84,0.0062
M010,2025-05-30 18:00:00,161.048,481.65,84.369,44.518,0.01407
M010,2025-05-30 19:00:00,159.629,497.319,110.314,38.155,0.0062
M010,2025-05-30 20:00:00,160.197,391.015,114.871,41.691,0.0062
M010,2025-05-30 21:00:00,165.631,346.298,116.278,44.68,0.0062
M010,2025-05-30 22:00:00,164.995,439.293,108.513,39.59,0.01407
M010,2025-05-30 23:00:00,155.593,396.033,109.821,35.438,0.01407
M011,2025-05-24 00:00:00,171.764,373.53,117.234,49.267,0.01633
M011,2025-05-24 01:00:00,170.127,360.837,103.399,54.927,0.02703
M011,2025-05-24 02:00:00,176.495,401.18,111.662,47.691,0.01653
M011,2025-05-24 03:00:00,171.428,514.186,98.357,39.214,0.01653
M011,2025-05-24 04:00:00,174.006,385.971,94.269,31.393,0.01407
M011,2025-05-24 05:00:00,171.771,430.414,86.481,33.113,0.01407
M011,2025-05-24 06:00:00,165.299,503.738,111.453,40.525,0.01407
M011,2025-05-24 07:00:00,163.017,527.596,104.302,40.359,0.01407
M011,2025-05-24 08:00:00,172.679,492.644,99.672,43.187,0.0062
M011,2025-05-24 09:00:00,175.864,509.833,97.723,43.639,0.0062
M011,2025-05-24 10:00:00,173.92,475.297,110.322,43.27,0.01407
M011,2025-05-24 11:00:00,163.174,446.525,125.782,39.334,0.01407
M011,2025-05-24 12:00:00,177.56,478.871,106.594,46.05,0.01407
M011,2025-05-24 13:00:00,165.955,422.155,106.302,54.812,0.08333
M011,2025-05-24 14:00:00,176.619,439.311,112.545,60.944,0.08333
M011,2025-05-24 15:00:00,167.853,444.931,118.165,47.437,0.08333
M011,2025-05-24 16:00:00,178.802,379.314,103.737,44.202,0.02703
M011,2025-05-24 17:00:00,185.475,471.448,102.221,42.429,0.02703
M011,2025-05-24 18:00:00,177.304,424.434,84.738,40.857,0.01653
M011,2025-05-24 19:00:00,178.999,420.917,83.362,46.505,0.01653
M011,2025-05-24 20:00:00,178.904,441.13,80.51,48.696,0.01633
M011,2025-05-24 21:00:00,176.863,396.881,97.013,48.451,0.01633
M011,2025-05-24 22:00:00,172.78,475.169,97.641,47.371,0.01633
M011,2025-05-24 23:00:00,176.152,463.977,94.743,42.245,0.01653
M011,2025-05-25 00:00:00,184.482,434.227,106.574,44.878,0.01633
M011,2025-05-25 01:00:00,191.704,446.526,103.728,47.857,0.01407
M011,2025-05-25 02:00:00,176.778,389.452,97.543,46.055,0.01633
M011,2025-05-25 03:00:00,181.821,406.183,107.967,48.302,0.01633
M011,2025-05-25 04:00:00,175.47,468.588,108.948,46.269,0.01407
M011,2025-05-25 05:00:00,178.726,424.157,102.106,44.118,0.01633
M011,2025-05-25 06:00:00,188.686,440.749,96.25,41.793,0.01407
M011,2025-05-25 07:00:00,175.967,468.931,81.717,40.41,0.01407
M011,2025-05-25 08:00:00,170.034,475.931,88.186,41.365,0.01407
M011,2025-05-25 09:00:00,159.802,481.413,92.978,45.698,0.0062
M011,2025-05-25 10:00:00,168.0,398.102,96.945,39.756,0.0062
M011,2025-05-25 11:00:00,171.749,384.793,95.08,33.969,0.0062
M011,2025-05-25 12:00:00,157.195,420.867,99.042,34.806,0.0062
M011,2025-05-25 13:00:00,160.131,376.59,97.259,33.505,0.0062
M011,2025-05-25 14:00:00,166.15,389.015,103.572,42.172,0.0062
M011,2025-05-25 15:00:00,166.782,433.43,94.142,43.708,0.0062
M011,2025-05-25 16:00:00,173.835,373.102,106.601,45.666,0.01407
M011,2025-05-25 17:00:00,178.097,349.527,91.375,45.11,0.01407
M011,2025-05-25 18:00:00,177.22,346.367,111.878,48.104,0.01653
M011,2025-05-25 19:00:00,180.313,421.943,100.683,50.773,0.01653
M011,2025-05-25 20:00:00,185.583,403.812,94.214,49.644,0.02703
M011,2025-05-25 21:00:00,168.742,387.844,89.51,45.348,0.01633
M011,2025-05-25 22:00:00,178.738,432.822,103.067,52.61,0.01653
M011,2025-05-25 23:00:00,169.29,470.355,101.286,51.274,0.01653
M011,2025-05-26 00:00:00,178.518,495.866,106.509,56.351,0.08333
M011,2025-05-26 01:00:00,174.714,408.65,115.437,55.02,0.29091
M011,2025-05-26 02:00:00,173.343,372.048,115.409,49.545,0.29091
M011,2025-05-26 03:00:00,169.502,380.804,89.419,48.234,0.29091
M011,2025-05-26 04:00:00,178.576,416.46,100.508,49.386,0.29091
M011,2025-05-26 05:00:00,172.872,401.788,98.788,51.342,0.29091
M011,2025-05-26 06:00:00,173.671,343.349,102.027,50.967,1.0
M011,2025-05-26 07:00:00,151.661,407.326,98.986,41.336,0.02703
M011,2025-05-26 08:00:00,165.428,384.607,89.879,39.787,0.01633
M011,2025-05-26 09:00:00,163.69,418.865,93.35,34.994,0.0062
M011,2025-05-26 10:00:00,162.711,457.777,93.688,40.496,0.0062
M011,2025-05-26 11:00:00,166.877,411.333,98.056,38.888,0.0062
M011,2025-05-26 12:00:00,167.246,468.512,101.271,43.461,0.01407
M011,2025-05-26 13:00:00,171.012,454.008,90.308,45.482,0.01407
M011,2025-05-26 14:00:00,164.372,454.517,88.791,45.476,0.01407
M011,2025-05-26 15:00:00,157.147,434.045,92.406,46.574,0.01407
M011,2025-05-26 16:00:00,157.984,308.061,104.79,42.693,0.01407
M011,2025-05-26 17:00:00,152.947,344.867,90.53,40.064,0.01407
M011,2025-05-26 18:00:00,162.904,400.121,102.599,34.703,0.0062
M011,2025-05-26 19:00:00,160.126,412.913,93.627,31.488,0.0062
M011,2025-05-26 20:00:00,158.118,521.122,97.454,32.211,0.0062
M011,2025-05-26 21:00:00,158.511,451.536,97.985,33.372,0.0062
M011,2025-05-26 22:00:00,167.506,473.341,116.771,38.747,0.0062
M011,2025-05-26 23:00:00,174.07,413.392,97.874,36.679,0.0062
M011,2025-05-27 00:00:00,179.442,450.913,105.893,35.644,0.01407
M011,2025-05-27 01:00:00,183.224,407.49,110.247,38.078,0.01407
M011,2025-05-27 02:00:00,177.097,450.598,109.358,43.198,0.0062
M011,2025-05-27 03:00:00,174.519,382.936,99.011,40.73,0.01407
M011,2025-05-27 04:00:00,178.033,406.664,97.779,42.245,0.01407
M011,2025-05-27 05:00:00,175.874,423.705,94.196,40.893,0.01407
M011,2025-05-27 06:00:00,173.053,395.109,97.673,34.968,0.01407
M011,2025-05-27 07:00:00,168.958,431.057,100.042,38.248,0.01407
M011,2025-05-27 08:00:00,162.171,414.49,97.741,40.594,0.01407
M011,2025-05-27 09:00:00,169.214,370.351,102.194,37.611,0.0062
M011,2025-05-27 10:00:00,169.278,392.756,110.828,40.965,0.01407
M011,2025-05-27 11:00:00,163.463,478.12,93.902,40.042,0.01407
M011,2025-05-27 12:00:00,161.442,446.41,81.631,41.443,0.01407
M011,2025-05-27 13:00:00,157.876,454.874,85.588,38.47,0.0062
M011,2025-05-27 14:00:00,158.709,423.514,90.697,41.755,0.0062
M011,2025-05-27 15:00:00,175.553,527.508,101.113,40.121,0.0062
M011,2025-05-27 16:00:00,175.58,512.333,94.68,51.532,0.01407
M011,2025-05-27 17:00:00,171.568,443.068,109.905,51.14,0.01633
M011,2025-05-27 18:00:00,171.329,436.186,110.798,53.865,0.01653
M011,2025-05-27 19:00:00,173.192,463.636,103.214,45.41,0.01653
M011,2025-05-27 20:00:00,164.223,511.024,101.758,53.516,0.01633
M011,2025-05-27 21:00:00,169.83,525.264,99.737,53.267,0.01633
M011,2025-05-27 22:00:00,178.634,450.733,97.428,49.112,0.01653
M011,2025-05-27 23:00:00,179.655,468.645,111.022,41.543,0.01407
M011,2025-05-28 00:00:00,168.73,387.804,105.917,41.43,0.01407
M011,2025-05-28 01:00:00,176.149,535.892,99.002,41.311,0.01407
M011,2025-05-28 02:00:00,167.638,455.333,105.812,35.361,0.01407
M011,2025-05-28 03:00:00,168.557,398.715,105.04,33.243,0.01407
M011,2025-05-28 04:00:00,166.36,427.932,105.184,38.463,0.0062
M011,2025-05-28 05:00:00,183.744,417.492,98.412,39.379,0.01407
M011,2025-05-28 06:00:00,179.724,385.803,98.023,43.791,0.01407
M011,2025-05-28 07:00:00,180.08,364.874,99.799,43.237,0.01407
M011,2025-05-28 08:00:00,175.608,338.296,77.135,43.136,0.01407
M011,2025-05-28 09:00:00,166.413,367.156,93.331,43.882,0.01407
M011,2025-05-28 10:00:00,168.779,410.543,94.528,42.278,0.01407
M011,2025-05-28 11:00:00,167.484,422.911,95.649,38.448,0.01407
M011,2025-05-28 12:00:00,169.881,487.403,105.279,39.414,0.01407
M011,2025-05-28 13:00:00,169.25,400.842,92.906,39.119,0.01407
M011,2025-05-28 14:00:00,173.213,441.515,95.859,31.842,0.01407
M011,2025-05-28 15:00:00,163.427,412.878,75.99,38.039,0.0062
M011,2025-05-28 16:00:00,165.991,456.304,78.206,33.271,0.0062
M011,2025-05-28 17:00:00,172.527,482.931,79.892,43.876,0.01407
M011,2025-05-28 18:00:00,172.97,412.86,87.072,45.287,0.01407
M011,2025-05-28 19:00:00,165.085,345.106,99.222,41.594,0.01407
M011,2025-05-28 20:00:00,177.38,372.851,87.628,43.245,0.01407
M011,2025-05-28 21:00:00,174.335,361.234,93.158,45.891,0.01407
M011,2025-05-28 22:00:00,175.117,424.547,104.488,43.532,0.01633
M011,2025-05-28 23:00:00,165.75,328.736,95.847,35.759,0.01407
M011,2025-05-29 00:00:00,176.872,446.693,91.958,39.489,0.01407
M011,2025-05-29 01:00:00,185.777,454.587,85.007,41.772,0.01407
M011,2025-05-29 02:00:00,175.489,458.015,81.416,35.826,0.01407
M011,2025-05-29 03:00:00,167.5,461.917,101.347,43.513,0.0062
M011,2025-05-29 04:00:00,168.092,372.204,100.159,42.135,0.0062
M011,2025-05-29 05:00:00,170.577,457.94,104.815,35.927,0.01407
M011,2025-05-29 06:00:00,162.295,436.286,102.155,39.355,0.01407
M011,2025-05-29 07:00:00,169.189,432.31,110.448,36.799,0.01407
M011,2025-05-29 08:00:00,163.366,436.437,107.445,36.251,0.01407
M011,2025-05-29 09:00:00,160.158,412.968,96.77,41.261,0.0062
M011,2025-05-29 10:00:00,167.159,427.462,113.742,46.658,0.01407
M011,2025-05-29 11:00:00,163.442,411.907,103.212,49.918,0.01407
M011,2025-05-29 12:00:00,172.367,342.615,95.015,46.018,0.01407
M011,2025-05-29 13:00:00,174.021,385.071,91.282,46.716,0.01407
M011,2025-05-29 14:00:00,168.599,387.37,87.907,46.436,0.01407
M011,2025-05-29 15:00:00,177.914,425.842,91.362,39.095,0.01407
M011,2025-05-29 16:00:00,168.342,466.982,81.035,49.875,0.01407
M011,2025-05-29 17:00:00,175.103,483.013,76.63,48.368,0.01407
M011,2025-05-29 18:00:00,169.836,467.645,78.081,45.093,0.01407
M011,2025-05-29 19:00:00,161.813,427.148,75.811,42.265,0.0062
M011,2025-05-29 20:00:00,160.988,512.855,73.52,37.217,0.0062
M011,2025-05-29 21:00:00,150.278,484.277,97.97,34.771,0.0062
M011,2025-05-29 22:00:00,148.12,413.659,107.024,31.68,0.0062
M011,2025-05-29 23:00:00,163.309,324.628,106.965,35.011,0.0062
M011,2025-05-30 00:00:00,161.55,330.273,104.057,40.398,0.0062
M011,2025-05-30 01:00:00,158.109,330.53,98.168,41.43,0.0062
M011,2025-05-30 02:00:00,164.858,358.146,99.937,44.789,0.0062
M011,2025-05-30 03:00:00,164.427,429.74,92.959,47.977,0.01407
M011,2025-05-30 04:00:00,160.279,496.39,103.907,44.38,0.0062
M011,2025-05-30 05:00:00,164.998,464.628,110.562,43.619,0.01407
M011,2025-05-30 06:00:00,154.548,410.567,118.611,49.285,0.0062
M011,2025-05-30 07:00:00,161.929,392.541,106.334,40.661,0.0062
M011,2025-05-30 08:00:00,163.099,397.268,101.595,36.005,0.01407
M011,2025-05-30 09:00:00,151.872,416.734,94.021,32.722,0.0062
M011,2025-05-30 10:00:00,171.156,438.187,102.046,29.306,0.0062
M011,2025-05-30 11:00:00,163.431,354.918,100.213,34.023,0.0062
M011,2025-05-30 12:00:00,167.847,402.559,95.339,44.223,0.0062
M011,2025-05-30 13:00:00,167.203,415.238,94.076,40.683,0.0062
M011,2025-05-30 14:00:00,165.633,433.938,117.979,41.998,0.0062
M011,2025-05-30 15:00:00,171.132,406.216,103.064,36.781,0.0062
M011,2025-05-30 16:00:00,173.387,440.439,88.258,32.755,0.01407
M011,2025-05-30 17:00:00,184.476,440.659,102.709,36.577,0.0062
M011,2025-05-30 18:00:00,177.412,457.671,103.267,40.575,0.0062
M011,2025-05-30 19:00:00,176.0,477.839,93.809,46.682,0.01407
M011,2025-05-30 20:00:00,176.727,488.67,98.607,47.328,0.01407
M011,2025-05-30 21:00:00,174.067,462.226,106.289,53.406,0.01633
M011,2025-05-30 22:00:00,172.132,427.037,98.066,44.196,0.01407
M011,2025-05-30 23:00:00,167.387,397.679,90.841,47.574,0.01407
M012,2025-05-24 00:00:00,163.787,416.923,90.809,35.544,0.0062
M012,2025-05-24 01:00:00,168.24,516.065,95.449,37.741,0.0062
M012,2025-05-24 02:00:00,171.568,431.162,82.413,33.924,0.01407
M012,2025-05-24 03:00:00,164.967,455.988,86.097,42.053,0.01407
M012,2025-05-24 04:00:00,166.834,510.956,84.667,34.677,0.0062
M012,2025-05-24 05:00:00,167.503,466.618,91.435,44.521,0.01407
M012,2025-05-24 06:00:00,163.881,515.028,97.099,43.928,0.0062
M012,2025-05-24 07:00:00,173.144,472.541,106.04,42.373,0.01407
M012,2025-05-24 08:00:00,169.747,495.421,99.241,56.454,0.01653
M012,2025-05-24 09:00:00,169.885,451.524,106.798,47.972,0.01653
M012,2025-05-24 10:00:00,172.994,480.671,115.541,40.891,0.01653
M012,2025-05-24 11:00:00,172.523,508.701,100.828,41.194,0.01653
M012,2025-05-24 12:00:00,166.48,435.467,111.625,49.499,0.02703
M012,2025-05-24 13:00:00,165.239,481.153,112.477,42.576,0.01653
M012,2025-05-24 14:00:00,171.825,448.903,102.184,43.251,0.01633
M012,2025-05-24 15:00:00,166.675,462.87,110.246,44.284,0.01407
M012,2025-05-24 16:00:00,165.999,516.415,105.838,46.169,0.01407
M012,2025-05-24 17:00:00,169.615,512.208,105.882,38.485,0.0062
M012,2025-05-24 18:00:00,173.768,435.566,98.139,41.393,0.0062
M012,2025-05-24 19:00:00,166.804,493.338,102.223,43.159,0.0062
M012,2025-05-24 20:00:00,175.729,437.781,94.575,41.027,0.0062
M012,2025-05-24 21:00:00,172.633,368.248,90.106,43.933,0.0062
M012,2025-05-24 22:00:00,188.232,365.241,83.966,44.478,0.01407
M012,2025-05-24 23:00:00,170.195,422.163,95.493,43.924,0.01407
M012,2025-05-25 00:00:00,181.03,390.854,91.523,51.819,0.01633
M012,2025-05-25 01:00:00,181.354,397.075,92.53,48.746,0.01493
M012,2025-05-25 02:00:00,180.257,394.521,101.927,45.073,0.01633
M012,2025-05-25 03:00:00,170.729,448.759,105.497,40.556,0.01407
M012,2025-05-25 04:00:00,169.41,421.157,100.872,41.17,0.01407
M012,2025-05-25 05:00:00,171.265,471.879,109.864,38.356,0.01407
M012,2025-05-25 06:00:00,173.97,472.153,99.651,47.764,0.01407
M012,2025-05-25 07:00:00,163.594,444.119,92.926,47.201,0.01407
M012,2025-05-25 08:00:00,169.223,431.375,91.068,46.661,0.01407
M012,2025-05-25 09:00:00,163.157,480.749,93.422,42.292,0.0062
M012,2025-05-25 10:00:00,164.174,498.488,96.502,42.707,0.0062
M012,2025-05-25 11:00:00,172.523,546.366,93.067,44.18,0.0062
M012,2025-05-25 12:00:00,169.775,487.144,95.322,45.074,0.0062
M012,2025-05-25 13:00:00,161.988,450.975,102.986,39.994,0.01407
M012,2025-05-25 14:00:00,160.438,512.376,91.435,41.626,0.0062
M012,2025-05-25 15:00:00,159.999,481.936,92.111,39.792,0.0062
M012,2025-05-25 16:00:00,166.313,351.807,96.887,41.657,0.0062
M012,2025-05-25 17:00:00,172.686,380.333,103.105,43.538,0.01407
M012,2025-05-25 18:00:00,167.46,399.567,100.456,42.496,0.01407
M012,2025-05-25 19:00:00,173.635,459.26,104.231,42.311,0.01407
M012,2025-05-25 20:00:00,169.504,495.59,89.566,44.401,0.01407
M012,2025-05-25 21:00:00,168.994,559.02,99.521,51.489,0.01407
M012,2025-05-25 22:00:00,162.327,555.282,97.573,47.93,0.01407
M012,2025-05-25 23:00:00,161.984,468.898,106.116,45.17,0.0062
M012,2025-05-26 00:00:00,161.5,443.901,101.705,42.546,0.0062
M012,2025-05-26 01:00:00,171.15,464.032,106.882,48.401,0.01407
M012,2025-05-26 02:00:00,160.684,413.97,110.413,41.283,0.01407
M012,2025-05-26 03:00:00,159.841,376.526,109.571,43.597,0.01407
M012,2025-05-26 04:00:00,172.376,449.772,107.285,41.68,0.0062
M012,2025-05-26 05:00:00,168.793,432.242,100.298,36.209,0.0062
M012,2025-05-26 06:00:00,164.952,385.151,105.698,36.89,0.0062
M012,2025-05-26 07:00:00,164.959,384.77,98.933,28.989,0.0062
M012,2025-05-26 08:00:00,162.313,370.6,88.952,34.589,0.0062
M012,2025-05-26 09:00:00,161.521,405.285,96.643,41.739,0.0062
M012,2025-05-26 10:00:00,171.179,412.283,91.78,44.643,0.01407
M012,2025-05-26 11:00:00,170.44,414.195,88.276,40.196,0.01633
M012,2025-05-26 12:00:00,157.263,405.958,82.25,42.207,0.01653
M012,2025-05-26 13:00:00,152.305,415.822,77.637,43.197,0.01653
M012,2025-05-26 14:00:00,157.93,434.116,88.937,41.184,0.01653
M012,2025-05-26 15:00:00,175.281,455.741,89.206,38.609,0.02703
M012,2025-05-26 16:00:00,170.029,456.252,91.4,46.402,0.01653
M012,2025-05-26 17:00:00,164.515,395.445,94.521,49.356,0.08333
M012,2025-05-26 18:00:00,153.186,388.715,97.4,49.285,0.08333
M012,2025-05-26 19:00:00,167.684,426.131,104.492,44.486,0.02703
M012,2025-05-26 20:00:00,169.377,379.215,98.509,45.931,0.01653
M012,2025-05-26 21:00:00,165.117,401.273,99.405,38.918,0.01633
M012,2025-05-26 22:00:00,168.063,405.845,95.506,50.433,0.01407
M012,2025-05-26 23:00:00,167.605,442.715,106.522,47.234,0.01407
M012,2025-05-27 00:00:00,162.875,448.969,105.648,45.271,0.01407
M012,2025-05-27 01:00:00,164.932,411.045,95.543,47.115,0.01407
M012,2025-05-27 02:00:00,168.739,452.576,96.641,46.803,0.01407
M012,2025-05-27 03:00:00,171.778,443.194,91.749,51.288,0.01407
M012,2025-05-27 04:00:00,170.977,434.956,97.852,56.371,0.01407
M012,2025-05-27 05:00:00,155.712,387.466,99.878,50.022,0.01493
M012,2025-05-27 06:00:00,159.57,420.535,95.395,43.17,0.01407
M012,2025-05-27 07:00:00,160.789,402.277,88.818,47.4,0.01407
M012,2025-05-27 08:00:00,156.248,450.544,96.757,45.498,0.0062
M012,2025-05-27 09:00:00,169.192,366.085,101.627,48.539,0.01407
M012,2025-05-27 10:00:00,168.952,432.778,96.671,41.846,0.0062
M012,2025-05-27 11:00:00,175.312,546.115,101.176,39.483,0.01407
M012,2025-05-27 12:00:00,181.452,495.594,112.537,45.786,0.01633
M012,2025-05-27 13:00:00,185.551,513.009,91.317,40.943,0.01407
M012,2025-05-27 14:00:00,170.35,545.933,82.231,33.567,0.01407
M012,2025-05-27 15:00:00,181.762,518.003,92.991,35.277,0.0062
M012,2025-05-27 16:00:00,177.033,490.649,102.331,38.45,0.0062
M012,2025-05-27 17:00:00,178.813,481.697,106.288,48.509,0.01407
M012,2025-05-27 18:00:00,171.467,517.449,108.703,48.655,0.01407
M012,2025-05-27 19:00:00,164.026,502.431,110.87,49.731,0.01407
M012,2025-05-27 20:00:00,154.841,512.107,101.798,51.869,0.01407
M012,2025-05-27 21:00:00,165.498,530.672,106.502,51.565,0.0062
M012,2025-05-27 22:00:00,167.373,495.063,100.113,49.392,0.01407
M012,2025-05-27 23:00:00,163.296,490.761,98.189,48.675,0.01407
M012,2025-05-28 00:00:00,170.421,522.299,83.612,46.051,0.0062
M012,2025-05-28 01:00:00,164.848,481.113,86.354,43.459,0.0062
M012,2025-05-28 02:00:00,165.891,408.945,75.24,39.943,0.0062
M012,2025-05-28 03:00:00,172.735,327.568,89.265,47.829,0.0062
M012,2025-05-28 04:00:00,182.642,440.789,88.694,53.084,0.01407
M012,2025-05-28 05:00:00,173.155,401.185,94.777,53.747,0.01633
M012,2025-05-28 06:00:00,175.76,443.243,101.965,55.137,0.01653
M012,2025-05-28 07:00:00,194.432,372.311,97.317,54.09,0.02703
M012,2025-05-28 08:00:00,182.14,408.471,84.508,56.005,0.08333
M012,2025-05-28 09:00:00,186.365,351.653,98.744,54.405,0.08333
M012,2025-05-28 10:00:00,187.938,421.031,103.596,47.886,0.02703
M012,2025-05-28 11:00:00,173.885,456.287,98.859,50.361,0.02703
M012,2025-05-28 12:00:00,174.061,426.295,94.594,46.432,0.01653
M012,2025-05-28 13:00:00,173.72,489.022,100.715,51.103,0.02703
M012,2025-05-28 14:00:00,175.315,416.698,105.474,55.699,0.29091
M012,2025-05-28 15:00:00,179.986,459.278,97.851,55.043,0.29091
M012,2025-05-28 16:00:00,179.135,407.692,98.846,53.144,0.29091
M012,2025-05-28 17:00:00,165.917,449.665,103.749,49.958,0.29091
M012,2025-05-28 18:00:00,164.652,374.458,93.111,54.439,0.29091
M012,2025-05-28 19:00:00,166.59,411.495,100.354,56.509,0.29091
M012,2025-05-28 20:00:00,155.849,409.425,98.66,61.431,0.74584
M012,2025-05-28 21:00:00,165.567,401.765,101.633,54.771,1.0
M012,2025-05-28 22:00:00,172.465,435.21,99.622,53.787,0.0
M012,2025-05-28 23:00:00,174.075,537.326,92.839,44.67,0.0
M012,2025-05-29 00:00:00,176.16,503.757,99.867,48.647,0.0
M012,2025-05-29 01:00:00,166.02,492.147,99.216,50.29,0.0
M012,2025-05-29 02:00:00,167.52,494.579,102.769,53.307,0.0
M012,2025-05-29 03:00:00,166.055,398.734,94.587,55.712,0.0
M012,2025-05-29 04:00:00,169.842,386.407,92.331,55.398,0.0
M012,2025-05-29 05:00:00,161.71,402.365,92.477,48.268,0.0
M012,2025-05-29 06:00:00,160.206,401.762,92.988,49.355,0.0
M012,2025-05-29 07:00:00,161.151,419.683,87.754,42.882,0.0
M012,2025-05-29 08:00:00,165.158,426.616,101.017,46.744,0.0
M012,2025-05-29 09:00:00,165.836,404.007,102.006,45.686,0.0
M012,2025-05-29 10:00:00,158.175,480.812,112.666,43.728,0.0
M012,2025-05-29 11:00:00,158.818,493.14,98.336,38.692,0.0
M012,2025-05-29 12:00:00,158.221,400.073,98.356,41.317,0.0
M012,2025-05-29 13:00:00,158.342,404.73,104.792,47.619,0.0
M012,2025-05-29 14:00:00,163.507,380.44,90.624,46.02,0.0
M012,2025-05-29 15:00:00,164.161,370.017,100.818,48.881,0.0
M012,2025-05-29 16:00:00,157.921,445.714,85.311,46.21,0.0
M012,2025-05-29 17:00:00,154.358,511.233,89.699,43.59,0.0
M012,2025-05-29 18:00:00,161.046,467.983,82.697,43.249,0.0
M012,2025-05-29 19:00:00,165.33,419.866,93.727,44.716,0.0
M012,2025-05-29 20:00:00,167.063,487.797,107.164,47.627,0.0
M012,2025-05-29 21:00:00,161.22,526.852,103.763,41.73,0.00505
M012,2025-05-29 22:00:00,160.293,558.054,86.854,39.743,0.0
M012,2025-05-29 23:00:00,155.349,522.225,93.589,44.33,0.0
M012,2025-05-30 00:00:00,171.054,398.652,86.767,53.072,0.00505
M012,2025-05-30 01:00:00,172.359,462.041,85.756,52.649,0.0062
M012,2025-05-30 02:00:00,173.925,442.916,89.628,60.013,0.0062
M012,2025-05-30 03:00:00,170.695,445.163,84.857,50.007,0.0062
M012,2025-05-30 04:00:00,173.398,489.853,91.022,42.914,0.0062
M012,2025-05-30 05:00:00,171.604,577.119,86.702,37.389,0.0
M012,2025-05-30 06:00:00,161.018,417.054,93.781,37.197,0.0
M012,2025-05-30 07:00:00,156.865,518.326,83.437,44.888,0.0
M012,2025-05-30 08:00:00,161.694,595.659,93.906,37.599,0.0
M012,2025-05-30 09:00:00,160.534,544.965,108.8,38.717,0.0
M012,2025-05-30 10:00:00,158.708,618.976,110.713,39.113,0.0
M012,2025-05-30 11:00:00,171.554,572.228,111.191,43.089,0.0
M012,2025-05-30 12:00:00,172.298,530.946,99.369,39.301,0.0
M012,2025-05-30 13:00:00,172.14,441.672,90.866,42.141,0.0
M012,2025-05-30 14:00:00,166.611,455.063,93.375,35.315,0.0
M012,2025-05-30 15:00:00,167.557,478.474,89.921,39.698,0.0
M012,2025-05-30 16:00:00,161.4,489.349,111.14,37.786,0.00505
M012,2025-05-30 17:00:00,163.617,414.522,102.578,42.418,0.0
M012,2025-05-30 18:00:00,180.366,425.051,101.918,47.939,0.0
M012,2025-05-30 19:00:00,175.698,432.392,96.74,48.095,0.00505
M012,2025-05-30 20:00:00,177.133,472.854,105.901,35.949,0.00505
M012,2025-05-30 21:00:00,180.225,463.68,105.214,32.233,0.0
M012,2025-05-30 22:00:00,171.377,358.914,107.686,37.617,0.00505
M012,2025-05-30 23:00:00,177.026,385.187,105.279,39.889,0.0062
M013,2025-05-24 00:00:00,164.613,411.235,104.534,49.257,0.01633
M013,2025-05-24 01:00:00,155.596,420.372,111.38,49.038,0.02703
M013,2025-05-24 02:00:00,163.831,482.176,118.598,45.708,0.01633
M013,2025-05-24 03:00:00,164.288,405.641,111.498,50.262,0.01653
M013,2025-05-24 04:00:00,161.725,434.806,107.745,47.402,0.01653
M013,2025-05-24 05:00:00,178.853,363.597,111.119,44.33,0.02703
M013,2025-05-24 06:00:00,177.872,426.692,104.145,45.902,0.02703
M013,2025-05-24 07:00:00,184.523,413.54,103.257,39.219,0.02703
M013,2025-05-24 08:00:00,176.071,378.946,72.903,40.846,0.01407
M013,2025-05-24 09:00:00,179.753,395.486,83.662,41.317,0.01407
M013,2025-05-24 10:00:00,173.991,400.088,95.07,41.398,0.01407
M013,2025-05-24 11:00:00,170.819,354.917,83.718,44.686,0.01407
M013,2025-05-24 12:00:00,161.736,375.86,99.499,36.098,0.01407
M013,2025-05-24 13:00:00,160.673,394.466,101.592,38.727,0.01407
M013,2025-05-24 14:00:00,151.84,402.627,93.057,40.771,0.01407
M013,2025-05-24 15:00:00,174.924,428.163,102.54,36.757,0.01407
M013,2025-05-24 16:00:00,169.284,400.767,111.322,38.415,0.01407
M013,2025-05-24 17:00:00,168.553,548.201,95.154,37.797,0.01407
M013,2025-05-24 18:00:00,166.289,450.582,102.045,34.43,0.01407
M013,2025-05-24 19:00:00,160.397,435.733,105.174,46.145,0.01407
M013,2025-05-24 20:00:00,176.011,381.683,109.743,39.552,0.02703
M013,2025-05-24 21:00:00,168.961,337.795,105.182,38.076,0.08333
M013,2025-05-24 22:00:00,168.323,374.041,102.984,39.767,0.02703
M013,2025-05-24 23:00:00,173.887,473.922,80.119,39.329,0.02703
M013,2025-05-25 00:00:00,171.329,459.017,95.874,45.185,0.01653
M013,2025-05-25 01:00:00,184.562,432.578,100.43,47.371,0.02703
M013,2025-05-25 02:00:00,184.154,454.043,107.17,45.18,0.02703
M013,2025-05-25 03:00:00,176.974,439.779,118.915,45.098,0.02703
M013,2025-05-25 04:00:00,164.11,497.248,116.889,41.381,0.01653
M013,2025-05-25 05:00:00,173.019,478.9,111.334,42.996,0.01653
M013,2025-05-25 06:00:00,177.039,392.631,112.804,38.808,0.01633
M013,2025-05-25 07:00:00,172.793,433.391,113.273,35.517,0.01633
M013,2025-05-25 08:00:00,173.879,433.695,110.975,36.935,0.01633
M013,2025-05-25 09:00:00,165.248,419.547,117.509,40.495,0.01633
M013,2025-05-25 10:00:00,172.957,406.102,110.166,39.604,0.01493
M013,2025-05-25 11:00:00,170.385,421.334,106.973,42.187,0.01407
M013,2025-05-25 12:00:00,178.925,412.569,120.199,38.89,0.01407
M013,2025-05-25 13:00:00,179.739,488.121,105.02,39.116,0.01407
M013,2025-05-25 14:00:00,177.891,409.573,128.198,34.641,0.01633
M013,2025-05-25 15:00:00,178.349,405.838,116.632,28.822,0.01653
M013,2025-05-25 16:00:00,177.792,341.264,110.778,32.384,0.01653
M013,2025-05-25 17:00:00,173.142,361.06,108.648,26.225,0.01407
M013,2025-05-25 18:00:00,172.571,410.251,109.918,29.73,0.02703
M013,2025-05-25 19:00:00,178.272,480.537,99.16,43.612,0.01653
M013,2025-05-25 20:00:00,178.508,439.572,103.234,37.942,0.01653
M013,2025-05-25 21:00:00,173.773,440.384,110.391,33.946,0.01653
M013,2025-05-25 22:00:00,171.977,438.38,111.791,26.271,0.01407
M013,2025-05-25 23:00:00,172.368,487.271,100.389,28.198,0.01407
M013,2025-05-26 00:00:00,171.269,426.808,103.649,30.046,0.01407
M013,2025-05-26 01:00:00,166.973,457.247,91.844,33.756,0.01407
M013,2025-05-26 02:00:00,167.525,458.728,114.708,39.601,0.01407
M013,2025-05-26 03:00:00,170.508,441.059,96.285,42.252,0.01633
M013,2025-05-26 04:00:00,172.619,378.607,97.188,44.408,0.01653
M013,2025-05-26 05:00:00,174.517,423.29,111.539,39.185,0.01633
M013,2025-05-26 06:00:00,169.009,346.229,103.246,41.051,0.01653
M013,2025-05-26 07:00:00,172.134,348.077,108.64,40.138,0.01653
M013,2025-05-26 08:00:00,162.803,348.015,115.491,42.257,0.01653
M013,2025-05-26 09:00:00,163.393,317.956,105.378,39.299,0.01653
M013,2025-05-26 10:00:00,166.087,345.951,103.542,42.419,0.01633
M013,2025-05-26 11:00:00,168.17,311.844,100.221,40.107,0.01633
M013,2025-05-26 12:00:00,152.334,334.623,107.605,36.885,0.01633
M013,2025-05-26 13:00:00,158.94,376.805,98.366,35.639,0.01407
M013,2025-05-26 14:00:00,161.16,370.857,106.492,32.744,0.01407
M013,2025-05-26 15:00:00,178.317,434.575,103.039,31.705,0.01407
M013,2025-05-26 16:00:00,177.425,465.046,108.422,34.988,0.01407
M013,2025-05-26 17:00:00,184.569,356.201,91.186,37.504,0.01407
M013,2025-05-26 18:00:00,188.574,344.013,101.598,32.7,0.01407
M013,2025-05-26 19:00:00,185.242,368.775,88.18,32.938,0.01407
M013,2025-05-26 20:00:00,180.963,423.671,102.13,36.272,0.01407
M013,2025-05-26 21:00:00,173.534,376.351,96.776,35.881,0.0062
M013,2025-05-26 22:00:00,180.361,381.703,111.198,33.099,0.01407
M013,2025-05-26 23:00:00,177.006,355.351,103.218,38.136,0.01407
M013,2025-05-27 00:00:00,175.816,432.517,98.897,38.555,0.01633
M013,2025-05-27 01:00:00,165.244,372.174,111.025,38.87,0.01633
M013,2025-05-27 02:00:00,177.008,359.502,96.892,38.027,0.01633
M013,2025-05-27 03:00:00,174.666,405.721,101.665,43.307,0.01493
M013,2025-05-27 04:00:00,176.584,420.207,107.403,43.931,0.01407
M013,2025-05-27 05:00:00,168.541,353.84,108.985,45.868,0.01633
M013,2025-05-27 06:00:00,187.422,386.357,105.113,41.393,0.01633
M013,2025-05-27 07:00:00,187.949,355.745,116.816,38.241,0.01653
M013,2025-05-27 08:00:00,177.954,372.318,103.121,43.327,0.01407
M013,2025-05-27 09:00:00,178.048,310.083,100.549,36.699,0.01407
M013,2025-05-27 10:00:00,165.055,394.849,106.716,35.966,0.01407
M013,2025-05-27 11:00:00,165.089,358.591,100.383,38.312,0.01407
M013,2025-05-27 12:00:00,174.871,434.584,107.898,39.374,0.01407
M013,2025-05-27 13:00:00,171.064,420.513,103.58,39.698,0.01407
M013,2025-05-27 14:00:00,174.258,395.753,112.615,39.671,0.01407
M013,2025-05-27 15:00:00,173.853,395.586,109.208,39.952,0.01407
M013,2025-05-27 16:00:00,164.062,430.292,116.565,37.354,0.01407
M013,2025-05-27 17:00:00,169.141,444.443,111.638,37.539,0.01407
M013,2025-05-27 18:00:00,174.453,444.533,85.587,36.91,0.01407
M013,2025-05-27 19:00:00,170.292,455.482,89.789,38.455,0.01407
M013,2025-05-27 20:00:00,167.345,402.534,86.803,36.275,0.01407
M013,2025-05-27 21:00:00,177.203,395.195,100.954,46.165,0.01407
M013,2025-05-27 22:00:00,181.813,429.041,94.812,43.498,0.01493
M013,2025-05-27 23:00:00,176.084,407.267,106.102,32.767,0.01407
M013,2025-05-28 00:00:00,174.242,393.548,103.324,28.463,0.01407
M013,2025-05-28 01:00:00,171.504,377.448,102.647,34.677,0.01407
M013,2025-05-28 02:00:00,167.283,441.339,111.041,35.054,0.01407
M013,2025-05-28 03:00:00,174.37,379.852,110.871,44.997,0.01653
M013,2025-05-28 04:00:00,173.663,390.359,120.85,34.008,0.01633
M013,2025-05-28 05:00:00,183.194,412.268,105.438,43.134,0.01407
M013,2025-05-28 06:00:00,184.209,424.026,107.282,42.618,0.01425
M013,2025-05-28 07:00:00,176.778,442.518,118.868,39.119,0.01407
M013,2025-05-28 08:00:00,173.147,390.044,115.687,36.988,0.01407
M013,2025-05-28 09:00:00,173.158,410.735,111.677,32.77,0.01407
M013,2025-05-28 10:00:00,169.507,475.385,113.691,38.377,0.01407
M013,2025-05-28 11:00:00,167.433,417.867,113.343,36.462,0.0062
M013,2025-05-28 12:00:00,168.151,482.73,115.988,40.701,0.01407
M013,2025-05-28 13:00:00,173.226,446.337,106.257,42.138,0.01407
M013,2025-05-28 14:00:00,185.285,434.051,112.284,41.941,0.01407
M013,2025-05-28 15:00:00,173.373,468.418,106.101,42.015,0.01407
M013,2025-05-28 16:00:00,169.545,409.411,89.507,34.48,0.01407
M013,2025-05-28 17:00:00,162.199,368.836,90.274,34.37,0.01407
M013,2025-05-28 18:00:00,167.679,454.099,90.27,35.981,0.0062
M013,2025-05-28 19:00:00,166.131,412.357,94.421,34.797,0.01407
M013,2025-05-28 20:00:00,162.395,475.004,97.507,29.76,0.0062
M013,2025-05-28 21:00:00,162.643,440.091,103.341,38.283,0.0062
M013,2025-05-28 22:00:00,165.105,526.187,88.446,36.598,0.01407
M013,2025-05-28 23:00:00,163.234,482.497,86.322,40.385,0.01407
M013,2025-05-29 00:00:00,168.447,420.229,72.015,37.54,0.0062
M013,2025-05-29 01:00:00,169.118,418.2,75.444,31.019,0.0062
M013,2025-05-29 02:00:00,168.435,366.506,91.391,23.892,0.0062
M013,2025-05-29 03:00:00,160.172,436.3,94.58,28.532,0.0062
M013,2025-05-29 04:00:00,167.289,444.301,112.464,30.068,0.0062
M013,2025-05-29 05:00:00,170.393,413.837,121.404,31.422,0.0062
M013,2025-05-29 06:00:00,172.153,395.56,117.031,33.32,0.0062
M013,2025-05-29 07:00:00,175.723,390.025,111.035,38.253,0.0062
M013,2025-05-29 08:00:00,169.428,335.113,116.777,35.27,0.0062
M013,2025-05-29 09:00:00,163.659,343.826,93.155,36.278,0.0062
M013,2025-05-29 10:00:00,156.093,402.975,104.441,32.036,0.0062
M013,2025-05-29 11:00:00,162.471,449.92,112.093,34.317,0.0062
M013,2025-05-29 12:00:00,157.943,522.43,95.233,35.842,0.0062
M013,2025-05-29 13:00:00,164.643,448.421,89.007,35.916,0.0062
M013,2025-05-29 14:00:00,164.993,489.486,95.743,31.391,0.0062
M013,2025-05-29 15:00:00,164.712,466.331,86.614,32.43,0.0062
M013,2025-05-29 16:00:00,162.792,468.001,86.116,41.345,0.0062
M013,2025-05-29 17:00:00,173.239,408.529,97.921,38.676,0.0062
M013,2025-05-29 18:00:00,178.656,534.234,87.613,42.626,0.0062
M013,2025-05-29 19:00:00,185.18,494.846,94.944,45.056,0.0062
M013,2025-05-29 20:00:00,175.958,456.877,98.65,41.257,0.0062
M013,2025-05-29 21:00:00,177.963,526.952,109.856,40.377,0.0062
M013,2025-05-29 22:00:00,182.179,474.721,119.75,32.792,0.0062
M013,2025-05-29 23:00:00,169.923,445.307,111.875,32.34,0.0062
M013,2025-05-30 00:00:00,176.108,439.869,114.246,23.168,0.0062
M013,2025-05-30 01:00:00,178.04,423.597,114.681,24.457,0.0062
M013,2025-05-30 02:00:00,174.126,387.891,94.636,24.734,0.0062
M013,2025-05-30 03:00:00,174.8,426.431,92.542,26.784,0.0062
M013,2025-05-30 04:00:00,170.774,370.568,104.488,36.994,0.0062
M013,2025-05-30 05:00:00,170.157,428.505,107.98,36.412,0.0062
M013,2025-05-30 06:00:00,167.796,419.216,118.086,32.749,0.01407
M013,2025-05-30 07:00:00,173.622,411.059,94.15,42.745,0.01407
M013,2025-05-30 08:00:00,189.987,388.569,100.125,48.588,0.01633
M013,2025-05-30 09:00:00,183.884,412.571,98.767,40.861,0.01633
M013,2025-05-30 10:00:00,171.946,388.667,104.564,42.764,0.01653
M013,2025-05-30 11:00:00,172.337,368.144,94.64,38.469,0.01407
M013,2025-05-30 12:00:00,174.656,346.139,112.628,37.372,0.01653
M013,2025-05-30 13:00:00,152.237,351.91,107.683,40.306,0.01653
M013,2025-05-30 14:00:00,152.492,357.193,110.736,42.24,0.01407
M013,2025-05-30 15:00:00,160.225,464.532,101.022,36.386,0.01407
M013,2025-05-30 16:00:00,163.641,375.13,90.983,34.244,0.01407
M013,2025-05-30 17:00:00,171.021,436.483,105.296,36.452,0.01407
M013,2025-05-30 18:00:00,168.5,354.476,113.477,39.807,0.01407
M013,2025-05-30 19:00:00,165.453,342.791,118.439,35.5,0.01653
M013,2025-05-30 20:00:00,161.078,354.571,122.063,37.009,0.01633
M013,2025-05-30 21:00:00,168.284,375.829,102.109,32.688,0.01407
M013,2025-05-30 22:00:00,163.44,369.395,91.982,34.055,0.01407
M013,2025-05-30 23:00:00,181.273,393.314,99.772,34.703,0.0062
M014,2025-05-24 00:00:00,176.233,439.855,74.259,56.867,0.0062
M014,2025-05-24 01:00:00,177.528,380.7,87.039,47.938,0.0062
M014,2025-05-24 02:00:00,182.372,358.683,88.296,48.579,0.0062
M014,2025-05-24 03:00:00,179.493,477.715,82.845,48.173,0.0062
M014,2025-05-24 04:00:00,190.13,417.516,91.268,47.061,0.0062
M014,2025-05-24 05:00:00,176.437,393.562,107.555,48.076,0.0062
M014,2025-05-24 06:00:00,188.705,398.029,92.204,54.46,0.0062
M014,2025-05-24 07:00:00,194.0,381.791,97.811,55.86,0.0062
M014,2025-05-24 08:00:00,179.435,398.63,95.157,53.155,0.0062
M014,2025-05-24 09:00:00,180.003,398.007,108.01,53.006,0.0062
M014,2025-05-24 10:00:00,179.337,505.49,123.961,61.471,0.0062
M014,2025-05-24 11:00:00,187.56,422.485,141.082,54.298,0.0062
M014,2025-05-24 12:00:00,190.194,448.596,113.307,57.787,0.0062
M014,2025-05-24 13:00:00,189.896,391.723,113.809,57.816,0.0062
M014,2025-05-24 14:00:00,181.402,452.884,126.509,55.965,0.0062
M014,2025-05-24 15:00:00,176.813,450.313,110.933,50.226,0.0062
M014,2025-05-24 16:00:00,175.768,484.609,96.318,54.467,0.00505
M014,2025-05-24 17:00:00,178.445,461.121,108.934,52.275,0.0062
M014,2025-05-24 18:00:00,182.12,453.648,97.479,50.321,0.0062
M014,2025-05-24 19:00:00,187.28,398.309,108.401,53.517,0.0062
M014,2025-05-24 20:00:00,190.543,434.392,109.997,52.646,0.00505
M014,2025-05-24 21:00:00,181.164,426.747,107.45,55.701,0.0
M014,2025-05-24 22:00:00,180.581,370.806,105.255,50.629,0.0
M014,2025-05-24 23:00:00,182.277,364.178,88.261,50.817,0.0
M014,2025-05-25 00:00:00,185.212,444.764,83.69,51.527,0.00505
M014,2025-05-25 01:00:00,186.379,428.931,85.274,49.961,0.00505
M014,2025-05-25 02:00:00,193.555,402.724,100.644,47.439,0.0
M014,2025-05-25 03:00:00,192.396,411.704,90.575,56.24,0.00505
M014,2025-05-25 04:00:00,182.034,357.745,102.267,48.871,0.0062
M014,2025-05-25 05:00:00,179.907,376.855,93.969,47.289,0.0062
M014,2025-05-25 06:00:00,177.916,328.953,92.523,52.04,0.00505
M014,2025-05-25 07:00:00,171.158,360.286,99.664,50.812,0.0062
M014,2025-05-25 08:00:00,176.746,361.914,108.522,48.92,0.0062
M014,2025-05-25 09:00:00,189.544,402.149,111.783,55.889,0.0062
M014,2025-05-25 10:00:00,184.828,407.527,110.239,54.79,0.0062
M014,2025-05-25 11:00:00,188.794,372.227,117.569,56.172,0.0062
M014,2025-05-25 12:00:00,184.15,350.692,118.661,46.004,0.0062
M014,2025-05-25 13:00:00,191.267,330.641,126.335,50.987,0.0062
M014,2025-05-25 14:00:00,196.41,440.662,124.896,57.376,0.0062
M014,2025-05-25 15:00:00,195.483,419.998,123.251,55.871,0.0062
M014,2025-05-25 16:00:00,186.108,469.553,129.191,48.825,0.0062
M014,2025-05-25 17:00:00,185.479,527.068,110.55,48.207,0.0062
M014,2025-05-25 18:00:00,175.022,472.841,106.6,47.86,0.0062
M014,2025-05-25 19:00:00,180.433,502.816,99.275,45.047,0.00505
M014,2025-05-25 20:00:00,192.022,505.019,87.146,48.214,0.0062
M014,2025-05-25 21:00:00,193.226,519.24,77.21,51.826,0.0
M014,2025-05-25 22:00:00,192.45,458.994,93.239,57.33,0.0
M014,2025-05-25 23:00:00,189.091,455.482,98.995,52.699,0.00505
M014,2025-05-26 00:00:00,185.254,465.526,97.896,54.126,0.0062
M014,2025-05-26 01:00:00,197.355,375.101,98.785,60.368,0.0062
M014,2025-05-26 02:00:00,197.365,421.678,106.845,61.293,0.0062
M014,2025-05-26 03:00:00,181.101,439.568,109.173,60.973,0.0062
M014,2025-05-26 04:00:00,171.686,428.371,100.101,58.282,0.0062
M014,2025-05-26 05:00:00,180.594,423.179,108.169,59.783,0.0062
M014,2025-05-26 06:00:00,193.668,403.877,100.404,50.329,0.0062
M014,2025-05-26 07:00:00,193.862,364.458,103.412,51.336,0.0062
M014,2025-05-26 08:00:00,190.661,373.73,107.732,48.924,0.0062
M014,2025-05-26 09:00:00,191.548,365.971,108.79,54.713,0.0062
M014,2025-05-26 10:00:00,183.915,365.295,103.223,52.455,0.0062
M014,2025-05-26 11:00:00,170.833,449.285,104.358,48.23,0.0062
M014,2025-05-26 12:00:00,179.48,439.537,98.989,51.75,0.0062
M014,2025-05-26 13:00:00,182.091,365.13,98.57,53.368,0.0062
M014,2025-05-26 14:00:00,186.967,406.935,100.924,49.705,0.0062
M014,2025-05-26 15:00:00,196.675,410.136,104.13,52.606,0.0062
M014,2025-05-26 16:00:00,188.792,390.624,103.601,46.621,0.0062
M014,2025-05-26 17:00:00,180.676,374.934,99.1,42.988,0.0062
M014,2025-05-26 18:00:00,173.185,408.132,109.187,48.92,0.0062
M014,2025-05-26 19:00:00,167.645,396.511,103.669,53.538,0.0062
M014,2025-05-26 20:00:00,176.809,400.774,98.045,52.871,0.0062
M014,2025-05-26 21:00:00,190.309,386.44,94.418,55.756,0.0062
M014,2025-05-26 22:00:00,187.431,350.977,93.331,54.359,0.0062
M014,2025-05-26 23:00:00,181.541,376.699,106.093,47.918,0.0062
M014,2025-05-27 00:00:00,190.392,442.722,84.253,47.615,0.0062
M014,2025-05-27 01:00:00,189.743,409.972,97.312,46.575,0.0062
M014,2025-05-27 02:00:00,190.138,333.338,91.658,46.327,0.0062
M014,2025-05-27 03:00:00,169.849,388.312,105.81,47.694,0.0062
M014,2025-05-27 04:00:00,175.772,368.918,112.701,50.687,0.0062
M014,2025-05-27 05:00:00,180.433,329.811,109.11,47.305,0.0062
M014,2025-05-27 06:00:00,188.564,321.252,106.359,50.449,0.0062
M014,2025-05-27 07:00:00,174.611,357.921,92.241,52.963,0.0062
M014,2025-05-27 08:00:00,181.648,319.739,102.667,52.812,0.0062
M014,2025-05-27 09:00:00,182.89,370.771,103.799,55.145,0.0062
M014,2025-05-27 10:00:00,190.688,374.695,107.304,55.563,0.0062
M014,2025-05-27 11:00:00,185.616,409.51,103.575,56.549,0.0062
M014,2025-05-27 12:00:00,193.319,404.366,101.896,57.333,0.0062
M014,2025-05-27 13:00:00,198.722,377.219,111.362,49.327,0.01407
M014,2025-05-27 14:00:00,194.604,342.783,103.728,50.971,0.01407
M014,2025-05-27 15:00:00,189.066,339.98,114.211,49.519,0.0062
M014,2025-05-27 16:00:00,193.703,353.25,107.892,51.575,0.0062
M014,2025-05-27 17:00:00,193.785,363.252,118.396,48.782,0.0062
M014,2025-05-27 18:00:00,190.086,379.87,105.919,55.714,0.0062
M014,2025-05-27 19:00:00,179.223,366.55,107.062,62.8,0.01407
M014,2025-05-27 20:00:00,187.743,382.396,119.33,69.23,0.01653
M014,2025-05-27 21:00:00,183.128,357.43,112.472,64.028,0.01653
M014,2025-05-27 22:00:00,181.739,295.375,106.837,58.861,0.08333
M014,2025-05-27 23:00:00,180.292,262.806,109.034,51.463,0.08333
M014,2025-05-28 00:00:00,178.308,290.102,107.161,55.514,0.02703
M014,2025-05-28 01:00:00,169.074,353.193,103.697,55.684,0.01653
M014,2025-05-28 02:00:00,173.186,409.333,117.233,55.448,0.02703
M014,2025-05-28 03:00:00,169.107,402.314,123.837,56.156,0.02703
M014,2025-05-28 04:00:00,176.73,411.676,111.503,56.356,0.08333
M014,2025-05-28 05:00:00,183.371,447.087,109.213,52.687,0.08333
M014,2025-05-28 06:00:00,183.76,463.555,101.345,51.293,0.02703
M014,2025-05-28 07:00:00,180.393,377.326,101.822,51.981,0.01407
M014,2025-05-28 08:00:00,180.85,366.149,103.273,48.558,0.01407
M014,2025-05-28 09:00:00,186.892,388.279,102.754,45.492,0.0062
M014,2025-05-28 10:00:00,185.547,402.303,96.259,40.921,0.0062
M014,2025-05-28 11:00:00,178.321,453.502,91.968,38.628,0.0062
M014,2025-05-28 12:00:00,174.176,424.506,100.199,37.888,0.0062
M014,2025-05-28 13:00:00,176.603,320.929,97.887,46.392,0.0062
M014,2025-05-28 14:00:00,168.21,342.277,96.037,47.955,0.0062
M014,2025-05-28 15:00:00,178.047,369.512,98.116,46.052,0.0062
M014,2025-05-28 16:00:00,181.422,392.595,104.402,54.358,0.01653
M014,2025-05-28 17:00:00,182.727,370.892,117.131,53.769,0.02703
M014,2025-05-28 18:00:00,186.389,344.969,118.064,47.427,0.08333
M014,2025-05-28 19:00:00,171.23,302.109,114.151,46.055,0.02703
M014,2025-05-28 20:00:00,186.054,292.947,115.793,51.42,0.01653
M014,2025-05-28 21:00:00,192.372,407.234,106.906,49.003,0.01407
M014,2025-05-28 22:00:00,191.45,396.624,114.41,55.197,0.02703
M014,2025-05-28 23:00:00,180.996,368.267,110.185,54.601,0.02703
M014,2025-05-29 00:00:00,180.459,389.934,102.981,46.736,0.02703
M014,2025-05-29 01:00:00,181.109,413.924,102.335,39.754,0.01407
M014,2025-05-29 02:00:00,180.221,360.95,110.19,40.872,0.01407
M014,2025-05-29 03:00:00,176.367,319.191,102.921,49.643,0.01493
M014,2025-05-29 04:00:00,184.047,408.715,109.534,51.96,0.01407
M014,2025-05-29 05:00:00,183.676,334.741,99.206,47.074,0.01407
M014,2025-05-29 06:00:00,189.011,288.979,111.022,47.055,0.0062
M014,2025-05-29 07:00:00,182.37,228.453,101.315,50.385,0.0062
M014,2025-05-29 08:00:00,183.403,345.503,99.971,48.667,0.0062
M014,2025-05-29 09:00:00,182.672,393.904,107.415,50.263,0.0062
M014,2025-05-29 10:00:00,177.005,393.804,103.68,45.028,0.0062
M014,2025-05-29 11:00:00,179.034,433.511,104.394,50.5,0.0062
M014,2025-05-29 12:00:00,178.792,371.341,104.121,47.264,0.0062
M014,2025-05-29 13:00:00,183.978,348.28,124.083,51.365,0.0062
M014,2025-05-29 14:00:00,189.425,422.824,111.728,45.224,0.0062
M014,2025-05-29 15:00:00,193.845,354.478,111.617,52.124,0.0062
M014,2025-05-29 16:00:00,192.203,402.403,127.818,54.933,0.0062
M014,2025-05-29 17:00:00,194.7,375.639,109.2,55.737,0.01653
M014,2025-05-29 18:00:00,186.486,350.714,92.623,55.217,0.02703
M014,2025-05-29 19:00:00,184.656,342.379,84.728,46.044,0.0062
M014,2025-05-29 20:00:00,186.884,304.835,77.681,49.478,0.0062
M014,2025-05-29 21:00:00,181.248,350.437,88.968,45.478,0.0062
M014,2025-05-29 22:00:00,182.968,358.166,89.395,49.955,0.0062
M014,2025-05-29 23:00:00,157.067,392.186,93.972,47.632,0.0062
M014,2025-05-30 00:00:00,174.769,362.933,96.771,45.644,0.0062
M014,2025-05-30 01:00:00,175.158,462.975,103.749,54.733,0.0062
M014,2025-05-30 02:00:00,181.403,500.994,112.919,50.393,0.0062
M014,2025-05-30 03:00:00,187.635,503.119,95.276,54.42,0.0062
M014,2025-05-30 04:00:00,170.505,494.294,105.439,47.878,0.0062
M014,2025-05-30 05:00:00,176.417,451.613,103.124,46.581,0.0062
M014,2025-05-30 06:00:00,191.027,497.098,82.153,44.589,0.0062
M014,2025-05-30 07:00:00,185.842,438.172,93.8,49.017,0.0062
M014,2025-05-30 08:00:00,184.778,437.658,92.151,52.66,0.0062
M014,2025-05-30 09:00:00,192.077,480.371,88.634,50.71,0.0062
M014,2025-05-30 10:00:00,193.193,508.052,88.157,57.83,0.0062
M014,2025-05-30 11:00:00,197.556,499.369,80.415,63.213,0.0062
M014,2025-05-30 12:00:00,195.447,444.033,91.355,63.492,0.0062
M014,2025-05-30 13:00:00,183.833,453.533,107.508,56.273,0.0062
M014,2025-05-30 14:00:00,177.447,458.12,96.362,49.37,0.0062
M014,2025-05-30 15:00:00,178.482,453.416,101.632,49.844,0.0062
M014,2025-05-30 16:00:00,193.083,428.787,98.297,45.152,0.0062
M014,2025-05-30 17:00:00,185.022,407.249,97.121,46.582,0.0062
M014,2025-05-30 18:00:00,190.682,455.701,90.185,50.132,0.0062
M014,2025-05-30 19:00:00,186.949,378.669,103.627,56.737,0.0062
M014,2025-05-30 20:00:00,179.336,409.901,108.507,56.137,0.0062
M014,2025-05-30 21:00:00,175.478,435.127,102.04,55.937,0.0062
M014,2025-05-30 22:00:00,188.792,453.135,111.807,57.284,0.0062
M014,2025-05-30 23:00:00,181.399,463.169,109.905,54.207,0.01407
M015,2025-05-24 00:00:00,172.667,437.602,103.854,50.179,0.0062
M015,2025-05-24 01:00:00,181.217,403.352,119.623,36.723,0.0062
M015,2025-05-24 02:00:00,184.542,406.878,111.254,41.178,0.0062
M015,2025-05-24 03:00:00,193.303,388.027,109.985,43.276,0.0062
M015,2025-05-24 04:00:00,191.518,362.642,98.461,47.114,0.0062
M015,2025-05-24 05:00:00,187.539,365.97,115.979,43.932,0.0062
M015,2025-05-24 06:00:00,179.658,390.785,106.795,42.651,0.0062
M015,2025-05-24 07:00:00,168.388,376.805,111.783,44.213,0.01407
M015,2025-05-24 08:00:00,188.264,357.259,122.235,43.07,0.01407
M015,2025-05-24 09:00:00,198.951,367.645,121.558,39.593,0.01407
M015,2025-05-24 10:00:00,192.558,386.396,106.82,45.565,0.01407
M015,2025-05-24 11:00:00,194.01,357.652,117.602,44.467,0.01407
M015,2025-05-24 12:00:00,184.969,399.646,122.076,40.069,0.01407
M015,2025-05-24 13:00:00,182.919,429.936,115.215,37.03,0.0062
M015,2025-05-24 14:00:00,186.403,497.695,104.149,37.443,0.0062
M015,2025-05-24 15:00:00,193.804,408.148,110.113,36.846,0.0062
M015,2025-05-24 16:00:00,190.799,396.672,109.166,38.471,0.0062
M015,2025-05-24 17:00:00,190.393,392.001,110.546,42.223,0.0062
M015,2025-05-24 18:00:00,191.732,451.563,103.283,41.598,0.0062
M015,2025-05-24 19:00:00,189.181,422.487,95.404,48.111,0.0062
M015,2025-05-24 20:00:00,189.156,406.415,102.737,48.601,0.0062
M015,2025-05-24 21:00:00,185.672,367.134,114.128,48.659,0.0062
M015,2025-05-24 22:00:00,185.035,375.021,128.308,49.82,0.01407
M015,2025-05-24 23:00:00,185.699,422.737,125.503,41.936,0.0062
M015,2025-05-25 00:00:00,192.699,407.949,118.084,43.144,0.0062
M015,2025-05-25 01:00:00,193.07,351.596,115.163,39.524,0.0062
M015,2025-05-25 02:00:00,195.175,434.679,112.067,45.75,0.0062
M015,2025-05-25 03:00:00,190.009,466.548,111.453,48.556,0.0062
M015,2025-05-25 04:00:00,186.554,451.592,105.96,48.505,0.0062
M015,2025-05-25 05:00:00,197.446,426.958,115.088,50.918,0.0062
M015,2025-05-25 06:00:00,202.271,410.374,99.425,48.364,0.0062
M015,2025-05-25 07:00:00,199.182,395.008,112.981,46.353,0.0062
M015,2025-05-25 08:00:00,196.403,412.851,120.054,40.21,0.0062
M015,2025-05-25 09:00:00,192.825,397.926,126.567,51.449,0.0062
M015,2025-05-25 10:00:00,181.806,355.52,123.701,51.022,0.0062
M015,2025-05-25 11:00:00,167.763,401.408,116.354,52.938,0.0062
M015,2025-05-25 12:00:00,167.839,470.828,115.742,50.643,0.0062
M015,2025-05-25 13:00:00,162.776,479.524,107.02,42.242,0.0062
M015,2025-05-25 14:00:00,171.113,440.545,110.933,43.515,0.0062
M015,2025-05-25 15:00:00,172.199,357.685,104.917,45.649,0.0062
M015,2025-05-25 16:00:00,177.672,411.634,109.481,45.256,0.0062
M015,2025-05-25 17:00:00,181.343,435.816,101.387,49.241,0.0062
M015,2025-05-25 18:00:00,183.526,434.479,102.095,52.814,0.0062
M015,2025-05-25 19:00:00,175.046,449.293,83.583,48.537,0.0062
M015,2025-05-25 20:00:00,177.353,485.796,105.282,51.043,0.0062
M015,2025-05-25 21:00:00,166.913,559.035,90.072,50.498,0.0062
M015,2025-05-25 22:00:00,176.891,509.263,97.218,45.968,0.0062
M015,2025-05-25 23:00:00,184.861,552.339,89.024,48.82,0.0062
M015,2025-05-26 00:00:00,185.152,498.502,93.918,49.975,0.0062
M015,2025-05-26 01:00:00,191.433,440.317,84.723,53.886,0.0062
M015,2025-05-26 02:00:00,191.274,474.07,94.633,51.453,0.0062
M015,2025-05-26 03:00:00,187.308,459.686,108.843,54.006,0.0062
M015,2025-05-26 04:00:00,177.172,451.455,119.368,53.977,0.0062
M015,2025-05-26 05:00:00,168.835,443.579,115.62,52.797,0.0062
M015,2025-05-26 06:00:00,177.004,366.082,109.039,52.016,0.0062
M015,2025-05-26 07:00:00,195.349,378.293,109.353,54.916,0.01407
M015,2025-05-26 08:00:00,189.548,398.226,96.992,54.726,0.01653
M015,2025-05-26 09:00:00,190.041,349.262,99.451,51.889,0.01633
M015,2025-05-26 10:00:00,183.864,356.423,89.895,50.04,0.01407
M015,2025-05-26 11:00:00,176.16,319.314,98.83,48.68,0.08333
M015,2025-05-26 12:00:00,172.247,331.877,94.439,42.178,0.08333
M015,2025-05-26 13:00:00,170.413,416.677,107.51,48.404,0.08333
M015,2025-05-26 14:00:00,182.546,363.281,108.301,49.516,0.01653
M015,2025-05-26 15:00:00,176.554,383.605,97.222,47.957,0.01653
M015,2025-05-26 16:00:00,194.261,403.054,113.43,50.573,0.02703
M015,2025-05-26 17:00:00,181.525,454.293,114.353,51.61,0.01653
M015,2025-05-26 18:00:00,171.699,446.632,126.77,41.683,0.01407
M015,2025-05-26 19:00:00,180.317,428.598,115.648,40.225,0.0062
M015,2025-05-26 20:00:00,176.545,469.103,110.345,42.402,0.01407
M015,2025-05-26 21:00:00,166.124,514.552,115.382,47.816,0.00688
M015,2025-05-26 22:00:00,177.789,464.095,101.352,47.733,0.0062
M015,2025-05-26 23:00:00,191.131,477.837,106.3,47.648,0.0062
M015,2025-05-27 00:00:00,188.041,463.588,99.422,50.878,0.0062
M015,2025-05-27 01:00:00,189.969,427.876,96.534,56.727,0.01633
M015,2025-05-27 02:00:00,181.019,386.816,88.285,56.839,0.02703
M015,2025-05-27 03:00:00,193.631,386.688,90.102,47.599,0.02703
M015,2025-05-27 04:00:00,205.564,433.007,107.85,44.554,0.01633
M015,2025-05-27 05:00:00,199.81,396.266,120.913,48.164,0.01407
M015,2025-05-27 06:00:00,194.987,403.192,113.611,58.891,0.01407
M015,2025-05-27 07:00:00,196.467,395.52,135.23,55.275,0.08333
M015,2025-05-27 08:00:00,190.773,433.726,118.146,58.139,0.08333
M015,2025-05-27 09:00:00,189.347,370.389,114.163,52.124,0.02703
M015,2025-05-27 10:00:00,186.934,392.762,103.128,49.593,0.01653
M015,2025-05-27 11:00:00,181.551,406.698,93.478,50.367,0.01407
M015,2025-05-27 12:00:00,191.814,382.896,104.315,46.681,0.01407
M015,2025-05-27 13:00:00,192.882,386.821,111.826,53.71,0.01407
M015,2025-05-27 14:00:00,186.494,418.196,114.071,50.0,0.01407
M015,2025-05-27 15:00:00,183.8,462.421,107.139,47.423,0.01407
M015,2025-05-27 16:00:00,192.971,519.338,99.157,53.176,0.0062
M015,2025-05-27 17:00:00,194.192,587.445,107.212,54.239,0.0062
M015,2025-05-27 18:00:00,195.065,571.241,104.782,53.465,0.0062
M015,2025-05-27 19:00:00,188.175,498.451,106.501,57.393,0.01407
M015,2025-05-27 20:00:00,195.947,486.964,107.306,54.44,0.01407
M015,2025-05-27 21:00:00,200.506,426.636,90.179,50.833,0.01407
M015,2025-05-27 22:00:00,202.117,440.181,95.249,48.107,0.0062
M015,2025-05-27 23:00:00,194.191,466.457,112.411,45.139,0.0062
M015,2025-05-28 00:00:00,196.962,452.172,108.591,44.409,0.0062
M015,2025-05-28 01:00:00,192.963,372.038,108.223,45.536,0.0062
M015,2025-05-28 02:00:00,191.067,482.7,113.75,45.967,0.0062
M015,2025-05-28 03:00:00,194.459,487.911,110.096,47.978,0.0062
M015,2025-05-28 04:00:00,191.709,368.2,101.386,50.975,0.0062
M015,2025-05-28 05:00:00,185.239,365.586,119.426,43.977,0.0062
M015,2025-05-28 06:00:00,176.69,389.543,110.444,48.619,0.0062
M015,2025-05-28 07:00:00,175.239,402.672,101.842,52.062,0.0062
M015,2025-05-28 08:00:00,184.594,498.706,105.72,45.516,0.0062
M015,2025-05-28 09:00:00,181.032,516.083,100.627,53.049,0.0062
M015,2025-05-28 10:00:00,187.514,486.214,109.654,53.354,0.0062
M015,2025-05-28 11:00:00,183.527,461.107,107.336,53.535,0.0062
M015,2025-05-28 12:00:00,184.37,467.547,109.452,49.619,0.0062
M015,2025-05-28 13:00:00,187.847,495.807,119.535,47.851,0.0062
M015,2025-05-28 14:00:00,188.913,482.712,120.144,48.834,0.0062
M015,2025-05-28 15:00:00,190.563,502.639,119.74,47.564,0.0062
M015,2025-05-28 16:00:00,186.16,480.888,103.591,50.388,0.0062
M015,2025-05-28 17:00:00,176.531,473.423,113.843,53.989,0.01407
M015,2025-05-28 18:00:00,179.653,409.395,104.022,55.511,0.01653
M015,2025-05-28 19:00:00,178.022,347.611,106.262,49.566,0.01653
M015,2025-05-28 20:00:00,176.868,397.438,107.158,51.339,0.02703
M015,2025-05-28 21:00:00,181.201,438.347,100.735,45.706,0.01633
M015,2025-05-28 22:00:00,180.014,421.9,116.9,45.741,0.01407
M015,2025-05-28 23:00:00,168.704,362.168,109.402,40.51,0.0062
M015,2025-05-29 00:00:00,169.48,443.008,102.845,49.871,0.0062
M015,2025-05-29 01:00:00,176.947,451.452,106.831,52.861,0.0062
M015,2025-05-29 02:00:00,180.075,383.284,108.024,54.894,0.01407
M015,2025-05-29 03:00:00,183.701,401.408,104.958,55.564,0.01633
M015,2025-05-29 04:00:00,177.804,461.371,117.582,51.738,0.01653
M015,2025-05-29 05:00:00,175.302,417.827,110.737,54.162,0.01407
M015,2025-05-29 06:00:00,181.648,479.418,103.2,48.769,0.0062
M015,2025-05-29 07:00:00,181.638,478.66,96.328,51.664,0.01407
M015,2025-05-29 08:00:00,182.141,436.819,90.614,59.555,0.01407
M015,2025-05-29 09:00:00,193.376,550.254,105.96,51.623,0.01407
M015,2025-05-29 10:00:00,182.257,562.777,93.652,47.677,0.01407
M015,2025-05-29 11:00:00,179.558,441.8,93.384,49.631,0.0062
M015,2025-05-29 12:00:00,185.02,400.562,93.238,44.104,0.0062
M015,2025-05-29 13:00:00,190.945,449.478,98.89,41.635,0.01407
M015,2025-05-29 14:00:00,187.972,378.211,116.111,41.007,0.01407
M015,2025-05-29 15:00:00,181.291,373.558,112.827,48.358,0.01633
M015,2025-05-29 16:00:00,182.948,498.529,112.673,52.344,0.01633
M015,2025-05-29 17:00:00,185.175,493.455,118.883,52.736,0.01407
M015,2025-05-29 18:00:00,171.046,490.497,122.592,48.19,0.0062
M015,2025-05-29 19:00:00,182.831,438.688,111.187,40.979,0.0062
M015,2025-05-29 20:00:00,184.577,412.974,114.862,42.066,0.0062
M015,2025-05-29 21:00:00,182.867,432.886,116.734,47.098,0.01407
M015,2025-05-29 22:00:00,179.255,417.133,114.24,46.635,0.01407
M015,2025-05-29 23:00:00,175.744,436.16,101.604,38.189,0.0062
M015,2025-05-30 00:00:00,177.5,424.899,100.427,42.591,0.0062
M015,2025-05-30 01:00:00,175.961,433.37,99.389,47.687,0.0062
M015,2025-05-30 02:00:00,173.945,487.387,110.719,40.18,0.0062
M015,2025-05-30 03:00:00,180.655,460.189,112.367,44.075,0.0062
M015,2025-05-30 04:00:00,179.31,462.285,113.81,36.922,0.0062
M015,2025-05-30 05:00:00,178.316,423.554,122.157,51.116,0.0062
M015,2025-05-30 06:00:00,174.664,525.227,101.647,52.789,0.01407
M015,2025-05-30 07:00:00,171.255,494.472,117.025,49.043,0.01407
M015,2025-05-30 08:00:00,177.976,465.706,128.622,52.244,0.01407
M015,2025-05-30 09:00:00,183.459,473.668,117.051,49.584,0.01407
M015,2025-05-30 10:00:00,191.41,511.812,111.1,50.401,0.01653
M015,2025-05-30 11:00:00,185.434,433.657,104.051,52.608,0.01633
M015,2025-05-30 12:00:00,193.708,379.671,93.486,46.578,0.01633
M015,2025-05-30 13:00:00,183.534,452.373,110.889,49.15,0.01633
M015,2025-05-30 14:00:00,193.554,422.86,111.347,48.379,0.01493
M015,2025-05-30 15:00:00,183.209,430.4,109.786,50.123,0.01407
M015,2025-05-30 16:00:00,184.547,388.935,109.704,47.804,0.01633
M015,2025-05-30 17:00:00,189.681,399.872,106.353,54.587,0.01407
M015,2025-05-30 18:00:00,185.983,406.399,101.713,51.408,0.01407
M015,2025-05-30 19:00:00,189.856,386.531,98.371,54.496,0.01633
M015,2025-05-30 20:00:00,186.59,368.981,113.068,52.337,0.01653
M015,2025-05-30 21:00:00,188.856,412.389,108.59,48.477,0.01633
M015,2025-05-30 22:00:00,178.021,373.738,108.154,52.125,0.01653
M015,2025-05-30 23:00:00,182.289,372.468,109.063,53.802,0.01653
M016,2025-05-24 00:00:00,168.198,416.653,85.759,38.143,0.01653
M016,2025-05-24 01:00:00,181.86,409.159,95.926,32.429,0.01633
M016,2025-05-24 02:00:00,171.691,395.406,87.428,36.772,0.01407
M016,2025-05-24 03:00:00,176.326,415.096,104.234,39.686,0.01407
M016,2025-05-24 04:00:00,180.556,395.012,112.91,42.208,0.01407
M016,2025-05-24 05:00:00,182.945,361.859,114.197,36.086,0.01407
M016,2025-05-24 06:00:00,167.402,324.191,113.301,42.374,0.01407
M016,2025-05-24 07:00:00,165.678,421.525,103.997,32.678,0.0062
M016,2025-05-24 08:00:00,157.332,470.323,98.042,29.6,0.0062
M016,2025-05-24 09:00:00,161.962,397.297,92.467,32.094,0.0062
M016,2025-05-24 10:00:00,164.241,381.7,104.02,37.296,0.0062
M016,2025-05-24 11:00:00,164.815,374.972,86.598,43.524,0.0062
M016,2025-05-24 12:00:00,165.247,420.832,86.061,40.5,0.01407
M016,2025-05-24 13:00:00,161.1,394.215,83.527,42.847,0.0062
M016,2025-05-24 14:00:00,153.091,417.997,100.064,43.411,0.0062
M016,2025-05-24 15:00:00,160.331,451.98,98.904,39.989,0.0062
M016,2025-05-24 16:00:00,161.245,484.217,94.258,38.622,0.0062
M016,2025-05-24 17:00:00,173.944,484.793,102.441,37.262,0.0062
M016,2025-05-24 18:00:00,174.115,550.141,93.224,33.615,0.0062
M016,2025-05-24 19:00:00,164.002,585.509,96.058,38.024,0.0062
M016,2025-05-24 20:00:00,163.073,532.172,101.409,37.297,0.0062
M016,2025-05-24 21:00:00,162.294,484.442,96.744,35.279,0.0062
M016,2025-05-24 22:00:00,171.027,550.713,92.477,37.412,0.0062
M016,2025-05-24 23:00:00,174.382,460.149,85.385,37.46,0.0062
M016,2025-05-25 00:00:00,185.577,414.992,91.991,38.268,0.0062
M016,2025-05-25 01:00:00,177.654,459.576,103.193,35.721,0.0062
M016,2025-05-25 02:00:00,165.861,420.8,100.64,30.898,0.0062
M016,2025-05-25 03:00:00,166.458,422.792,94.613,32.36,0.0062
M016,2025-05-25 04:00:00,167.271,444.553,92.227,35.449,0.0062
M016,2025-05-25 05:00:00,157.645,417.962,94.224,42.622,0.0062
M016,2025-05-25 06:00:00,156.199,450.308,85.196,43.113,0.0062
M016,2025-05-25 07:00:00,166.812,448.009,71.267,42.889,0.0062
M016,2025-05-25 08:00:00,178.369,428.658,86.839,41.384,0.0062
M016,2025-05-25 09:00:00,174.611,414.347,82.465,41.164,0.0062
M016,2025-05-25 10:00:00,166.53,427.11,88.992,37.363,0.0062
M016,2025-05-25 11:00:00,166.727,432.556,95.011,35.499,0.0062
M016,2025-05-25 12:00:00,177.501,412.122,110.398,31.187,0.0062
M016,2025-05-25 13:00:00,182.186,434.153,121.106,33.412,0.0062
M016,2025-05-25 14:00:00,175.736,402.24,108.174,40.311,0.0062
M016,2025-05-25 15:00:00,155.445,487.955,88.994,37.862,0.0062
M016,2025-05-25 16:00:00,161.634,438.607,100.099,36.172,0.0062
M016,2025-05-25 17:00:00,161.445,500.487,99.1,44.543,0.0062
M016,2025-05-25 18:00:00,161.362,475.615,107.409,42.737,0.0062
M016,2025-05-25 19:00:00,157.494,469.49,84.557,42.166,0.0062
M016,2025-05-25 20:00:00,161.528,405.53,97.138,39.369,0.0062
M016,2025-05-25 21:00:00,162.488,407.234,102.545,41.851,0.0062
M016,2025-05-25 22:00:00,168.76,410.933,85.73,45.236,0.01407
M016,2025-05-25 23:00:00,176.67,329.09,87.002,37.032,0.01407
M016,2025-05-26 00:00:00,171.036,409.574,100.34,37.564,0.01407
M016,2025-05-26 01:00:00,174.57,359.632,107.084,34.236,0.0062
M016,2025-05-26 02:00:00,175.612,369.425,113.194,37.543,0.01407
M016,2025-05-26 03:00:00,172.395,423.055,134.109,40.833,0.01407
M016,2025-05-26 04:00:00,173.812,407.427,104.623,39.002,0.0062
M016,2025-05-26 05:00:00,175.268,437.985,97.884,34.022,0.0062
M016,2025-05-26 06:00:00,172.233,376.249,85.342,35.366,0.0062
M016,2025-05-26 07:00:00,165.809,440.705,85.473,40.927,0.0062
M016,2025-05-26 08:00:00,171.961,516.153,85.818,41.083,0.0062
M016,2025-05-26 09:00:00,182.914,435.692,103.506,37.304,0.0062
M016,2025-05-26 10:00:00,188.023,472.426,95.289,39.408,0.0062
M016,2025-05-26 11:00:00,181.007,474.742,98.878,33.195,0.0062
M016,2025-05-26 12:00:00,189.049,407.064,105.904,35.744,0.0062
M016,2025-05-26 13:00:00,178.107,439.331,115.33,36.206,0.01407
M016,2025-05-26 14:00:00,177.667,412.337,87.491,35.131,0.01407
M016,2025-05-26 15:00:00,172.19,412.002,86.423,40.682,0.0062
M016,2025-05-26 16:00:00,168.127,412.271,77.066,38.835,0.0062
M016,2025-05-26 17:00:00,167.166,413.569,81.288,38.2,0.0062
M016,2025-05-26 18:00:00,185.752,432.057,79.27,41.116,0.0062
M016,2025-05-26 19:00:00,196.644,402.063,83.67,35.663,0.0062
M016,2025-05-26 20:00:00,182.798,456.733,84.167,39.66,0.01407
M016,2025-05-26 21:00:00,183.839,415.418,93.715,41.494,0.0062
M016,2025-05-26 22:00:00,181.941,486.84,108.495,42.59,0.0062
M016,2025-05-26 23:00:00,171.861,472.263,98.643,43.8,0.0062
M016,2025-05-27 00:00:00,174.888,407.389,84.126,35.549,0.0062
M016,2025-05-27 01:00:00,163.236,386.138,92.403,31.175,0.0062
M016,2025-05-27 02:00:00,155.459,448.69,92.092,36.51,0.0062
M016,2025-05-27 03:00:00,170.068,494.875,94.597,41.959,0.0062
M016,2025-05-27 04:00:00,175.04,446.209,105.756,37.711,0.01407
M016,2025-05-27 05:00:00,178.458,529.452,102.202,41.358,0.0062
M016,2025-05-27 06:00:00,182.986,503.494,91.013,42.282,0.0062
M016,2025-05-27 07:00:00,178.629,512.973,87.028,40.248,0.0062
M016,2025-05-27 08:00:00,173.801,477.844,95.267,33.025,0.0062
M016,2025-05-27 09:00:00,168.429,501.354,115.326,36.211,0.0062
M016,2025-05-27 10:00:00,169.392,514.856,106.899,36.196,0.0062
M016,2025-05-27 11:00:00,162.82,506.512,100.653,36.544,0.0062
M016,2025-05-27 12:00:00,160.394,487.713,110.225,41.362,0.0062
M016,2025-05-27 13:00:00,167.482,465.139,106.201,43.123,0.0062
M016,2025-05-27 14:00:00,165.653,527.945,108.133,38.361,0.0062
M016,2025-05-27 15:00:00,156.407,413.588,116.948,33.316,0.0062
M016,2025-05-27 16:00:00,162.852,438.621,124.617,39.439,0.0062
M016,2025-05-27 17:00:00,167.529,436.243,121.559,39.775,0.0062
M016,2025-05-27 18:00:00,163.684,481.316,114.446,38.52,0.0062
M016,2025-05-27 19:00:00,169.835,460.659,96.621,33.564,0.0062
M016,2025-05-27 20:00:00,167.301,493.108,108.595,31.843,0.0062
M016,2025-05-27 21:00:00,170.88,477.61,113.313,34.788,0.0062
M016,2025-05-27 22:00:00,162.038,407.79,107.337,38.519,0.0062
M016,2025-05-27 23:00:00,171.075,411.745,98.865,29.214,0.0062
M016,2025-05-28 00:00:00,166.747,435.85,102.785,34.63,0.0062
M016,2025-05-28 01:00:00,174.328,393.04,91.524,34.782,0.0062
M016,2025-05-28 02:00:00,176.436,435.771,108.845,40.627,0.0062
M016,2025-05-28 03:00:00,165.991,416.771,112.273,37.531,0.0062
M016,2025-05-28 04:00:00,162.64,445.444,104.227,31.719,0.0062
M016,2025-05-28 05:00:00,170.775,466.661,101.78,35.383,0.0062
M016,2025-05-28 06:00:00,167.173,426.62,107.825,36.743,0.0062
M016,2025-05-28 07:00:00,176.914,391.7,105.335,31.193,0.0062
M016,2025-05-28 08:00:00,176.456,377.656,107.389,32.71,0.0062
M016,2025-05-28 09:00:00,177.639,327.699,107.998,30.153,0.0062
M016,2025-05-28 10:00:00,174.36,360.916,110.952,38.669,0.01407
M016,2025-05-28 11:00:00,164.079,406.316,113.28,40.061,0.01407
M016,2025-05-28 12:00:00,164.542,342.257,109.017,44.841,0.01633
M016,2025-05-28 13:00:00,171.704,429.892,84.026,39.545,0.01407
M016,2025-05-28 14:00:00,168.146,412.886,95.585,35.341,0.01407
M016,2025-05-28 15:00:00,165.504,401.28,95.846,33.998,0.0062
M016,2025-05-28 16:00:00,170.007,393.291,97.232,30.069,0.0062
M016,2025-05-28 17:00:00,176.069,388.499,76.911,33.413,0.0062
M016,2025-05-28 18:00:00,164.403,394.205,86.899,35.3,0.0062
M016,2025-05-28 19:00:00,173.378,380.837,90.1,36.698,0.0062
M016,2025-05-28 20:00:00,173.914,388.761,95.092,35.328,0.0062
M016,2025-05-28 21:00:00,168.625,442.904,98.947,28.229,0.0062
M016,2025-05-28 22:00:00,176.006,438.398,95.082,35.605,0.0062
M016,2025-05-28 23:00:00,178.066,423.446,79.626,40.996,0.0062
M016,2025-05-29 00:00:00,175.834,394.543,91.048,40.286,0.0062
M016,2025-05-29 01:00:00,168.453,365.428,89.528,36.067,0.0062
M016,2025-05-29 02:00:00,164.483,357.154,90.991,36.081,0.0062
M016,2025-05-29 03:00:00,178.617,341.196,93.855,39.97,0.0062
M016,2025-05-29 04:00:00,181.017,419.781,100.757,44.737,0.01407
M016,2025-05-29 05:00:00,164.001,390.904,117.667,41.296,0.01407
M016,2025-05-29 06:00:00,163.173,314.684,113.796,34.712,0.01407
M016,2025-05-29 07:00:00,166.595,366.641,110.119,35.461,0.01407
M016,2025-05-29 08:00:00,159.507,328.576,111.368,38.342,0.01407
M016,2025-05-29 09:00:00,180.633,337.452,102.075,35.27,0.01407
M016,2025-05-29 10:00:00,180.413,343.174,111.13,35.493,0.0062
M016,2025-05-29 11:00:00,184.562,388.953,103.215,39.101,0.01407
M016,2025-05-29 12:00:00,168.371,422.358,109.545,38.235,0.01407
M016,2025-05-29 13:00:00,172.187,426.278,104.219,38.554,0.01407
M016,2025-05-29 14:00:00,168.246,500.189,105.358,36.79,0.0062
M016,2025-05-29 15:00:00,175.05,502.098,106.08,37.729,0.01407
M016,2025-05-29 16:00:00,174.926,431.038,90.631,42.358,0.01407
M016,2025-05-29 17:00:00,169.038,456.264,93.587,42.25,0.0062
M016,2025-05-29 18:00:00,153.961,432.827,84.797,39.983,0.0062
M016,2025-05-29 19:00:00,151.608,417.741,88.021,43.177,0.0062
M016,2025-05-29 20:00:00,157.815,460.322,97.589,38.704,0.0062
M016,2025-05-29 21:00:00,172.31,464.28,100.682,39.597,0.0062
M016,2025-05-29 22:00:00,168.664,441.561,98.399,27.604,0.0062
M016,2025-05-29 23:00:00,173.533,451.771,97.734,40.354,0.0062
M016,2025-05-30 00:00:00,172.488,413.15,89.022,38.454,0.0062
M016,2025-05-30 01:00:00,180.697,423.927,90.793,46.782,0.01407
M016,2025-05-30 02:00:00,172.226,499.91,93.69,53.324,0.01407
M016,2025-05-30 03:00:00,180.014,471.665,101.838,37.94,0.01407
M016,2025-05-30 04:00:00,174.098,504.003,95.883,36.57,0.01407
M016,2025-05-30 05:00:00,172.619,440.254,100.061,38.327,0.0062
M016,2025-05-30 06:00:00,165.281,401.795,87.349,41.613,0.0062
M016,2025-05-30 07:00:00,173.353,388.871,81.657,43.078,0.0062
M016,2025-05-30 08:00:00,173.524,436.679,79.787,37.246,0.0062
M016,2025-05-30 09:00:00,170.069,495.079,86.105,37.675,0.0062
M016,2025-05-30 10:00:00,163.343,519.028,67.125,39.024,0.0062
M016,2025-05-30 11:00:00,170.594,439.709,83.437,45.358,0.0062
M016,2025-05-30 12:00:00,168.346,483.701,77.032,44.182,0.0062
M016,2025-05-30 13:00:00,174.357,465.512,87.016,40.737,0.0062
M016,2025-05-30 14:00:00,171.344,426.789,87.298,40.024,0.0062
M016,2025-05-30 15:00:00,164.8,450.829,90.825,39.411,0.0062
M016,2025-05-30 16:00:00,160.791,510.59,91.53,37.389,0.0062
M016,2025-05-30 17:00:00,158.709,424.216,87.943,33.291,0.0062
M016,2025-05-30 18:00:00,155.375,484.544,97.323,34.845,0.0062
M016,2025-05-30 19:00:00,151.262,462.597,101.339,35.711,0.0062
M016,2025-05-30 20:00:00,155.033,493.01,104.915,29.775,0.0062
M016,2025-05-30 21:00:00,162.969,431.345,110.823,30.109,0.0062
M016,2025-05-30 22:00:00,149.558,433.177,110.017,33.725,0.0062
M016,2025-05-30 23:00:00,158.191,445.269,116.779,33.36,0.0062
M017,2025-05-24 00:00:00,161.315,375.029,91.328,51.105,0.0062
M017,2025-05-24 01:00:00,175.054,299.916,84.239,53.045,0.0062
M017,2025-05-24 02:00:00,171.178,324.907,91.347,54.702,0.0062
M017,2025-05-24 03:00:00,179.536,416.465,101.951,51.825,0.01407
M017,2025-05-24 04:00:00,185.323,450.844,113.708,42.946,0.0062
M017,2025-05-24 05:00:00,183.06,416.462,114.601,51.105,0.0062
M017,2025-05-24 06:00:00,186.755,471.849,138.712,50.675,0.0062
M017,2025-05-24 07:00:00,191.428,381.575,127.101,46.812,0.0062
M017,2025-05-24 08:00:00,188.946,439.31,118.794,43.839,0.0062
M017,2025-05-24 09:00:00,178.493,413.416,115.259,47.123,0.0062
M017,2025-05-24 10:00:00,181.101,374.527,122.72,49.692,0.0062
M017,2025-05-24 11:00:00,186.923,325.991,113.722,50.362,0.0062
M017,2025-05-24 12:00:00,186.391,332.964,120.543,51.623,0.0062
M017,2025-05-24 13:00:00,173.462,333.695,113.587,51.979,0.0062
M017,2025-05-24 14:00:00,175.683,364.377,110.303,52.234,0.0062
M017,2025-05-24 15:00:00,186.851,399.094,104.736,50.359,0.0062
M017,2025-05-24 16:00:00,179.823,417.363,101.135,51.305,0.0062
M017,2025-05-24 17:00:00,182.669,465.466,94.041,41.128,0.0062
M017,2025-05-24 18:00:00,180.387,519.611,103.987,43.916,0.0062
M017,2025-05-24 19:00:00,189.653,446.661,89.202,44.287,0.0062
M017,2025-05-24 20:00:00,194.627,345.142,105.372,46.577,0.0062
M017,2025-05-24 21:00:00,197.874,370.362,104.047,46.19,0.0062
M017,2025-05-24 22:00:00,194.734,430.215,103.898,46.096,0.0062
M017,2025-05-24 23:00:00,188.852,351.018,104.51,49.328,0.0062
M017,2025-05-25 00:00:00,190.83,417.024,105.019,55.09,0.0062
M017,2025-05-25 01:00:00,184.725,506.773,108.605,49.552,0.0062
M017,2025-05-25 02:00:00,180.829,470.29,109.932,51.332,0.0062
M017,2025-05-25 03:00:00,176.312,438.584,103.936,43.705,0.0062
M017,2025-05-25 04:00:00,191.768,454.566,112.117,44.026,0.0062
M017,2025-05-25 05:00:00,176.531,472.142,110.753,42.148,0.0062
M017,2025-05-25 06:00:00,181.792,460.944,108.419,45.773,0.0062
M017,2025-05-25 07:00:00,183.05,398.3,113.921,44.239,0.0062
M017,2025-05-25 08:00:00,189.744,364.069,119.407,42.312,0.0062
M017,2025-05-25 09:00:00,185.279,406.747,116.801,47.812,0.0062
M017,2025-05-25 10:00:00,177.31,395.215,117.365,43.977,0.0062
M017,2025-05-25 11:00:00,179.446,393.912,111.22,45.835,0.0062
M017,2025-05-25 12:00:00,186.989,372.916,99.167,40.637,0.0062
M017,2025-05-25 13:00:00,184.01,416.463,97.032,43.7,0.0062
M017,2025-05-25 14:00:00,186.53,390.367,100.589,44.875,0.0062
M017,2025-05-25 15:00:00,197.422,405.448,103.51,44.024,0.0062
M017,2025-05-25 16:00:00,182.281,354.953,95.467,40.231,0.0062
M017,2025-05-25 17:00:00,180.021,370.084,83.427,50.173,0.0062
M017,2025-05-25 18:00:00,178.859,342.158,102.199,48.712,0.0062
M017,2025-05-25 19:00:00,181.093,375.057,106.343,49.669,0.0062
M017,2025-05-25 20:00:00,188.589,381.626,116.704,56.46,0.01407
M017,2025-05-25 21:00:00,184.727,352.991,119.295,49.867,0.01407
M017,2025-05-25 22:00:00,183.15,378.552,117.776,46.273,0.0062
M017,2025-05-25 23:00:00,181.551,366.302,116.627,41.275,0.0062
M017,2025-05-26 00:00:00,188.931,397.251,94.866,35.887,0.0062
M017,2025-05-26 01:00:00,203.648,267.836,107.776,40.634,0.0062
M017,2025-05-26 02:00:00,193.414,362.818,104.63,53.436,0.0062
M017,2025-05-26 03:00:00,173.334,489.265,113.068,57.141,0.0062
M017,2025-05-26 04:00:00,173.0,473.512,125.251,50.825,0.01407
M017,2025-05-26 05:00:00,180.264,482.066,105.868,52.024,0.0062
M017,2025-05-26 06:00:00,178.559,437.327,102.144,49.075,0.0062
M017,2025-05-26 07:00:00,174.63,493.262,108.027,48.36,0.0062
M017,2025-05-26 08:00:00,180.064,489.584,118.947,47.183,0.0062
M017,2025-05-26 09:00:00,196.618,499.187,113.47,48.909,0.0062
M017,2025-05-26 10:00:00,193.585,494.351,112.234,45.734,0.0062
M017,2025-05-26 11:00:00,192.171,503.776,104.335,45.065,0.0062
M017,2025-05-26 12:00:00,185.942,429.099,109.447,48.133,0.0062
M017,2025-05-26 13:00:00,190.626,400.227,113.702,52.933,0.0062
M017,2025-05-26 14:00:00,179.03,361.434,111.86,58.304,0.01407
M017,2025-05-26 15:00:00,190.0,390.972,95.928,53.736,0.01407
M017,2025-05-26 16:00:00,188.684,397.719,94.296,50.687,0.01407
M017,2025-05-26 17:00:00,182.014,334.237,86.231,47.223,0.0062
M017,2025-05-26 18:00:00,175.69,345.105,98.316,41.64,0.0062
M017,2025-05-26 19:00:00,190.296,341.037,111.004,40.464,0.0062
M017,2025-05-26 20:00:00,187.513,387.414,94.055,36.362,0.0062
M017,2025-05-26 21:00:00,185.245,447.917,96.357,38.239,0.0062
M017,2025-05-26 22:00:00,184.047,471.756,101.062,39.892,0.0062
M017,2025-05-26 23:00:00,175.764,406.401,111.754,35.509,0.0062
M017,2025-05-27 00:00:00,172.663,438.653,109.197,40.671,0.0062
M017,2025-05-27 01:00:00,189.247,450.892,122.904,46.317,0.0062
M017,2025-05-27 02:00:00,193.437,455.843,111.727,43.458,0.0062
M017,2025-05-27 03:00:00,197.582,477.48,100.905,54.497,0.0062
M017,2025-05-27 04:00:00,195.399,455.432,113.157,45.71,0.0062
M017,2025-05-27 05:00:00,196.699,477.072,110.769,52.123,0.0062
M017,2025-05-27 06:00:00,198.767,464.23,98.185,54.881,0.0062
M017,2025-05-27 07:00:00,193.841,434.979,112.509,50.138,0.0062
M017,2025-05-27 08:00:00,187.968,475.639,106.823,50.32,0.0062
M017,2025-05-27 09:00:00,182.654,467.112,103.537,50.989,0.0062
M017,2025-05-27 10:00:00,182.383,424.003,118.257,49.249,0.0062
M017,2025-05-27 11:00:00,175.753,378.827,103.374,48.878,0.0062
M017,2025-05-27 12:00:00,173.328,434.145,97.912,54.518,0.0062
M017,2025-05-27 13:00:00,181.351,501.394,96.255,43.706,0.0062
M017,2025-05-27 14:00:00,198.081,514.909,111.598,45.537,0.0062
M017,2025-05-27 15:00:00,184.62,480.337,122.274,47.775,0.0062
M017,2025-05-27 16:00:00,187.158,467.043,111.056,47.087,0.0062
M017,2025-05-27 17:00:00,192.935,482.618,96.688,57.795,0.0062
M017,2025-05-27 18:00:00,191.356,428.026,106.056,51.29,0.0062
M017,2025-05-27 19:00:00,185.143,365.822,111.41,53.727,0.01407
M017,2025-05-27 20:00:00,193.78,328.11,104.328,50.97,0.01407
M017,2025-05-27 21:00:00,194.413,372.123,105.365,55.89,0.01407
M017,2025-05-27 22:00:00,179.701,419.103,98.745,60.3,0.01633
M017,2025-05-27 23:00:00,182.185,437.864,95.15,50.139,0.01407
M017,2025-05-28 00:00:00,189.645,425.606,97.008,46.793,0.0062
M017,2025-05-28 01:00:00,181.75,476.865,103.165,52.165,0.0062
M017,2025-05-28 02:00:00,178.367,442.774,99.855,51.232,0.0062
M017,2025-05-28 03:00:00,180.428,465.73,96.358,51.17,0.0062
M017,2025-05-28 04:00:00,183.111,484.874,113.843,53.223,0.0062
M017,2025-05-28 05:00:00,187.483,514.272,118.867,48.635,0.0062
M017,2025-05-28 06:00:00,198.868,555.328,120.436,46.299,0.0062
M017,2025-05-28 07:00:00,191.06,470.52,105.657,41.761,0.0062
M017,2025-05-28 08:00:00,200.982,470.934,117.999,44.787,0.0062
M017,2025-05-28 09:00:00,202.549,478.179,110.777,49.374,0.0062
M017,2025-05-28 10:00:00,208.574,482.353,102.357,45.153,0.0062
M017,2025-05-28 11:00:00,200.884,484.573,94.985,45.635,0.0062
M017,2025-05-28 12:00:00,190.158,478.603,113.595,43.745,0.0062
M017,2025-05-28 13:00:00,186.449,430.765,98.353,40.223,0.0062
M017,2025-05-28 14:00:00,181.117,392.076,87.073,49.038,0.0062
M017,2025-05-28 15:00:00,181.804,411.008,94.859,51.757,0.0062
M017,2025-05-28 16:00:00,184.421,440.088,100.491,51.497,0.0062
M017,2025-05-28 17:00:00,177.798,404.271,112.287,51.037,0.0062
M017,2025-05-28 18:00:00,184.465,364.928,111.667,52.033,0.0062
M017,2025-05-28 19:00:00,193.006,368.087,119.786,53.935,0.01407
M017,2025-05-28 20:00:00,188.84,430.479,112.7,54.521,0.01407
M017,2025-05-28 21:00:00,197.334,453.07,105.45,55.392,0.0062
M017,2025-05-28 22:00:00,196.446,476.843,106.337,44.337,0.0062
M017,2025-05-28 23:00:00,195.347,491.949,106.494,48.213,0.0062
M017,2025-05-29 00:00:00,188.754,477.506,103.89,48.193,0.0062
M017,2025-05-29 01:00:00,188.869,474.943,119.878,47.125,0.0062
M017,2025-05-29 02:00:00,182.864,538.559,115.226,39.561,0.0062
M017,2025-05-29 03:00:00,171.761,467.409,120.048,43.502,0.0062
M017,2025-05-29 04:00:00,173.974,461.843,125.976,40.608,0.0062
M017,2025-05-29 05:00:00,175.066,546.85,98.182,46.987,0.0062
M017,2025-05-29 06:00:00,175.693,498.442,100.674,46.421,0.0062
M017,2025-05-29 07:00:00,176.679,445.214,111.151,42.735,0.0062
M017,2025-05-29 08:00:00,179.385,438.113,112.132,37.072,0.0062
M017,2025-05-29 09:00:00,191.097,483.664,124.421,40.942,0.0062
M017,2025-05-29 10:00:00,197.897,480.303,115.708,44.657,0.0062
M017,2025-05-29 11:00:00,196.614,451.764,99.533,47.501,0.0062
M017,2025-05-29 12:00:00,194.215,517.317,108.361,46.839,0.0062
M017,2025-05-29 13:00:00,189.777,543.7,95.455,49.491,0.0062
M017,2025-05-29 14:00:00,195.232,476.862,98.487,47.464,0.0062
M017,2025-05-29 15:00:00,190.19,457.501,113.883,58.304,0.0062
M017,2025-05-29 16:00:00,193.593,460.031,99.906,51.419,0.0062
M017,2025-05-29 17:00:00,190.787,397.712,107.706,45.741,0.0062
M017,2025-05-29 18:00:00,194.394,467.557,117.63,50.662,0.0062
M017,2025-05-29 19:00:00,188.971,436.617,108.157,47.743,0.0062
M017,2025-05-29 20:00:00,196.989,478.74,116.978,49.894,0.0062
M017,2025-05-29 21:00:00,181.169,503.349,132.624,53.219,0.0062
M017,2025-05-29 22:00:00,190.243,475.7,122.355,47.88,0.0062
M017,2025-05-29 23:00:00,182.406,523.338,121.885,47.383,0.0062
M017,2025-05-30 00:00:00,182.765,470.48,121.565,51.748,0.0062
M017,2025-05-30 01:00:00,177.748,442.194,120.155,45.858,0.0062
M017,2025-05-30 02:00:00,194.638,335.068,119.888,47.274,0.0062
M017,2025-05-30 03:00:00,190.749,333.136,111.18,49.748,0.0062
M017,2025-05-30 04:00:00,193.527,406.088,121.091,42.473,0.0062
M017,2025-05-30 05:00:00,200.067,363.093,104.512,43.381,0.0062
M017,2025-05-30 06:00:00,184.501,422.061,92.875,45.103,0.0062
M017,2025-05-30 07:00:00,181.264,414.905,113.021,43.927,0.0062
M017,2025-05-30 08:00:00,176.772,469.066,104.874,43.364,0.0062
M017,2025-05-30 09:00:00,176.24,429.826,107.247,43.847,0.0062
M017,2025-05-30 10:00:00,180.595,430.628,108.147,33.555,0.0062
M017,2025-05-30 11:00:00,191.338,298.892,102.543,38.083,0.0062
M017,2025-05-30 12:00:00,186.783,327.547,103.122,39.783,0.0062
M017,2025-05-30 13:00:00,189.102,377.033,117.699,46.354,0.0062
M017,2025-05-30 14:00:00,183.097,367.623,120.455,49.151,0.0062
M017,2025-05-30 15:00:00,184.783,394.299,119.729,49.243,0.0062
M017,2025-05-30 16:00:00,186.813,346.438,103.405,45.09,0.0062
M017,2025-05-30 17:00:00,185.489,323.596,97.636,44.959,0.0062
M017,2025-05-30 18:00:00,181.435,401.716,97.949,45.958,0.0062
M017,2025-05-30 19:00:00,179.488,532.262,114.012,45.905,0.0062
M017,2025-05-30 20:00:00,169.916,471.407,112.473,44.678,0.0062
M017,2025-05-30 21:00:00,175.252,452.857,105.094,44.889,0.0062
M017,2025-05-30 22:00:00,169.722,433.87,108.941,42.049,0.0062
M017,2025-05-30 23:00:00,177.587,459.933,94.31,47.708,0.0062
M018,2025-05-24 00:00:00,173.874,456.494,91.339,41.311,0.0062
M018,2025-05-24 01:00:00,183.364,451.578,101.082,41.817,0.0062
M018,2025-05-24 02:00:00,180.295,372.378,98.405,48.048,0.0062
M018,2025-05-24 03:00:00,168.297,408.922,90.229,48.981,0.0062
M018,2025-05-24 04:00:00,175.533,401.859,88.417,47.546,0.0062
M018,2025-05-24 05:00:00,175.263,375.124,90.182,47.444,0.0062
M018,2025-05-24 06:00:00,166.567,465.6,103.256,54.233,0.0062
M018,2025-05-24 07:00:00,171.221,481.297,101.09,53.756,0.0062
M018,2025-05-24 08:00:00,160.877,491.787,90.226,48.693,0.0062
M018,2025-05-24 09:00:00,165.276,513.523,93.658,49.316,0.0062
M018,2025-05-24 10:00:00,175.109,457.171,101.371,57.359,0.01407
M018,2025-05-24 11:00:00,182.931,406.382,96.89,51.96,0.01407
M018,2025-05-24 12:00:00,175.587,443.419,110.02,54.819,0.01407
M018,2025-05-24 13:00:00,176.267,481.26,93.77,54.452,0.0062
M018,2025-05-24 14:00:00,184.75,485.8,92.611,47.112,0.0062
M018,2025-05-24 15:00:00,172.023,443.597,95.291,48.639,0.0062
M018,2025-05-24 16:00:00,176.68,505.382,95.102,53.292,0.01407
M018,2025-05-24 17:00:00,175.75,429.665,121.705,56.667,0.01633
M018,2025-05-24 18:00:00,172.938,511.565,125.615,53.77,0.01653
M018,2025-05-24 19:00:00,181.824,493.528,126.273,51.185,0.01407
M018,2025-05-24 20:00:00,173.778,413.991,125.855,52.619,0.01633
M018,2025-05-24 21:00:00,175.778,408.023,113.418,52.867,0.01653
M018,2025-05-24 22:00:00,176.994,450.648,114.664,48.127,0.01633
M018,2025-05-24 23:00:00,190.187,411.591,104.691,44.259,0.0062
M018,2025-05-25 00:00:00,185.533,440.398,117.258,49.615,0.0062
M018,2025-05-25 01:00:00,183.288,463.525,111.725,48.999,0.0062
M018,2025-05-25 02:00:00,180.24,505.681,110.971,46.32,0.0062
M018,2025-05-25 03:00:00,179.588,533.657,104.787,51.411,0.0062
M018,2025-05-25 04:00:00,182.566,454.609,113.188,50.169,0.0062
M018,2025-05-25 05:00:00,178.693,445.074,114.311,51.717,0.0062
M018,2025-05-25 06:00:00,170.096,470.315,109.102,52.858,0.0062
M018,2025-05-25 07:00:00,184.667,409.003,105.206,43.088,0.0062
M018,2025-05-25 08:00:00,195.685,428.602,98.524,53.546,0.0062
M018,2025-05-25 09:00:00,192.399,409.436,79.028,49.045,0.0062
M018,2025-05-25 10:00:00,183.547,413.0,80.766,52.867,0.0062
M018,2025-05-25 11:00:00,185.09,477.709,88.873,49.43,0.0062
M018,2025-05-25 12:00:00,181.089,436.225,86.069,55.009,0.0062
M018,2025-05-25 13:00:00,175.804,424.671,102.094,54.657,0.0062
M018,2025-05-25 14:00:00,182.783,455.217,104.736,52.408,0.0062
M018,2025-05-25 15:00:00,198.502,449.591,113.51,57.929,0.0062
M018,2025-05-25 16:00:00,192.254,445.118,110.669,51.818,0.0062
M018,2025-05-25 17:00:00,186.939,423.23,115.077,55.373,0.0062
M018,2025-05-25 18:00:00,181.62,501.789,120.288,51.537,0.0062
M018,2025-05-25 19:00:00,186.39,432.564,120.055,56.47,0.0062
M018,2025-05-25 20:00:00,184.302,435.599,108.643,56.553,0.0062
M018,2025-05-25 21:00:00,192.809,479.569,99.51,58.426,0.0062
M018,2025-05-25 22:00:00,193.091,447.207,104.155,59.925,0.0062
M018,2025-05-25 23:00:00,181.131,450.165,96.405,52.778,0.0062
M018,2025-05-26 00:00:00,190.27,452.087,103.222,49.343,0.0062
M018,2025-05-26 01:00:00,180.944,411.792,109.116,50.401,0.0062
M018,2025-05-26 02:00:00,185.06,452.838,117.287,54.05,0.0062
M018,2025-05-26 03:00:00,189.521,487.475,104.36,56.464,0.0062
M018,2025-05-26 04:00:00,172.473,422.638,98.659,55.319,0.0062
M018,2025-05-26 05:00:00,167.71,350.933,96.566,55.955,0.0062
M018,2025-05-26 06:00:00,182.466,402.398,97.248,51.843,0.0062
M018,2025-05-26 07:00:00,173.3,390.4,103.408,55.406,0.0062
M018,2025-05-26 08:00:00,181.389,400.892,103.547,63.177,0.0062
M018,2025-05-26 09:00:00,183.433,374.724,108.877,61.799,0.0062
M018,2025-05-26 10:00:00,183.158,450.748,97.963,61.834,0.0062
M018,2025-05-26 11:00:00,187.425,487.832,98.905,59.113,0.0062
M018,2025-05-26 12:00:00,189.208,494.892,114.267,50.304,0.0062
M018,2025-05-26 13:00:00,185.767,524.48,122.651,61.748,0.0062
M018,2025-05-26 14:00:00,189.196,469.173,104.695,58.788,0.0062
M018,2025-05-26 15:00:00,191.5,481.829,100.036,54.011,0.0062
M018,2025-05-26 16:00:00,189.691,455.663,104.542,53.062,0.0062
M018,2025-05-26 17:00:00,183.338,429.836,98.384,56.387,0.0062
M018,2025-05-26 18:00:00,176.399,470.219,93.772,50.985,0.0062
M018,2025-05-26 19:00:00,184.414,413.611,106.308,45.558,0.0062
M018,2025-05-26 20:00:00,184.292,431.39,102.712,45.628,0.0062
M018,2025-05-26 21:00:00,188.079,385.947,106.209,44.037,0.0062
M018,2025-05-26 22:00:00,190.802,435.77,114.639,41.056,0.0062
M018,2025-05-26 23:00:00,188.365,455.575,110.923,43.366,0.0062
M018,2025-05-27 00:00:00,175.186,434.896,103.464,43.081,0.0062
M018,2025-05-27 01:00:00,175.78,494.571,120.597,44.299,0.0062
M018,2025-05-27 02:00:00,176.619,451.838,115.094,49.316,0.0062
M018,2025-05-27 03:00:00,178.98,413.694,114.331,55.597,0.0062
M018,2025-05-27 04:00:00,176.534,364.181,121.271,54.685,0.02703
M018,2025-05-27 05:00:00,178.086,389.06,132.2,52.495,0.08333
M018,2025-05-27 06:00:00,185.147,371.43,112.222,48.83,0.08333
M018,2025-05-27 07:00:00,181.43,448.462,107.906,44.532,0.02703
M018,2025-05-27 08:00:00,190.986,428.616,110.861,50.525,0.02703
M018,2025-05-27 09:00:00,179.811,456.899,113.538,51.943,0.01653
M018,2025-05-27 10:00:00,174.487,463.175,105.385,49.14,0.01633
M018,2025-05-27 11:00:00,187.688,463.503,112.992,54.653,0.01633
M018,2025-05-27 12:00:00,186.464,528.01,106.615,52.685,0.01633
M018,2025-05-27 13:00:00,184.612,508.953,99.939,49.695,0.01407
M018,2025-05-27 14:00:00,178.483,451.11,108.631,42.499,0.01407
M018,2025-05-27 15:00:00,179.063,471.38,113.815,47.02,0.0062
M018,2025-05-27 16:00:00,179.345,471.173,109.565,44.856,0.0062
M018,2025-05-27 17:00:00,181.661,512.833,121.447,44.22,0.0062
M018,2025-05-27 18:00:00,167.065,485.149,123.117,47.048,0.0062
M018,2025-05-27 19:00:00,176.745,510.468,116.162,42.284,0.01407
M018,2025-05-27 20:00:00,175.453,501.806,113.685,44.629,0.01407
M018,2025-05-27 21:00:00,180.272,491.397,104.679,43.121,0.01407
M018,2025-05-27 22:00:00,184.956,461.245,102.878,54.728,0.01407
M018,2025-05-27 23:00:00,189.019,454.856,116.12,57.46,0.01407
M018,2025-05-28 00:00:00,188.626,467.563,113.17,60.475,0.0062
M018,2025-05-28 01:00:00,191.548,467.492,101.863,63.85,0.0062
M018,2025-05-28 02:00:00,189.785,487.333,116.754,57.175,0.0062
M018,2025-05-28 03:00:00,196.497,502.557,109.505,52.545,0.0062
M018,2025-05-28 04:00:00,186.96,491.455,104.624,53.637,0.0062
M018,2025-05-28 05:00:00,182.292,491.059,113.708,54.432,0.0062
M018,2025-05-28 06:00:00,181.317,577.605,100.84,54.493,0.01633
M018,2025-05-28 07:00:00,171.295,557.273,111.093,49.502,0.01407
M018,2025-05-28 08:00:00,194.902,499.597,114.807,53.543,0.01407
M018,2025-05-28 09:00:00,186.893,401.32,112.223,54.17,0.01407
M018,2025-05-28 10:00:00,188.247,383.766,114.652,52.941,0.01653
M018,2025-05-28 11:00:00,187.808,378.398,103.927,52.609,0.02703
M018,2025-05-28 12:00:00,183.643,451.767,108.781,51.761,0.01653
M018,2025-05-28 13:00:00,175.1,447.515,107.879,50.993,0.01633
M018,2025-05-28 14:00:00,189.328,388.399,122.441,44.552,0.0062
M018,2025-05-28 15:00:00,186.034,392.75,116.948,54.143,0.01407
M018,2025-05-28 16:00:00,196.853,395.37,105.726,63.05,0.01653
M018,2025-05-28 17:00:00,192.1,428.276,103.784,56.852,0.01633
M018,2025-05-28 18:00:00,189.356,484.958,102.349,52.92,0.01407
M018,2025-05-28 19:00:00,197.565,490.222,107.368,48.601,0.0062
M018,2025-05-28 20:00:00,191.788,469.253,107.725,48.349,0.0062
M018,2025-05-28 21:00:00,185.136,435.191,112.015,49.306,0.0062
M018,2025-05-28 22:00:00,176.866,482.231,103.326,46.533,0.0062
M018,2025-05-28 23:00:00,169.339,415.138,107.642,48.762,0.0062
M018,2025-05-29 00:00:00,168.988,408.909,115.381,55.896,0.0062
M018,2025-05-29 01:00:00,167.747,434.441,127.455,58.173,0.0062
M018,2025-05-29 02:00:00,191.819,473.511,129.514,51.754,0.0062
M018,2025-05-29 03:00:00,187.312,415.653,144.095,51.262,0.0062
M018,2025-05-29 04:00:00,185.238,426.093,150.566,54.68,0.0062
M018,2025-05-29 05:00:00,183.646,461.238,124.506,48.987,0.0062
M018,2025-05-29 06:00:00,175.512,378.947,128.071,53.248,0.0062
M018,2025-05-29 07:00:00,181.515,485.831,121.973,50.312,0.0062
M018,2025-05-29 08:00:00,179.204,484.416,110.739,46.925,0.0062
M018,2025-05-29 09:00:00,183.417,516.305,119.139,48.511,0.0062
M018,2025-05-29 10:00:00,187.496,507.849,132.138,53.308,0.0062
M018,2025-05-29 11:00:00,184.81,480.392,127.121,49.143,0.0062
M018,2025-05-29 12:00:00,180.332,507.503,108.715,49.823,0.0062
M018,2025-05-29 13:00:00,175.801,497.752,92.033,51.634,0.0062
M018,2025-05-29 14:00:00,176.59,533.65,87.205,48.428,0.0062
M018,2025-05-29 15:00:00,182.128,495.362,78.798,48.178,0.0062
M018,2025-05-29 16:00:00,166.263,503.887,93.373,46.271,0.00505
M018,2025-05-29 17:00:00,175.581,441.229,103.764,37.074,0.00505
M018,2025-05-29 18:00:00,168.975,481.472,105.807,52.452,0.0062
M018,2025-05-29 19:00:00,179.233,508.638,122.211,53.944,0.0062
M018,2025-05-29 20:00:00,167.313,430.275,110.939,51.979,0.0062
M018,2025-05-29 21:00:00,171.043,437.05,119.634,56.601,0.0062
M018,2025-05-29 22:00:00,181.453,443.917,111.791,52.548,0.0062
M018,2025-05-29 23:00:00,178.828,480.81,103.031,49.892,0.0062
M018,2025-05-30 00:00:00,176.465,484.227,97.582,49.722,0.0062
M018,2025-05-30 01:00:00,164.364,441.732,112.645,49.503,0.0062
M018,2025-05-30 02:00:00,161.407,447.793,96.064,47.264,0.0062
M018,2025-05-30 03:00:00,173.212,495.841,102.379,55.02,0.01407
M018,2025-05-30 04:00:00,173.934,553.986,98.983,56.327,0.01407
M018,2025-05-30 05:00:00,184.761,544.248,101.438,54.154,0.01407
M018,2025-05-30 06:00:00,189.069,405.252,97.681,54.161,0.01407
M018,2025-05-30 07:00:00,194.569,419.58,103.632,45.839,0.0062
M018,2025-05-30 08:00:00,184.681,396.193,103.309,56.33,0.01407
M018,2025-05-30 09:00:00,185.405,456.01,108.34,59.805,0.01407
M018,2025-05-30 10:00:00,178.31,466.96,116.835,57.195,0.01407
M018,2025-05-30 11:00:00,181.64,382.563,110.671,55.525,0.01407
M018,2025-05-30 12:00:00,176.345,441.886,101.891,53.631,0.01407
M018,2025-05-30 13:00:00,175.284,437.078,115.355,49.316,0.01407
M018,2025-05-30 14:00:00,170.942,430.453,109.93,50.887,0.01653
M018,2025-05-30 15:00:00,166.778,470.648,99.969,47.683,0.01653
M018,2025-05-30 16:00:00,170.286,464.278,116.07,45.144,0.01493
M018,2025-05-30 17:00:00,181.159,411.162,112.468,44.574,0.0062
M018,2025-05-30 18:00:00,184.373,450.868,95.813,50.528,0.0062
M018,2025-05-30 19:00:00,173.547,503.111,105.492,53.151,0.0062
M018,2025-05-30 20:00:00,168.316,514.256,102.61,56.44,0.01407
M018,2025-05-30 21:00:00,180.172,527.187,107.279,56.326,0.0062
M018,2025-05-30 22:00:00,187.183,475.317,102.017,56.789,0.0062
M018,2025-05-30 23:00:00,182.111,441.252,102.541,52.26,0.0062
M019,2025-05-24 00:00:00,188.539,508.377,122.668,42.759,0.0062
M019,2025-05-24 01:00:00,186.169,485.114,120.147,43.484,0.0062
M019,2025-05-24 02:00:00,194.034,506.479,116.518,41.849,0.0062
M019,2025-05-24 03:00:00,187.445,464.643,119.895,46.196,0.0062
M019,2025-05-24 04:00:00,186.742,465.287,127.668,42.667,0.0
M019,2025-05-24 05:00:00,186.94,466.564,109.393,43.114,0.00505
M019,2025-05-24 06:00:00,190.537,533.402,113.364,47.33,0.0
M019,2025-05-24 07:00:00,185.524,502.758,89.981,46.283,0.0
M019,2025-05-24 08:00:00,190.146,527.83,110.056,47.71,0.0
M019,2025-05-24 09:00:00,184.062,541.345,98.468,46.348,0.0
M019,2025-05-24 10:00:00,178.502,488.848,91.551,54.961,0.0
M019,2025-05-24 11:00:00,180.852,490.159,97.185,47.0,0.00505
M019,2025-05-24 12:00:00,185.234,450.314,115.408,45.361,0.0
M019,2025-05-24 13:00:00,184.174,402.928,102.6,46.261,0.0
M019,2025-05-24 14:00:00,183.104,434.856,126.36,44.539,0.0
M019,2025-05-24 15:00:00,172.572,448.089,119.887,42.075,0.0
M019,2025-05-24 16:00:00,172.865,480.3,109.131,45.727,0.0
M019,2025-05-24 17:00:00,191.679,471.343,106.636,38.387,0.0
M019,2025-05-24 18:00:00,200.327,447.741,119.713,42.2,0.0
M019,2025-05-24 19:00:00,205.042,446.355,110.211,42.676,0.0
M019,2025-05-24 20:00:00,202.284,477.702,123.064,43.92,0.0
M019,2025-05-24 21:00:00,186.201,510.825,124.458,47.11,0.0
M019,2025-05-24 22:00:00,182.043,515.936,113.981,45.9,0.0
M019,2025-05-24 23:00:00,181.967,555.106,123.441,37.48,0.0
M019,2025-05-25 00:00:00,188.196,521.916,121.19,36.41,0.0
M019,2025-05-25 01:00:00,187.016,527.477,117.861,38.941,0.00505
M019,2025-05-25 02:00:00,177.51,491.235,106.53,44.846,0.0
M019,2025-05-25 03:00:00,174.906,523.767,107.172,39.57,0.00505
M019,2025-05-25 04:00:00,187.874,499.439,113.043,32.603,0.00505
M019,2025-05-25 05:00:00,189.89,489.297,100.991,41.248,0.0
M019,2025-05-25 06:00:00,195.205,441.577,95.487,44.77,0.00505
M019,2025-05-25 07:00:00,190.907,461.589,104.0,44.413,0.0
M019,2025-05-25 08:00:00,190.409,613.624,110.338,47.978,0.0
M019,2025-05-25 09:00:00,184.254,562.863,99.558,40.567,0.0
M019,2025-05-25 10:00:00,182.747,557.252,113.269,48.613,0.0
M019,2025-05-25 11:00:00,183.923,495.261,107.595,50.224,0.0
M019,2025-05-25 12:00:00,173.858,430.876,121.067,51.736,0.0062
M019,2025-05-25 13:00:00,171.171,519.975,119.501,47.919,0.0062
M019,2025-05-25 14:00:00,176.638,464.611,122.633,47.281,0.00505
M019,2025-05-25 15:00:00,178.816,445.783,133.003,42.627,0.00505
M019,2025-05-25 16:00:00,189.921,473.973,125.863,42.135,0.00505
M019,2025-05-25 17:00:00,186.524,514.11,125.704,45.547,0.00505
M019,2025-05-25 18:00:00,183.941,465.127,108.112,41.282,0.00505
M019,2025-05-25 19:00:00,194.686,489.661,125.488,39.482,0.00505
M019,2025-05-25 20:00:00,186.312,431.844,125.637,37.23,0.00505
M019,2025-05-25 21:00:00,186.506,512.756,118.87,42.311,0.00505
M019,2025-05-25 22:00:00,189.247,464.075,109.136,49.633,0.00505
M019,2025-05-25 23:00:00,173.283,460.87,119.809,50.624,0.00505
M019,2025-05-26 00:00:00,183.114,464.44,118.243,51.258,0.00505
M019,2025-05-26 01:00:00,191.251,470.216,124.185,51.858,0.0062
M019,2025-05-26 02:00:00,194.247,534.754,121.014,51.089,0.0062
M019,2025-05-26 03:00:00,184.856,518.842,123.383,44.049,0.0
M019,2025-05-26 04:00:00,187.726,540.665,130.623,48.133,0.0
M019,2025-05-26 05:00:00,192.955,471.675,129.472,54.627,0.0062
M019,2025-05-26 06:00:00,186.315,515.806,115.985,46.202,0.0062
M019,2025-05-26 07:00:00,193.069,479.81,109.765,38.792,0.00505
M019,2025-05-26 08:00:00,192.057,564.405,103.129,36.743,0.0
M019,2025-05-26 09:00:00,187.518,486.238,98.748,49.518,0.0
M019,2025-05-26 10:00:00,187.75,403.799,112.09,45.043,0.00505
M019,2025-05-26 11:00:00,186.08,413.669,113.398,41.575,0.00505
M019,2025-05-26 12:00:00,178.948,478.577,91.95,44.194,0.00505
M019,2025-05-26 13:00:00,173.65,429.666,92.698,46.307,0.0
M019,2025-05-26 14:00:00,178.46,438.82,97.571,44.775,0.0
M019,2025-05-26 15:00:00,188.077,453.88,107.089,40.314,0.0
M019,2025-05-26 16:00:00,184.554,401.359,107.237,37.74,0.0
M019,2025-05-26 17:00:00,179.997,423.599,108.207,36.146,0.0
M019,2025-05-26 18:00:00,189.727,452.809,111.542,39.309,0.0
M019,2025-05-26 19:00:00,190.049,534.023,107.335,44.859,0.0
M019,2025-05-26 20:00:00,191.702,542.465,97.18,46.842,0.0
M019,2025-05-26 21:00:00,187.508,518.655,106.513,43.887,0.00505
M019,2025-05-26 22:00:00,186.584,501.147,100.958,47.71,0.00505
M019,2025-05-26 23:00:00,190.034,527.387,104.984,40.882,0.0
M019,2025-05-27 00:00:00,186.624,507.661,108.894,39.946,0.00505
M019,2025-05-27 01:00:00,187.858,485.449,111.229,44.106,0.0062
M019,2025-05-27 02:00:00,202.532,438.454,116.777,37.489,0.0062
M019,2025-05-27 03:00:00,202.857,472.331,107.031,39.809,0.0062
M019,2025-05-27 04:00:00,202.206,470.532,103.728,40.949,0.00505
M019,2025-05-27 05:00:00,179.578,459.814,101.895,36.302,0.00505
M019,2025-05-27 06:00:00,179.651,535.799,108.546,44.338,0.0
M019,2025-05-27 07:00:00,178.523,515.745,99.535,43.511,0.00505
M019,2025-05-27 08:00:00,186.908,470.757,111.597,42.752,0.0062
M019,2025-05-27 09:00:00,199.786,481.974,114.238,48.354,0.0062
M019,2025-05-27 10:00:00,185.131,431.272,116.001,49.244,0.0062
M019,2025-05-27 11:00:00,183.722,429.998,105.385,44.01,0.0062
M019,2025-05-27 12:00:00,171.969,439.963,119.07,43.084,0.0062
M019,2025-05-27 13:00:00,179.424,461.235,119.248,37.954,0.0062
M019,2025-05-27 14:00:00,179.6,621.361,125.642,47.903,0.0062
M019,2025-05-27 15:00:00,180.343,535.402,117.322,51.7,0.0062
M019,2025-05-27 16:00:00,180.656,491.087,132.061,50.9,0.0062
M019,2025-05-27 17:00:00,172.55,528.277,133.015,54.317,0.0062
M019,2025-05-27 18:00:00,173.701,587.038,124.226,55.323,0.0062
M019,2025-05-27 19:00:00,170.187,511.371,120.19,48.325,0.0062
M019,2025-05-27 20:00:00,177.964,534.278,131.269,44.02,0.0062
M019,2025-05-27 21:00:00,176.654,542.86,128.518,46.676,0.0062
M019,2025-05-27 22:00:00,175.543,555.203,122.148,52.583,0.0062
M019,2025-05-27 23:00:00,183.352,564.567,115.392,44.837,0.0062
M019,2025-05-28 00:00:00,192.53,605.668,121.509,44.958,0.0062
M019,2025-05-28 01:00:00,192.329,530.668,133.137,43.48,0.0062
M019,2025-05-28 02:00:00,193.694,532.131,107.952,44.435,0.00505
M019,2025-05-28 03:00:00,197.63,568.222,107.791,41.752,0.0
M019,2025-05-28 04:00:00,189.442,479.208,123.962,45.826,0.00505
M019,2025-05-28 05:00:00,192.37,428.138,126.345,52.662,0.0
M019,2025-05-28 06:00:00,194.014,479.135,118.282,48.183,0.0
M019,2025-05-28 07:00:00,181.905,513.714,119.945,46.203,0.0
M019,2025-05-28 08:00:00,196.727,430.548,116.779,48.074,0.0
M019,2025-05-28 09:00:00,185.5,434.641,119.63,45.615,0.0
M019,2025-05-28 10:00:00,190.813,457.788,116.487,48.941,0.0062
M019,2025-05-28 11:00:00,189.73,481.058,109.365,52.001,0.0062
M019,2025-05-28 12:00:00,187.122,425.513,113.927,44.818,0.0062
M019,2025-05-28 13:00:00,177.286,378.229,112.174,45.796,0.0062
M019,2025-05-28 14:00:00,183.32,383.972,95.249,46.963,0.0062
M019,2025-05-28 15:00:00,184.379,412.35,106.069,42.645,0.0062
M019,2025-05-28 16:00:00,178.381,431.744,104.165,44.014,0.0062
M019,2025-05-28 17:00:00,177.487,485.484,86.85,41.164,0.0062
M019,2025-05-28 18:00:00,175.368,539.278,101.629,45.865,0.0
M019,2025-05-28 19:00:00,167.844,530.271,113.631,45.129,0.0
M019,2025-05-28 20:00:00,166.6,488.714,112.595,42.908,0.0
M019,2025-05-28 21:00:00,178.491,450.476,110.18,46.006,0.0
M019,2025-05-28 22:00:00,172.788,420.571,90.332,43.339,0.0
M019,2025-05-28 23:00:00,170.645,499.71,91.008,44.484,0.0
M019,2025-05-29 00:00:00,176.237,439.283,110.145,44.171,0.0
M019,2025-05-29 01:00:00,184.948,454.102,103.907,43.776,0.00505
M019,2025-05-29 02:00:00,187.285,399.233,105.757,38.289,0.0062
M019,2025-05-29 03:00:00,184.912,454.803,108.183,38.115,0.0062
M019,2025-05-29 04:00:00,185.811,523.117,112.234,42.361,0.0062
M019,2025-05-29 05:00:00,199.166,525.679,109.755,38.554,0.0062
M019,2025-05-29 06:00:00,191.722,493.577,96.839,50.508,0.0062
M019,2025-05-29 07:00:00,193.4,458.759,97.694,46.293,0.0062
M019,2025-05-29 08:00:00,189.573,494.474,105.957,48.818,0.0062
M019,2025-05-29 09:00:00,194.308,511.417,126.781,50.69,0.0062
M019,2025-05-29 10:00:00,200.886,507.631,117.877,41.822,0.0062
M019,2025-05-29 11:00:00,185.229,494.62,118.304,38.746,0.0062
M019,2025-05-29 12:00:00,200.846,458.919,109.233,35.993,0.0062
M019,2025-05-29 13:00:00,192.109,444.813,98.751,34.829,0.0062
M019,2025-05-29 14:00:00,193.068,444.007,113.45,34.235,0.0062
M019,2025-05-29 15:00:00,175.763,474.003,126.791,35.943,0.0062
M019,2025-05-29 16:00:00,175.296,451.927,120.203,37.682,0.0062
M019,2025-05-29 17:00:00,173.938,418.535,106.983,31.222,0.0
M019,2025-05-29 18:00:00,175.269,465.035,117.819,43.164,0.00505
M019,2025-05-29 19:00:00,181.969,507.929,117.404,41.709,0.00505
M019,2025-05-29 20:00:00,194.958,480.36,98.826,41.71,0.0062
M019,2025-05-29 21:00:00,192.703,544.201,118.047,46.642,0.00505
M019,2025-05-29 22:00:00,184.992,547.646,95.94,40.089,0.0
M019,2025-05-29 23:00:00,187.5,469.202,101.05,38.51,0.0
M019,2025-05-30 00:00:00,181.263,524.563,104.017,44.241,0.0
M019,2025-05-30 01:00:00,190.525,469.612,119.434,48.166,0.0
M019,2025-05-30 02:00:00,186.032,528.391,103.171,49.495,0.0
M019,2025-05-30 03:00:00,192.887,460.261,108.15,49.62,0.0
M019,2025-05-30 04:00:00,206.385,559.946,112.655,38.529,0.0
M019,2025-05-30 05:00:00,200.634,539.79,114.121,37.273,0.0
M019,2025-05-30 06:00:00,194.792,462.455,113.915,43.118,0.0
M019,2025-05-30 07:00:00,181.74,468.122,98.428,41.491,0.0
M019,2025-05-30 08:00:00,180.279,431.154,100.786,40.155,0.0
M019,2025-05-30 09:00:00,194.582,413.89,103.903,42.169,0.0
M019,2025-05-30 10:00:00,186.856,420.003,111.642,44.373,0.0
M019,2025-05-30 11:00:00,185.184,375.738,105.713,46.946,0.0062
M019,2025-05-30 12:00:00,190.805,444.847,112.227,46.656,0.00505
M019,2025-05-30 13:00:00,189.367,533.581,99.208,51.258,0.0
M019,2025-05-30 14:00:00,191.492,532.123,117.418,52.869,0.0062
M019,2025-05-30 15:00:00,180.108,484.937,118.571,49.914,0.0062
M019,2025-05-30 16:00:00,178.946,494.434,110.778,49.955,0.0062
M019,2025-05-30 17:00:00,186.408,516.192,102.144,48.101,0.0062
M019,2025-05-30 18:00:00,188.105,428.453,111.164,52.154,0.0062
M019,2025-05-30 19:00:00,190.316,477.594,112.949,50.506,0.0062
M019,2025-05-30 20:00:00,195.344,494.713,112.417,54.818,0.0062
M019,2025-05-30 21:00:00,180.8,431.822,98.324,48.764,0.0062
M019,2025-05-30 22:00:00,183.083,554.745,97.783,51.868,0.0062
M019,2025-05-30 23:00:00,181.698,527.817,114.883,50.453,0.0062
M020,2025-05-24 00:00:00,179.574,455.525,121.18,38.198,0.0062
M020,2025-05-24 01:00:00,190.862,510.892,110.022,33.056,0.0062
M020,2025-05-24 02:00:00,186.128,446.032,107.672,38.736,0.0062
M020,2025-05-24 03:00:00,179.522,499.835,110.364,37.241,0.0062
M020,2025-05-24 04:00:00,183.127,515.121,109.327,42.717,0.0062
M020,2025-05-24 05:00:00,182.887,438.23,124.977,42.403,0.0062
M020,2025-05-24 06:00:00,183.985,431.504,123.928,38.404,0.0062
M020,2025-05-24 07:00:00,180.57,421.231,109.066,35.882,0.0062
M020,2025-05-24 08:00:00,169.705,419.389,110.739,37.271,0.0062
M020,2025-05-24 09:00:00,162.342,374.626,108.874,40.578,0.0062
M020,2025-05-24 10:00:00,178.243,391.01,99.329,37.401,0.0062
M020,2025-05-24 11:00:00,172.383,386.612,80.47,37.934,0.0062
M020,2025-05-24 12:00:00,179.813,405.653,90.218,35.494,0.0062
M020,2025-05-24 13:00:00,179.487,445.925,101.851,49.912,0.0062
M020,2025-05-24 14:00:00,192.012,370.324,110.99,51.943,0.0062
M020,2025-05-24 15:00:00,181.941,369.893,115.865,48.13,0.01407
M020,2025-05-24 16:00:00,185.827,415.567,103.177,48.926,0.01407
M020,2025-05-24 17:00:00,192.97,450.266,102.999,45.462,0.0062
M020,2025-05-24 18:00:00,195.728,454.35,105.283,42.793,0.0062
M020,2025-05-24 19:00:00,191.482,462.746,108.857,43.943,0.0062
M020,2025-05-24 20:00:00,196.097,409.201,113.203,44.686,0.0062
M020,2025-05-24 21:00:00,198.332,360.693,126.708,47.823,0.0062
M020,2025-05-24 22:00:00,192.858,500.175,114.594,46.191,0.0062
M020,2025-05-24 23:00:00,188.241,467.798,117.213,45.606,0.0062
M020,2025-05-25 00:00:00,181.131,405.695,109.156,48.265,0.0062
M020,2025-05-25 01:00:00,170.539,366.614,118.346,45.666,0.0062
M020,2025-05-25 02:00:00,162.1,423.166,122.815,49.738,0.0062
M020,2025-05-25 03:00:00,171.581,379.248,111.605,44.603,0.0062
M020,2025-05-25 04:00:00,173.667,432.787,106.219,44.211,0.0062
M020,2025-05-25 05:00:00,179.423,441.987,108.166,43.084,0.0062
M020,2025-05-25 06:00:00,183.383,354.392,105.711,39.253,0.0062
M020,2025-05-25 07:00:00,184.022,452.63,106.758,39.181,0.0062
M020,2025-05-25 08:00:00,186.109,417.768,102.765,48.985,0.0062
M020,2025-05-25 09:00:00,182.064,366.201,108.44,45.156,0.0062
M020,2025-05-25 10:00:00,176.73,355.055,99.018,45.78,0.0062
M020,2025-05-25 11:00:00,168.091,300.472,103.997,46.964,0.0062
M020,2025-05-25 12:00:00,170.55,281.375,104.606,47.521,0.0062
M020,2025-05-25 13:00:00,177.975,311.474,111.477,48.304,0.0062
M020,2025-05-25 14:00:00,171.498,272.467,120.458,52.28,0.0062
M020,2025-05-25 15:00:00,182.379,328.857,125.709,48.211,0.0062
M020,2025-05-25 16:00:00,177.849,367.19,123.786,40.737,0.0062
M020,2025-05-25 17:00:00,173.959,427.731,123.724,46.459,0.0062
M020,2025-05-25 18:00:00,180.063,442.964,110.968,44.987,0.0062
M020,2025-05-25 19:00:00,187.832,415.573,108.148,43.421,0.0062
M020,2025-05-25 20:00:00,187.775,474.582,103.251,42.168,0.01407
M020,2025-05-25 21:00:00,190.049,400.916,115.131,41.083,0.01407
M020,2025-05-25 22:00:00,180.281,447.688,119.424,42.717,0.01407
M020,2025-05-25 23:00:00,176.306,449.582,107.848,32.805,0.0062
M020,2025-05-26 00:00:00,175.513,462.786,118.527,28.568,0.0062
M020,2025-05-26 01:00:00,171.832,506.049,116.962,32.74,0.0062
M020,2025-05-26 02:00:00,175.789,513.253,101.617,40.108,0.0062
M020,2025-05-26 03:00:00,173.376,495.058,110.643,51.273,0.01407
M020,2025-05-26 04:00:00,170.57,498.971,101.347,48.846,0.01407
M020,2025-05-26 05:00:00,177.959,496.964,117.023,46.047,0.01407
M020,2025-05-26 06:00:00,177.396,459.684,112.899,43.524,0.01407
M020,2025-05-26 07:00:00,182.949,407.781,111.72,43.852,0.0062
M020,2025-05-26 08:00:00,181.062,425.829,102.791,43.619,0.0062
M020,2025-05-26 09:00:00,188.513,426.871,107.915,42.523,0.0062
M020,2025-05-26 10:00:00,181.056,419.098,112.701,41.775,0.0062
M020,2025-05-26 11:00:00,176.053,479.409,117.406,39.906,0.0062
M020,2025-05-26 12:00:00,172.715,412.703,106.685,33.126,0.0062
M020,2025-05-26 13:00:00,182.553,452.931,107.661,42.669,0.0062
M020,2025-05-26 14:00:00,179.474,439.399,110.514,40.498,0.0062
M020,2025-05-26 15:00:00,173.985,494.19,97.57,39.865,0.0062
M020,2025-05-26 16:00:00,185.449,405.827,97.323,41.392,0.0062
M020,2025-05-26 17:00:00,175.807,360.404,93.316,37.236,0.0062
M020,2025-05-26 18:00:00,170.178,474.077,103.121,37.359,0.0062
M020,2025-05-26 19:00:00,170.04,449.186,101.947,40.773,0.0062
M020,2025-05-26 20:00:00,182.04,402.185,98.671,44.173,0.0062
M020,2025-05-26 21:00:00,181.005,386.168,96.724,44.025,0.0062
M020,2025-05-26 22:00:00,174.858,447.107,100.468,45.796,0.0062
M020,2025-05-26 23:00:00,174.506,485.557,104.46,47.393,0.0062
M020,2025-05-27 00:00:00,172.111,462.236,103.998,39.986,0.0062
M020,2025-05-27 01:00:00,180.824,427.03,113.884,43.876,0.0062
M020,2025-05-27 02:00:00,176.405,472.484,107.842,37.413,0.0062
M020,2025-05-27 03:00:00,181.031,448.823,96.756,43.929,0.0062
M020,2025-05-27 04:00:00,182.508,448.903,94.145,40.247,0.0062
M020,2025-05-27 05:00:00,175.601,420.831,106.179,37.213,0.0062
M020,2025-05-27 06:00:00,183.117,382.427,113.711,44.521,0.0062
M020,2025-05-27 07:00:00,184.438,458.66,101.161,44.909,0.0062
M020,2025-05-27 08:00:00,176.042,474.583,99.448,46.428,0.0062
M020,2025-05-27 09:00:00,169.56,504.782,97.426,46.244,0.0062
M020,2025-05-27 10:00:00,168.261,465.423,123.771,39.019,0.0062
M020,2025-05-27 11:00:00,162.033,484.921,118.548,40.568,0.0062
M020,2025-05-27 12:00:00,160.022,475.851,119.072,40.646,0.0062
M020,2025-05-27 13:00:00,168.263,419.883,110.227,47.838,0.01407
M020,2025-05-27 14:00:00,175.014,456.098,103.558,47.363,0.01407
M020,2025-05-27 15:00:00,175.575,492.478,79.56,39.932,0.01407
M020,2025-05-27 16:00:00,177.83,489.083,87.804,42.909,0.0062
M020,2025-05-27 17:00:00,179.9,492.734,90.442,39.885,0.0062
M020,2025-05-27 18:00:00,174.462,509.715,86.92,35.403,0.0062
M020,2025-05-27 19:00:00,185.481,455.226,70.133,33.966,0.0062
M020,2025-05-27 20:00:00,177.172,520.598,80.676,40.956,0.0062
M020,2025-05-27 21:00:00,170.243,487.79,81.895,48.096,0.0062
M020,2025-05-27 22:00:00,171.56,442.076,105.662,43.589,0.0062
M020,2025-05-27 23:00:00,178.991,457.6,103.411,40.903,0.0062
M020,2025-05-28 00:00:00,170.692,454.011,101.095,40.732,0.0062
M020,2025-05-28 01:00:00,165.655,514.295,110.677,35.065,0.0062
M020,2025-05-28 02:00:00,177.967,467.288,106.294,46.363,0.0062
M020,2025-05-28 03:00:00,182.642,439.131,106.036,52.348,0.0062
M020,2025-05-28 04:00:00,182.562,471.238,104.306,49.685,0.0062
M020,2025-05-28 05:00:00,176.151,500.72,107.562,43.258,0.0062
M020,2025-05-28 06:00:00,182.378,512.287,99.913,36.106,0.0062
M020,2025-05-28 07:00:00,181.169,529.509,110.451,40.257,0.0062
M020,2025-05-28 08:00:00,178.99,532.436,98.156,42.711,0.0062
M020,2025-05-28 09:00:00,171.142,529.809,101.977,41.54,0.0062
M020,2025-05-28 10:00:00,176.055,532.131,96.375,39.406,0.0062
M020,2025-05-28 11:00:00,180.43,531.227,101.086,43.432,0.0062
M020,2025-05-28 12:00:00,179.982,558.534,108.148,45.522,0.0062
M020,2025-05-28 13:00:00,181.119,509.446,104.697,44.878,0.0062
M020,2025-05-28 14:00:00,186.613,463.644,104.238,40.732,0.0062
M020,2025-05-28 15:00:00,181.929,438.879,100.791,45.602,0.0062
M020,2025-05-28 16:00:00,178.065,423.428,85.714,46.544,0.0062
M020,2025-05-28 17:00:00,174.83,469.441,95.054,36.087,0.0062
M020,2025-05-28 18:00:00,190.139,477.023,103.017,34.754,0.0062
M020,2025-05-28 19:00:00,186.666,450.76,103.238,33.827,0.0062
M020,2025-05-28 20:00:00,185.929,445.288,100.15,36.439,0.0062
M020,2025-05-28 21:00:00,183.94,516.255,111.294,41.537,0.0062
M020,2025-05-28 22:00:00,182.184,443.469,123.613,47.636,0.0062
M020,2025-05-28 23:00:00,188.084,449.5,127.633,48.75,0.0062
M020,2025-05-29 00:00:00,178.044,481.014,113.024,45.855,0.0062
M020,2025-05-29 01:00:00,180.66,484.695,101.905,43.118,0.0062
M020,2025-05-29 02:00:00,187.138,482.26,98.064,41.262,0.0062
M020,2025-05-29 03:00:00,191.154,454.422,114.309,44.898,0.0062
M020,2025-05-29 04:00:00,181.094,472.997,106.684,45.355,0.0062
M020,2025-05-29 05:00:00,181.931,435.685,98.661,42.754,0.0062
M020,2025-05-29 06:00:00,191.991,466.221,100.61,46.567,0.0062
M020,2025-05-29 07:00:00,196.425,465.06,92.552,42.384,0.0062
M020,2025-05-29 08:00:00,191.871,414.777,88.414,41.523,0.0062
M020,2025-05-29 09:00:00,176.649,470.59,100.505,40.813,0.0062
M020,2025-05-29 10:00:00,180.72,545.324,98.06,45.045,0.0062
M020,2025-05-29 11:00:00,165.368,472.358,97.246,44.591,0.00505
M020,2025-05-29 12:00:00,170.896,468.361,96.858,49.798,0.0062
M020,2025-05-29 13:00:00,171.129,440.816,96.416,52.539,0.0062
M020,2025-05-29 14:00:00,165.241,386.558,98.051,49.374,0.0062
M020,2025-05-29 15:00:00,168.634,404.844,103.837,45.685,0.0062
M020,2025-05-29 16:00:00,169.952,430.215,110.717,45.071,0.0062
M020,2025-05-29 17:00:00,176.328,425.899,110.006,50.66,0.0062
M020,2025-05-29 18:00:00,177.186,418.163,98.398,45.419,0.0062
M020,2025-05-29 19:00:00,171.383,363.453,94.836,43.1,0.0062
M020,2025-05-29 20:00:00,172.749,396.546,92.085,42.386,0.0062
M020,2025-05-29 21:00:00,171.356,446.106,104.724,44.186,0.0062
M020,2025-05-29 22:00:00,180.263,466.79,106.319,44.023,0.0062
M020,2025-05-29 23:00:00,179.27,439.463,107.829,43.93,0.0062
M020,2025-05-30 00:00:00,173.337,428.785,99.104,41.336,0.0062
M020,2025-05-30 01:00:00,185.807,456.689,97.888,44.715,0.0062
M020,2025-05-30 02:00:00,181.136,478.308,95.893,43.209,0.0062
M020,2025-05-30 03:00:00,183.643,493.02,106.204,44.399,0.0062
M020,2025-05-30 04:00:00,180.355,504.237,111.569,47.914,0.0062
M020,2025-05-30 05:00:00,173.911,500.746,111.564,47.33,0.0062
M020,2025-05-30 06:00:00,177.499,487.789,115.385,45.887,0.0062
M020,2025-05-30 07:00:00,168.881,379.278,118.473,46.542,0.0062
M020,2025-05-30 08:00:00,179.499,371.034,117.165,46.711,0.0062
M020,2025-05-30 09:00:00,174.628,461.056,93.53,41.221,0.0062
M020,2025-05-30 10:00:00,168.531,482.022,99.252,41.379,0.0062
M020,2025-05-30 11:00:00,167.814,385.743,98.846,51.067,0.0062
M020,2025-05-30 12:00:00,184.167,418.878,107.58,47.765,0.0062
M020,2025-05-30 13:00:00,185.77,426.705,121.955,43.655,0.0062
M020,2025-05-30 14:00:00,191.123,420.757,116.645,49.185,0.0062
M020,2025-05-30 15:00:00,191.967,436.415,107.719,42.469,0.0062
M020,2025-05-30 16:00:00,181.445,441.004,111.863,37.085,0.0062
M020,2025-05-30 17:00:00,181.542,437.736,108.242,35.25,0.0062
M020,2025-05-30 18:00:00,182.995,474.943,117.772,43.994,0.0062
M020,2025-05-30 19:00:00,182.033,423.485,128.511,41.567,0.0062
M020,2025-05-30 20:00:00,171.683,384.685,130.473,44.073,0.0062
M020,2025-05-30 21:00:00,174.358,462.653,129.831,40.817,0.0062
M020,2025-05-30 22:00:00,172.989,428.969,119.585,48.937,0.0062
M020,2025-05-30 23:00:00,175.676,399.133,108.578,49.135,0.0062
M021,2025-05-24 00:00:00,187.429,495.272,122.118,41.746,0.0062
M021,2025-05-24 01:00:00,193.676,399.281,122.078,46.003,0.0062
M021,2025-05-24 02:00:00,191.907,391.744,115.204,47.781,0.0062
M021,2025-05-24 03:00:00,182.968,415.468,108.429,53.815,0.0062
M021,2025-05-24 04:00:00,180.615,498.835,104.555,51.071,0.0062
M021,2025-05-24 05:00:00,182.271,468.531,111.864,46.452,0.0062
M021,2025-05-24 06:00:00,194.048,441.457,114.381,51.22,0.0062
M021,2025-05-24 07:00:00,188.248,508.542,105.244,48.296,0.0062
M021,2025-05-24 08:00:00,186.766,516.683,92.516,54.322,0.0062
M021,2025-05-24 09:00:00,184.917,469.295,95.947,54.415,0.0062
M021,2025-05-24 10:00:00,192.17,444.544,115.629,55.081,0.0062
M021,2025-05-24 11:00:00,191.316,448.112,118.256,49.489,0.0062
M021,2025-05-24 12:00:00,195.267,416.835,132.209,45.795,0.0062
M021,2025-05-24 13:00:00,199.81,504.512,117.882,49.184,0.0062
M021,2025-05-24 14:00:00,190.579,535.532,118.518,52.634,0.0062
M021,2025-05-24 15:00:00,193.763,511.92,115.816,57.104,0.01407
M021,2025-05-24 16:00:00,196.357,552.926,108.428,48.95,0.0062
M021,2025-05-24 17:00:00,198.658,522.411,109.542,47.827,0.0062
M021,2025-05-24 18:00:00,194.453,501.043,99.311,50.803,0.0062
M021,2025-05-24 19:00:00,193.994,504.534,90.802,49.493,0.0062
M021,2025-05-24 20:00:00,194.819,506.937,100.74,42.212,0.0062
M021,2025-05-24 21:00:00,196.355,489.732,108.063,45.943,0.0062
M021,2025-05-24 22:00:00,190.2,412.168,120.354,42.623,0.0062
M021,2025-05-24 23:00:00,187.29,431.998,117.943,44.99,0.0062
M021,2025-05-25 00:00:00,179.155,463.244,135.086,49.256,0.0062
M021,2025-05-25 01:00:00,177.958,422.236,127.342,50.688,0.0062
M021,2025-05-25 02:00:00,182.949,470.535,122.544,51.428,0.0062
M021,2025-05-25 03:00:00,182.014,475.019,113.78,51.223,0.0062
M021,2025-05-25 04:00:00,176.939,506.921,111.284,55.907,0.0062
M021,2025-05-25 05:00:00,174.18,491.943,103.767,50.772,0.0062
M021,2025-05-25 06:00:00,180.004,369.978,99.136,59.219,0.0062
M021,2025-05-25 07:00:00,185.407,446.561,105.632,49.498,0.0062
M021,2025-05-25 08:00:00,196.623,459.354,103.504,49.545,0.0062
M021,2025-05-25 09:00:00,192.284,548.442,102.676,47.062,0.0062
M021,2025-05-25 10:00:00,184.959,533.674,101.172,48.934,0.0062
M021,2025-05-25 11:00:00,177.873,469.671,104.662,43.047,0.0062
M021,2025-05-25 12:00:00,192.927,487.132,112.918,45.254,0.0062
M021,2025-05-25 13:00:00,182.078,498.099,107.483,46.015,0.0062
M021,2025-05-25 14:00:00,181.385,511.089,91.915,46.902,0.0062
M021,2025-05-25 15:00:00,185.229,487.351,107.522,43.852,0.0062
M021,2025-05-25 16:00:00,188.018,573.449,103.58,48.865,0.0062
M021,2025-05-25 17:00:00,187.353,492.805,106.27,42.172,0.0062
M021,2025-05-25 18:00:00,180.941,441.308,115.783,47.963,0.0062
M021,2025-05-25 19:00:00,185.665,462.532,106.552,50.131,0.0062
M021,2025-05-25 20:00:00,176.538,497.755,100.185,51.762,0.0062
M021,2025-05-25 21:00:00,185.247,453.537,83.662,48.757,0.0062
M021,2025-05-25 22:00:00,189.815,456.992,92.331,54.787,0.0062
M021,2025-05-25 23:00:00,188.558,469.474,105.99,58.161,0.0062
M021,2025-05-26 00:00:00,178.867,456.044,117.372,50.064,0.0062
M021,2025-05-26 01:00:00,184.385,456.03,116.488,52.127,0.0062
M021,2025-05-26 02:00:00,185.928,485.16,109.516,46.394,0.0062
M021,2025-05-26 03:00:00,186.704,460.468,121.565,48.241,0.01633
M021,2025-05-26 04:00:00,186.774,469.589,115.275,44.72,0.01407
M021,2025-05-26 05:00:00,194.729,518.608,116.953,47.101,0.0062
M021,2025-05-26 06:00:00,191.648,492.47,105.996,55.13,0.0062
M021,2025-05-26 07:00:00,194.716,522.627,107.937,59.45,0.01407
M021,2025-05-26 08:00:00,199.436,476.322,107.181,50.208,0.01407
M021,2025-05-26 09:00:00,194.616,467.841,119.214,48.495,0.01407
M021,2025-05-26 10:00:00,184.215,428.891,116.925,43.663,0.01407
M021,2025-05-26 11:00:00,182.399,455.285,123.359,42.755,0.01407
M021,2025-05-26 12:00:00,173.557,440.25,118.658,44.495,0.01407
M021,2025-05-26 13:00:00,170.024,356.95,116.519,47.117,0.0062
M021,2025-05-26 14:00:00,173.822,435.166,119.798,51.272,0.0062
M021,2025-05-26 15:00:00,184.165,459.444,115.33,48.786,0.0062
M021,2025-05-26 16:00:00,186.025,440.655,124.941,54.771,0.01407
M021,2025-05-26 17:00:00,192.128,439.576,110.153,56.471,0.01407
M021,2025-05-26 18:00:00,184.579,467.971,103.609,51.031,0.01407
M021,2025-05-26 19:00:00,183.417,491.545,112.74,50.693,0.0062
M021,2025-05-26 20:00:00,173.468,501.88,124.904,55.696,0.01407
M021,2025-05-26 21:00:00,187.299,534.926,114.898,55.406,0.01493
M021,2025-05-26 22:00:00,180.255,518.827,113.151,51.6,0.01407
M021,2025-05-26 23:00:00,189.901,476.942,112.463,52.465,0.01407
M021,2025-05-27 00:00:00,183.305,519.762,114.641,47.178,0.0062
M021,2025-05-27 01:00:00,196.503,523.8,119.325,50.616,0.0062
M021,2025-05-27 02:00:00,193.795,471.697,109.329,43.902,0.0062
M021,2025-05-27 03:00:00,187.849,502.099,113.368,43.943,0.0062
M021,2025-05-27 04:00:00,197.251,524.288,95.806,44.955,0.0062
M021,2025-05-27 05:00:00,190.459,450.78,96.243,47.087,0.0062
M021,2025-05-27 06:00:00,181.576,420.594,113.691,46.131,0.0062
M021,2025-05-27 07:00:00,189.251,437.861,120.516,39.711,0.0062
M021,2025-05-27 08:00:00,199.34,500.567,118.748,45.047,0.0062
M021,2025-05-27 09:00:00,189.475,455.838,123.441,47.557,0.01407
M021,2025-05-27 10:00:00,184.541,418.055,115.976,51.305,0.0062
M021,2025-05-27 11:00:00,172.716,469.654,124.91,57.477,0.01633
M021,2025-05-27 12:00:00,181.898,474.371,129.492,54.49,0.01633
M021,2025-05-27 13:00:00,182.381,521.743,121.194,56.781,0.01407
M021,2025-05-27 14:00:00,184.46,498.011,121.376,53.079,0.01633
M021,2025-05-27 15:00:00,184.435,525.312,124.664,54.585,0.01633
M021,2025-05-27 16:00:00,179.592,510.554,129.397,51.88,0.01407
M021,2025-05-27 17:00:00,191.658,561.565,105.049,53.663,0.01407
M021,2025-05-27 18:00:00,188.214,568.831,106.8,46.087,0.01407
M021,2025-05-27 19:00:00,181.808,542.441,103.91,47.959,0.0062
M021,2025-05-27 20:00:00,184.984,554.883,95.534,48.387,0.0062
M021,2025-05-27 21:00:00,179.702,498.103,99.379,52.588,0.0062
M021,2025-05-27 22:00:00,177.299,477.314,102.444,60.387,0.0062
M021,2025-05-27 23:00:00,181.365,446.791,93.388,58.497,0.0062
M021,2025-05-28 00:00:00,181.797,493.183,115.769,52.685,0.0062
M021,2025-05-28 01:00:00,172.682,478.002,129.922,50.102,0.0062
M021,2025-05-28 02:00:00,179.813,421.444,119.927,48.204,0.0062
M021,2025-05-28 03:00:00,168.161,451.4,115.892,52.398,0.0062
M021,2025-05-28 04:00:00,182.412,479.671,111.416,54.035,0.01407
M021,2025-05-28 05:00:00,192.727,466.206,98.236,52.055,0.01407
M021,2025-05-28 06:00:00,191.512,460.182,97.329,46.792,0.0062
M021,2025-05-28 07:00:00,176.304,530.877,106.593,52.993,0.0062
M021,2025-05-28 08:00:00,174.228,553.728,108.365,48.756,0.0062
M021,2025-05-28 09:00:00,182.815,534.694,105.322,49.088,0.0062
M021,2025-05-28 10:00:00,177.518,566.274,111.384,49.805,0.0062
M021,2025-05-28 11:00:00,180.831,511.025,108.92,42.469,0.0062
M021,2025-05-28 12:00:00,180.298,469.073,96.359,49.875,0.0062
M021,2025-05-28 13:00:00,181.522,477.395,107.547,50.976,0.0062
M021,2025-05-28 14:00:00,175.663,479.054,112.164,45.277,0.0062
M021,2025-05-28 15:00:00,179.086,419.531,107.32,50.811,0.0062
M021,2025-05-28 16:00:00,176.225,389.48,102.949,49.053,0.0062
M021,2025-05-28 17:00:00,180.715,333.477,113.412,44.55,0.01407
M021,2025-05-28 18:00:00,186.565,358.025,101.763,47.493,0.0062
M021,2025-05-28 19:00:00,194.795,320.024,96.19,47.623,0.01407
M021,2025-05-28 20:00:00,185.978,494.168,96.419,52.068,0.0062
M021,2025-05-28 21:00:00,181.466,470.185,95.727,48.561,0.0062
M021,2025-05-28 22:00:00,177.568,476.02,112.964,54.049,0.0062
M021,2025-05-28 23:00:00,174.265,496.772,105.92,53.507,0.0062
M021,2025-05-29 00:00:00,172.559,485.71,108.686,44.916,0.0062
M021,2025-05-29 01:00:00,168.128,443.339,99.388,43.941,0.0062
M021,2025-05-29 02:00:00,186.008,458.109,104.016,41.312,0.0062
M021,2025-05-29 03:00:00,181.304,407.421,111.567,41.123,0.0062
M021,2025-05-29 04:00:00,183.748,397.98,120.844,47.035,0.0062
M021,2025-05-29 05:00:00,183.37,399.648,114.599,46.697,0.01407
M021,2025-05-29 06:00:00,192.039,429.106,104.56,47.127,0.0062
M021,2025-05-29 07:00:00,186.067,407.947,111.343,46.315,0.0062
M021,2025-05-29 08:00:00,196.584,373.008,120.335,42.494,0.0062
M021,2025-05-29 09:00:00,184.608,394.167,125.461,41.308,0.01407
M021,2025-05-29 10:00:00,197.686,427.813,108.788,39.966,0.01407
M021,2025-05-29 11:00:00,203.427,464.089,113.122,47.782,0.0062
M021,2025-05-29 12:00:00,193.847,457.198,110.23,39.686,0.0062
M021,2025-05-29 13:00:00,199.182,482.053,101.158,37.511,0.0062
M021,2025-05-29 14:00:00,197.203,445.825,96.719,43.027,0.0062
M021,2025-05-29 15:00:00,180.887,442.062,97.424,48.468,0.0062
M021,2025-05-29 16:00:00,192.389,554.819,110.045,47.759,0.0062
M021,2025-05-29 17:00:00,184.742,582.891,110.773,55.429,0.0062
M021,2025-05-29 18:00:00,179.041,494.907,119.3,51.117,0.0062
M021,2025-05-29 19:00:00,182.673,449.914,123.191,51.727,0.0062
M021,2025-05-29 20:00:00,178.226,466.474,118.903,46.94,0.0062
M021,2025-05-29 21:00:00,185.536,414.796,126.991,52.646,0.0062
M021,2025-05-29 22:00:00,192.732,459.881,121.322,46.912,0.0062
M021,2025-05-29 23:00:00,187.744,531.501,107.067,45.675,0.0062
M021,2025-05-30 00:00:00,180.316,511.421,101.88,49.769,0.0062
M021,2025-05-30 01:00:00,194.35,536.053,98.588,48.393,0.01407
M021,2025-05-30 02:00:00,193.514,482.482,103.976,46.036,0.01407
M021,2025-05-30 03:00:00,183.242,449.488,98.802,43.334,0.0062
M021,2025-05-30 04:00:00,185.992,492.598,92.96,53.085,0.01407
M021,2025-05-30 05:00:00,185.023,446.363,101.797,53.702,0.01407
M021,2025-05-30 06:00:00,183.082,429.408,89.876,51.982,0.01407
M021,2025-05-30 07:00:00,186.956,497.037,92.994,50.482,0.0062
M021,2025-05-30 08:00:00,186.204,427.635,106.662,54.529,0.01407
M021,2025-05-30 09:00:00,185.976,478.555,117.659,49.968,0.01407
M021,2025-05-30 10:00:00,183.106,536.353,129.519,45.834,0.01407
M021,2025-05-30 11:00:00,179.421,500.438,108.839,45.469,0.0062
M021,2025-05-30 12:00:00,185.855,512.84,114.822,40.968,0.0062
M021,2025-05-30 13:00:00,192.512,487.497,97.966,52.992,0.0062
M021,2025-05-30 14:00:00,188.227,425.136,113.776,48.356,0.0062
M021,2025-05-30 15:00:00,189.734,400.757,126.443,50.267,0.0062
M021,2025-05-30 16:00:00,184.2,362.947,115.935,47.749,0.0062
M021,2025-05-30 17:00:00,196.071,371.418,102.996,53.677,0.0062
M021,2025-05-30 18:00:00,194.595,505.427,97.27,50.814,0.0062
M021,2025-05-30 19:00:00,203.755,454.557,96.842,50.661,0.0062
M021,2025-05-30 20:00:00,205.368,448.013,105.195,51.495,0.0062
M021,2025-05-30 21:00:00,196.325,441.209,100.356,57.686,0.0062
M021,2025-05-30 22:00:00,195.664,416.692,97.692,55.072,0.0062
M021,2025-05-30 23:00:00,193.985,394.476,115.442,51.901,0.08333
M022,2025-05-24 00:00:00,176.693,451.021,112.189,53.568,0.01407
M022,2025-05-24 01:00:00,186.117,402.151,106.074,51.128,0.01407
M022,2025-05-24 02:00:00,193.491,471.796,108.596,55.344,0.01633
M022,2025-05-24 03:00:00,188.019,516.882,110.888,59.071,0.01653
M022,2025-05-24 04:00:00,176.75,524.181,108.5,60.922,0.01653
M022,2025-05-24 05:00:00,183.721,461.55,114.263,49.248,0.01653
M022,2025-05-24 06:00:00,179.904,415.554,108.932,48.998,0.01633
M022,2025-05-24 07:00:00,190.322,461.667,112.953,47.514,0.01407
M022,2025-05-24 08:00:00,191.927,429.468,108.981,39.507,0.0062
M022,2025-05-24 09:00:00,200.313,460.705,107.956,41.05,0.0062
M022,2025-05-24 10:00:00,187.692,489.36,110.007,45.462,0.0062
M022,2025-05-24 11:00:00,179.836,486.566,120.053,52.576,0.0062
M022,2025-05-24 12:00:00,187.493,533.829,129.857,43.775,0.01407
M022,2025-05-24 13:00:00,187.799,537.098,129.575,42.221,0.01407
M022,2025-05-24 14:00:00,174.339,514.183,113.092,47.748,0.01407
M022,2025-05-24 15:00:00,179.377,501.041,109.282,45.371,0.0062
M022,2025-05-24 16:00:00,179.308,453.061,125.166,43.759,0.01407
M022,2025-05-24 17:00:00,181.88,456.462,114.301,48.951,0.01407
M022,2025-05-24 18:00:00,185.084,459.36,109.36,45.527,0.01407
M022,2025-05-24 19:00:00,181.23,448.826,111.566,44.494,0.01407
M022,2025-05-24 20:00:00,189.247,453.205,119.807,45.718,0.0062
M022,2025-05-24 21:00:00,177.735,382.919,98.509,48.089,0.0062
M022,2025-05-24 22:00:00,185.757,396.845,94.03,48.382,0.0062
M022,2025-05-24 23:00:00,176.213,418.47,93.449,49.747,0.0062
M022,2025-05-25 00:00:00,174.641,493.697,90.534,49.44,0.0062
M022,2025-05-25 01:00:00,174.095,477.652,92.608,47.669,0.0062
M022,2025-05-25 02:00:00,167.627,483.173,102.64,46.93,0.0062
M022,2025-05-25 03:00:00,169.773,437.536,111.379,44.742,0.0062
M022,2025-05-25 04:00:00,187.061,477.442,125.651,51.028,0.0062
M022,2025-05-25 05:00:00,186.295,423.117,110.111,48.701,0.0062
M022,2025-05-25 06:00:00,195.27,447.542,116.039,50.567,0.0062
M022,2025-05-25 07:00:00,191.792,497.622,114.813,48.691,0.0062
M022,2025-05-25 08:00:00,190.48,458.931,125.645,51.989,0.0062
M022,2025-05-25 09:00:00,179.648,419.007,114.672,45.226,0.0062
M022,2025-05-25 10:00:00,171.478,394.422,115.148,41.719,0.0062
M022,2025-05-25 11:00:00,173.835,426.923,118.9,40.961,0.0062
M022,2025-05-25 12:00:00,169.611,402.367,109.311,46.037,0.0062
M022,2025-05-25 13:00:00,180.269,435.307,103.317,45.412,0.0062
M022,2025-05-25 14:00:00,179.851,442.472,96.568,47.239,0.0062
M022,2025-05-25 15:00:00,174.159,456.226,110.971,48.046,0.0062
M022,2025-05-25 16:00:00,168.437,491.625,122.411,47.274,0.0062
M022,2025-05-25 17:00:00,171.784,461.691,122.292,49.334,0.0062
M022,2025-05-25 18:00:00,173.614,463.345,131.471,54.954,0.0062
M022,2025-05-25 19:00:00,175.472,407.792,118.649,53.451,0.01407
M022,2025-05-25 20:00:00,171.497,426.532,117.215,50.136,0.01407
M022,2025-05-25 21:00:00,169.735,411.237,122.895,46.598,0.01407
M022,2025-05-25 22:00:00,170.721,434.62,112.455,57.717,0.01653
M022,2025-05-25 23:00:00,172.432,472.674,113.007,56.531,0.02703
M022,2025-05-26 00:00:00,187.927,460.631,97.96,61.573,0.01407
M022,2025-05-26 01:00:00,188.753,435.709,112.425,61.275,0.01633
M022,2025-05-26 02:00:00,176.028,409.913,107.689,50.89,0.01633
M022,2025-05-26 03:00:00,170.944,429.71,111.514,46.048,0.01407
M022,2025-05-26 04:00:00,157.934,390.429,110.395,38.433,0.0062
M022,2025-05-26 05:00:00,164.526,346.845,117.115,41.578,0.08333
M022,2025-05-26 06:00:00,174.417,393.01,120.022,47.16,0.08333
M022,2025-05-26 07:00:00,179.888,395.135,103.801,42.876,0.02703
M022,2025-05-26 08:00:00,179.482,441.367,97.593,46.489,0.08333
M022,2025-05-26 09:00:00,173.64,463.59,97.868,47.95,0.08333
M022,2025-05-26 10:00:00,174.76,429.793,103.032,49.222,0.02703
M022,2025-05-26 11:00:00,184.352,407.968,109.795,45.871,0.02703
M022,2025-05-26 12:00:00,184.012,394.881,103.71,47.186,0.02703
M022,2025-05-26 13:00:00,197.232,392.818,105.733,49.845,0.08333
M022,2025-05-26 14:00:00,194.076,431.712,112.317,45.138,0.08333
M022,2025-05-26 15:00:00,180.593,459.285,110.426,44.256,0.01653
M022,2025-05-26 16:00:00,182.267,442.729,96.098,45.936,0.01407
M022,2025-05-26 17:00:00,184.944,439.741,104.31,40.029,0.01407
M022,2025-05-26 18:00:00,191.867,496.232,111.158,44.261,0.01407
M022,2025-05-26 19:00:00,184.341,548.848,126.275,51.627,0.01653
M022,2025-05-26 20:00:00,175.37,566.629,122.521,51.232,0.01653
M022,2025-05-26 21:00:00,175.35,603.586,106.768,52.533,0.01407
M022,2025-05-26 22:00:00,193.762,541.17,105.451,45.217,0.01407
M022,2025-05-26 23:00:00,196.453,524.604,108.697,50.666,0.01407
M022,2025-05-27 00:00:00,188.628,474.975,104.521,46.745,0.01407
M022,2025-05-27 01:00:00,190.178,461.875,101.346,49.047,0.0062
M022,2025-05-27 02:00:00,192.774,464.939,99.217,41.395,0.0062
M022,2025-05-27 03:00:00,190.647,425.026,97.154,47.596,0.0062
M022,2025-05-27 04:00:00,182.411,483.718,102.772,44.947,0.0062
M022,2025-05-27 05:00:00,177.123,469.04,92.668,41.483,0.0062
M022,2025-05-27 06:00:00,172.122,451.145,103.352,41.97,0.0062
M022,2025-05-27 07:00:00,173.264,458.935,104.861,44.377,0.0062
M022,2025-05-27 08:00:00,178.661,387.028,119.318,41.355,0.01407
M022,2025-05-27 09:00:00,181.678,478.048,123.613,40.599,0.01407
M022,2025-05-27 10:00:00,177.638,453.402,125.758,42.818,0.01407
M022,2025-05-27 11:00:00,177.826,423.594,119.403,49.332,0.01633
M022,2025-05-27 12:00:00,174.312,478.299,118.754,48.613,0.01633
M022,2025-05-27 13:00:00,170.911,468.213,115.694,46.08,0.01407
M022,2025-05-27 14:00:00,170.908,541.204,123.828,49.718,0.01633
M022,2025-05-27 15:00:00,162.637,511.624,120.823,41.02,0.01633
M022,2025-05-27 16:00:00,177.036,447.97,121.377,42.207,0.01633
M022,2025-05-27 17:00:00,183.194,421.129,124.753,45.089,0.01633
M022,2025-05-27 18:00:00,179.638,470.889,122.375,46.756,0.01653
M022,2025-05-27 19:00:00,182.148,469.037,126.219,44.467,0.01633
M022,2025-05-27 20:00:00,185.0,478.355,125.126,43.569,0.01407
M022,2025-05-27 21:00:00,179.08,512.115,122.657,53.463,0.01407
M022,2025-05-27 22:00:00,177.751,495.931,121.19,52.004,0.01407
M022,2025-05-27 23:00:00,177.854,463.547,127.324,51.197,0.01407
M022,2025-05-28 00:00:00,179.534,454.869,130.853,47.9,0.01407
M022,2025-05-28 01:00:00,175.217,451.539,139.277,55.221,0.01407
M022,2025-05-28 02:00:00,173.243,464.864,127.427,49.85,0.01407
M022,2025-05-28 03:00:00,177.053,529.275,134.717,49.535,0.01407
M022,2025-05-28 04:00:00,189.773,524.787,123.198,55.442,0.01407
M022,2025-05-28 05:00:00,186.966,481.023,129.116,53.093,0.01407
M022,2025-05-28 06:00:00,180.257,477.356,126.683,49.967,0.01407
M022,2025-05-28 07:00:00,175.057,488.109,126.042,47.618,0.01407
M022,2025-05-28 08:00:00,165.852,453.419,120.682,49.458,0.0062
M022,2025-05-28 09:00:00,176.905,538.962,108.045,46.461,0.0062
M022,2025-05-28 10:00:00,176.473,524.566,121.083,50.149,0.0062
M022,2025-05-28 11:00:00,190.885,562.231,124.807,53.947,0.0062
M022,2025-05-28 12:00:00,181.677,566.636,116.596,47.293,0.0062
M022,2025-05-28 13:00:00,179.436,506.105,117.965,45.001,0.0062
M022,2025-05-28 14:00:00,175.298,541.55,122.257,47.172,0.0062
M022,2025-05-28 15:00:00,177.051,546.315,125.732,40.622,0.0062
M022,2025-05-28 16:00:00,174.137,556.097,119.638,50.221,0.0062
M022,2025-05-28 17:00:00,180.133,480.903,119.645,51.958,0.0062
M022,2025-05-28 18:00:00,193.031,518.191,118.243,43.299,0.0062
M022,2025-05-28 19:00:00,189.641,464.288,115.763,47.782,0.0062
M022,2025-05-28 20:00:00,188.233,464.272,102.767,47.779,0.0062
M022,2025-05-28 21:00:00,178.205,503.28,107.378,53.826,0.0062
M022,2025-05-28 22:00:00,178.605,507.671,80.942,52.287,0.0062
M022,2025-05-28 23:00:00,176.966,384.381,80.527,53.036,0.0062
M022,2025-05-29 00:00:00,184.803,487.877,92.038,53.64,0.0062
M022,2025-05-29 01:00:00,179.029,467.251,103.604,48.864,0.0062
M022,2025-05-29 02:00:00,190.777,453.204,102.825,52.225,0.0062
M022,2025-05-29 03:00:00,194.043,455.554,115.632,53.237,0.0062
M022,2025-05-29 04:00:00,193.838,468.47,109.228,56.808,0.0062
M022,2025-05-29 05:00:00,182.329,472.57,127.18,54.533,0.01407
M022,2025-05-29 06:00:00,186.143,491.955,118.716,49.09,0.0062
M022,2025-05-29 07:00:00,184.059,533.65,108.807,45.957,0.0062
M022,2025-05-29 08:00:00,173.99,566.647,96.077,47.247,0.0062
M022,2025-05-29 09:00:00,166.508,585.421,97.522,55.739,0.0062
M022,2025-05-29 10:00:00,170.559,487.549,110.978,57.837,0.01407
M022,2025-05-29 11:00:00,176.326,508.209,97.389,53.257,0.0062
M022,2025-05-29 12:00:00,180.164,509.244,101.938,52.032,0.0062
M022,2025-05-29 13:00:00,187.762,506.973,110.981,55.149,0.0062
M022,2025-05-29 14:00:00,191.475,463.475,122.967,51.251,0.01407
M022,2025-05-29 15:00:00,186.036,388.343,124.052,51.893,0.01407
M022,2025-05-29 16:00:00,179.847,422.182,125.262,43.597,0.0062
M022,2025-05-29 17:00:00,177.07,419.662,116.756,48.189,0.0062
M022,2025-05-29 18:00:00,178.149,417.917,118.564,48.18,0.0062
M022,2025-05-29 19:00:00,182.969,425.169,119.401,43.867,0.0062
M022,2025-05-29 20:00:00,188.757,409.745,125.604,43.005,0.0062
M022,2025-05-29 21:00:00,182.186,494.787,122.06,40.322,0.0062
M022,2025-05-29 22:00:00,181.85,529.303,121.723,42.132,0.0062
M022,2025-05-29 23:00:00,174.094,530.554,103.817,43.664,0.0062
M022,2025-05-30 00:00:00,174.056,538.046,109.712,44.936,0.0062
M022,2025-05-30 01:00:00,168.271,466.757,104.655,50.294,0.0062
M022,2025-05-30 02:00:00,167.389,442.493,106.465,52.534,0.0062
M022,2025-05-30 03:00:00,172.851,499.149,110.813,53.95,0.0062
M022,2025-05-30 04:00:00,180.759,518.67,114.024,61.035,0.0062
M022,2025-05-30 05:00:00,192.515,539.785,104.051,50.284,0.01407
M022,2025-05-30 06:00:00,196.78,606.599,113.878,53.075,0.01407
M022,2025-05-30 07:00:00,198.12,563.205,110.093,54.719,0.01407
M022,2025-05-30 08:00:00,190.173,505.219,112.722,52.692,0.01407
M022,2025-05-30 09:00:00,178.971,456.795,105.008,53.554,0.01407
M022,2025-05-30 10:00:00,184.986,500.419,105.83,52.311,0.01407
M022,2025-05-30 11:00:00,179.926,435.531,114.421,42.661,0.0062
M022,2025-05-30 12:00:00,175.597,492.715,125.8,41.995,0.0062
M022,2025-05-30 13:00:00,167.671,507.994,123.933,44.35,0.0062
M022,2025-05-30 14:00:00,176.8,508.262,119.008,43.96,0.0062
M022,2025-05-30 15:00:00,177.274,450.853,127.603,48.926,0.01407
M022,2025-05-30 16:00:00,180.386,488.659,123.891,50.194,0.01407
M022,2025-05-30 17:00:00,180.345,465.348,118.655,39.186,0.01407
M022,2025-05-30 18:00:00,175.267,385.554,122.108,44.046,0.01407
M022,2025-05-30 19:00:00,170.262,429.664,120.321,50.958,0.01407
M022,2025-05-30 20:00:00,173.357,443.346,130.186,51.574,0.01407
M022,2025-05-30 21:00:00,164.467,519.671,130.648,48.139,0.0062
M022,2025-05-30 22:00:00,176.772,503.412,111.358,42.976,0.0062
M022,2025-05-30 23:00:00,194.137,481.458,112.381,50.031,0.0062
M023,2025-05-24 00:00:00,182.825,531.059,130.104,65.719,0.0062
M023,2025-05-24 01:00:00,175.946,459.36,129.361,62.814,0.0062
M023,2025-05-24 02:00:00,177.376,454.33,135.034,58.797,0.0062
M023,2025-05-24 03:00:00,168.065,465.882,137.075,51.086,0.0062
M023,2025-05-24 04:00:00,169.353,444.177,132.6,47.634,0.0062
M023,2025-05-24 05:00:00,170.276,406.05,141.529,50.111,0.0062
M023,2025-05-24 06:00:00,180.071,389.101,135.832,58.359,0.0062
M023,2025-05-24 07:00:00,180.43,366.475,125.35,61.804,0.0062
M023,2025-05-24 08:00:00,178.814,441.3,117.416,62.969,0.01407
M023,2025-05-24 09:00:00,185.99,441.677,125.199,55.345,0.0062
M023,2025-05-24 10:00:00,197.787,490.679,122.712,60.696,0.02703
M023,2025-05-24 11:00:00,204.821,432.948,111.78,61.169,0.02703
M023,2025-05-24 12:00:00,202.609,392.984,120.274,58.595,0.02703
M023,2025-05-24 13:00:00,201.593,377.325,128.266,60.235,0.02703
M023,2025-05-24 14:00:00,194.939,429.65,133.2,61.279,0.0
M023,2025-05-24 15:00:00,198.691,536.921,107.857,54.043,0.0
M023,2025-05-24 16:00:00,195.562,475.33,98.942,53.821,0.0
M023,2025-05-24 17:00:00,199.889,456.696,77.848,53.853,0.0
M023,2025-05-24 18:00:00,191.158,434.358,93.471,45.16,0.0
M023,2025-05-24 19:00:00,197.018,439.196,93.352,50.005,0.0
M023,2025-05-24 20:00:00,193.522,426.106,100.639,51.232,0.0
M023,2025-05-24 21:00:00,194.915,428.181,121.909,48.819,0.0
M023,2025-05-24 22:00:00,192.604,429.89,118.083,42.409,0.0
M023,2025-05-24 23:00:00,183.818,503.991,105.29,43.186,0.0
M023,2025-05-25 00:00:00,185.491,521.929,116.005,46.043,0.0
M023,2025-05-25 01:00:00,185.614,510.339,113.446,53.457,0.0
M023,2025-05-25 02:00:00,188.46,500.778,124.764,51.825,0.0
M023,2025-05-25 03:00:00,195.164,483.879,102.305,47.333,0.0
M023,2025-05-25 04:00:00,189.175,479.745,116.589,47.974,0.0
M023,2025-05-25 05:00:00,181.35,458.984,116.222,45.428,0.0
M023,2025-05-25 06:00:00,174.622,488.153,104.573,45.501,0.0
M023,2025-05-25 07:00:00,178.863,501.65,99.149,40.972,0.0
M023,2025-05-25 08:00:00,181.4,453.732,104.416,43.763,0.0
M023,2025-05-25 09:00:00,189.682,458.83,100.989,37.775,0.0
M023,2025-05-25 10:00:00,193.55,430.108,90.574,47.919,0.0
M023,2025-05-25 11:00:00,192.406,472.577,113.104,49.721,0.0
M023,2025-05-25 12:00:00,194.247,481.443,111.73,46.009,0.0
M023,2025-05-25 13:00:00,193.115,522.014,96.418,46.749,0.0
M023,2025-05-25 14:00:00,184.631,459.016,86.319,47.44,0.0
M023,2025-05-25 15:00:00,182.157,507.981,98.457,44.51,0.0
M023,2025-05-25 16:00:00,188.039,566.99,107.9,50.575,0.0
M023,2025-05-25 17:00:00,188.854,478.167,114.755,45.987,0.0
M023,2025-05-25 18:00:00,195.151,485.938,111.365,48.818,0.0
M023,2025-05-25 19:00:00,186.66,450.449,112.86,38.618,0.0
M023,2025-05-25 20:00:00,181.423,439.026,114.706,45.593,0.0
M023,2025-05-25 21:00:00,170.829,474.772,122.398,44.692,0.0
M023,2025-05-25 22:00:00,165.917,432.767,120.798,44.92,0.0
M023,2025-05-25 23:00:00,162.132,458.932,126.215,46.363,0.0
M023,2025-05-26 00:00:00,169.472,500.442,120.52,52.329,0.0
M023,2025-05-26 01:00:00,182.071,531.546,117.814,46.517,0.0
M023,2025-05-26 02:00:00,178.082,512.422,111.534,52.045,0.0
M023,2025-05-26 03:00:00,183.543,522.157,110.067,50.442,0.0
M023,2025-05-26 04:00:00,178.59,490.658,105.298,52.902,0.0
M023,2025-05-26 05:00:00,183.471,519.215,119.004,55.803,0.0
M023,2025-05-26 06:00:00,193.712,472.059,111.876,59.098,0.0
M023,2025-05-26 07:00:00,183.872,431.403,121.489,50.32,0.0062
M023,2025-05-26 08:00:00,193.23,438.231,117.758,46.31,0.0062
M023,2025-05-26 09:00:00,191.598,470.643,105.927,46.545,0.0
M023,2025-05-26 10:00:00,191.049,497.196,98.001,47.17,0.0
M023,2025-05-26 11:00:00,181.982,465.692,110.718,49.887,0.0
M023,2025-05-26 12:00:00,193.286,447.535,102.404,45.056,0.0
M023,2025-05-26 13:00:00,185.935,452.045,97.371,50.028,0.0
M023,2025-05-26 14:00:00,187.938,425.914,99.614,48.492,0.0
M023,2025-05-26 15:00:00,189.798,512.327,91.982,47.033,0.0
M023,2025-05-26 16:00:00,187.953,480.176,91.022,49.022,0.0
M023,2025-05-26 17:00:00,173.613,528.905,81.128,51.819,0.0
M023,2025-05-26 18:00:00,181.729,498.465,97.754,52.754,0.00505
M023,2025-05-26 19:00:00,174.681,503.045,105.273,51.729,0.0
M023,2025-05-26 20:00:00,169.588,467.375,99.953,51.355,0.0062
M023,2025-05-26 21:00:00,172.721,435.243,100.981,49.816,0.00505
M023,2025-05-26 22:00:00,177.596,443.137,106.741,48.202,0.0
M023,2025-05-26 23:00:00,176.796,432.098,96.684,51.78,0.0
M023,2025-05-27 00:00:00,172.024,483.804,103.859,41.042,0.0
M023,2025-05-27 01:00:00,179.7,484.688,96.084,44.608,0.0
M023,2025-05-27 02:00:00,187.106,423.504,100.836,46.258,0.0
M023,2025-05-27 03:00:00,183.298,400.458,98.878,50.548,0.0
M023,2025-05-27 04:00:00,187.892,431.019,103.432,47.01,0.00505
M023,2025-05-27 05:00:00,192.659,425.88,115.16,47.811,0.00505
M023,2025-05-27 06:00:00,187.3,410.948,117.638,49.877,0.0
M023,2025-05-27 07:00:00,180.513,528.143,108.735,55.217,0.0062
M023,2025-05-27 08:00:00,178.403,555.575,105.214,60.611,0.0062
M023,2025-05-27 09:00:00,179.241,571.098,100.142,60.718,0.0062
M023,2025-05-27 10:00:00,182.131,507.893,110.51,54.621,0.0062
M023,2025-05-27 11:00:00,181.025,410.757,117.651,54.234,0.0062
M023,2025-05-27 12:00:00,198.427,421.509,108.946,62.524,0.0062
M023,2025-05-27 13:00:00,199.051,453.374,113.453,57.924,0.0062
M023,2025-05-27 14:00:00,196.523,457.689,117.768,57.001,0.0062
M023,2025-05-27 15:00:00,179.27,484.276,119.823,53.349,0.0062
M023,2025-05-27 16:00:00,179.554,443.967,115.206,54.618,0.0062
M023,2025-05-27 17:00:00,181.576,460.018,120.808,48.017,0.0062
M023,2025-05-27 18:00:00,182.825,531.641,110.544,44.2,0.0062
M023,2025-05-27 19:00:00,190.197,498.735,120.003,41.687,0.0062
M023,2025-05-27 20:00:00,186.962,499.028,112.658,45.677,0.0062
M023,2025-05-27 21:00:00,176.946,426.878,118.422,44.583,0.0062
M023,2025-05-27 22:00:00,179.893,422.551,121.781,49.701,0.00505
M023,2025-05-27 23:00:00,175.653,375.241,113.176,48.189,0.0062
M023,2025-05-28 00:00:00,183.93,434.564,110.897,50.369,0.0062
M023,2025-05-28 01:00:00,181.341,373.284,116.334,46.12,0.0062
M023,2025-05-28 02:00:00,192.096,401.339,116.295,48.953,0.0062
M023,2025-05-28 03:00:00,178.043,349.943,109.188,45.539,0.0062
M023,2025-05-28 04:00:00,175.462,451.684,108.346,46.18,0.0062
M023,2025-05-28 05:00:00,182.14,472.501,119.846,47.588,0.0062
M023,2025-05-28 06:00:00,184.608,473.798,123.186,45.25,0.0062
M023,2025-05-28 07:00:00,180.086,479.947,120.249,51.395,0.0062
M023,2025-05-28 08:00:00,165.044,481.246,130.727,56.592,0.0062
M023,2025-05-28 09:00:00,157.796,521.063,124.882,54.06,0.0062
M023,2025-05-28 10:00:00,170.741,479.259,122.587,53.5,0.0062
M023,2025-05-28 11:00:00,178.718,484.989,130.667,52.332,0.0062
M023,2025-05-28 12:00:00,178.66,511.199,118.835,49.627,0.0062
M023,2025-05-28 13:00:00,181.21,499.092,115.264,58.101,0.01407
M023,2025-05-28 14:00:00,179.222,478.097,106.032,52.485,0.0062
M023,2025-05-28 15:00:00,183.542,448.516,102.099,50.593,0.0062
M023,2025-05-28 16:00:00,186.921,505.586,112.91,47.04,0.0062
M023,2025-05-28 17:00:00,175.204,505.483,114.812,44.484,0.0062
M023,2025-05-28 18:00:00,185.667,481.018,111.299,50.029,0.0062
M023,2025-05-28 19:00:00,179.992,513.399,103.706,45.211,0.0062
M023,2025-05-28 20:00:00,178.553,439.125,99.127,49.429,0.0062
M023,2025-05-28 21:00:00,170.61,457.72,97.883,47.71,0.0062
M023,2025-05-28 22:00:00,174.517,446.233,109.446,51.809,0.0062
M023,2025-05-28 23:00:00,190.609,565.31,110.243,49.809,0.0062
M023,2025-05-29 00:00:00,191.565,538.052,106.886,53.171,0.0062
M023,2025-05-29 01:00:00,177.521,479.001,112.386,50.061,0.0062
M023,2025-05-29 02:00:00,185.186,412.167,100.216,43.127,0.0062
M023,2025-05-29 03:00:00,175.89,372.922,111.734,41.03,0.0062
M023,2025-05-29 04:00:00,176.964,409.806,119.672,41.534,0.0062
M023,2025-05-29 05:00:00,178.833,405.103,117.227,38.666,0.0062
M023,2025-05-29 06:00:00,168.946,425.5,103.944,43.951,0.0062
M023,2025-05-29 07:00:00,173.891,416.649,102.325,48.418,0.0062
M023,2025-05-29 08:00:00,177.683,417.959,89.703,44.469,0.0062
M023,2025-05-29 09:00:00,176.03,440.597,85.685,60.229,0.0062
M023,2025-05-29 10:00:00,173.063,470.4,98.135,53.251,0.0062
M023,2025-05-29 11:00:00,176.374,475.343,108.022,53.409,0.01407
M023,2025-05-29 12:00:00,171.802,440.212,99.621,57.431,0.01407
M023,2025-05-29 13:00:00,172.247,479.318,90.481,51.732,0.01407
M023,2025-05-29 14:00:00,174.929,449.07,83.906,57.502,0.01407
M023,2025-05-29 15:00:00,178.527,495.274,104.074,59.023,0.01407
M023,2025-05-29 16:00:00,182.434,468.767,110.313,42.285,0.0062
M023,2025-05-29 17:00:00,172.953,484.386,120.933,51.967,0.0062
M023,2025-05-29 18:00:00,172.965,460.668,108.664,53.439,0.0062
M023,2025-05-29 19:00:00,176.127,470.279,103.672,56.622,0.01407
M023,2025-05-29 20:00:00,178.044,551.239,105.033,52.613,0.01407
M023,2025-05-29 21:00:00,182.98,467.343,109.447,52.617,0.0062
M023,2025-05-29 22:00:00,178.606,543.682,104.768,47.367,0.0062
M023,2025-05-29 23:00:00,172.222,498.367,116.732,51.436,0.0062
M023,2025-05-30 00:00:00,178.629,486.047,108.0,42.845,0.0062
M023,2025-05-30 01:00:00,188.248,426.936,109.469,48.38,0.0062
M023,2025-05-30 02:00:00,185.248,414.579,98.922,48.74,0.0062
M023,2025-05-30 03:00:00,188.441,432.984,106.612,50.016,0.0062
M023,2025-05-30 04:00:00,177.606,451.378,107.604,55.558,0.0062
M023,2025-05-30 05:00:00,178.157,409.29,103.519,59.096,0.01407
M023,2025-05-30 06:00:00,173.864,413.37,112.174,57.297,0.01407
M023,2025-05-30 07:00:00,191.733,469.666,115.083,48.49,0.01407
M023,2025-05-30 08:00:00,198.638,502.474,118.547,48.367,0.0062
M023,2025-05-30 09:00:00,190.387,427.517,113.983,51.006,0.0062
M023,2025-05-30 10:00:00,186.312,472.944,115.016,49.71,0.0062
M023,2025-05-30 11:00:00,191.772,518.109,105.106,53.52,0.01407
M023,2025-05-30 12:00:00,191.98,491.075,103.69,58.26,0.01633
M023,2025-05-30 13:00:00,180.225,607.096,130.568,47.096,0.01407
M023,2025-05-30 14:00:00,177.536,521.953,139.311,46.605,0.0062
M023,2025-05-30 15:00:00,178.175,544.212,136.338,42.983,0.0062
M023,2025-05-30 16:00:00,175.945,506.503,120.933,43.395,0.0062
M023,2025-05-30 17:00:00,171.99,470.893,111.063,43.176,0.0062
M023,2025-05-30 18:00:00,177.32,468.158,114.06,44.745,0.0062
M023,2025-05-30 19:00:00,188.164,405.532,106.103,40.86,0.0062
M023,2025-05-30 20:00:00,188.79,438.898,107.813,48.191,0.0062
M023,2025-05-30 21:00:00,192.345,370.812,112.355,49.935,0.0062
M023,2025-05-30 22:00:00,193.729,476.896,115.476,40.869,0.00505
M023,2025-05-30 23:00:00,189.894,377.729,111.129,47.748,0.0062
M024,2025-05-24 00:00:00,175.426,509.632,106.192,38.548,0.0062
M024,2025-05-24 01:00:00,179.085,456.262,96.719,39.36,0.0062
M024,2025-05-24 02:00:00,180.517,459.552,81.692,41.047,0.0062
M024,2025-05-24 03:00:00,180.258,458.672,78.972,50.348,0.0062
M024,2025-05-24 04:00:00,182.758,477.455,87.22,40.558,0.0062
M024,2025-05-24 05:00:00,186.007,475.153,96.443,44.875,0.01407
M024,2025-05-24 06:00:00,185.556,511.959,101.848,48.585,0.01407
M024,2025-05-24 07:00:00,183.115,442.891,97.538,43.378,0.01407
M024,2025-05-24 08:00:00,184.195,489.316,96.514,39.412,0.01407
M024,2025-05-24 09:00:00,183.301,473.072,98.915,33.829,0.01407
M024,2025-05-24 10:00:00,179.766,492.767,100.382,27.863,0.01407
M024,2025-05-24 11:00:00,179.73,486.483,116.412,33.069,0.0062
M024,2025-05-24 12:00:00,176.264,476.668,101.993,42.686,0.0062
M024,2025-05-24 13:00:00,170.184,505.107,88.344,43.862,0.0062
M024,2025-05-24 14:00:00,157.411,473.221,88.631,39.103,0.0062
M024,2025-05-24 15:00:00,172.914,436.04,97.516,36.369,0.0062
M024,2025-05-24 16:00:00,174.825,389.332,106.578,35.26,0.01407
M024,2025-05-24 17:00:00,174.286,449.419,90.509,41.516,0.01407
M024,2025-05-24 18:00:00,173.907,474.817,75.712,37.616,0.0062
M024,2025-05-24 19:00:00,182.491,503.302,74.897,40.634,0.0062
M024,2025-05-24 20:00:00,182.585,474.495,68.851,38.506,0.0062
M024,2025-05-24 21:00:00,167.329,442.347,77.066,41.055,0.0062
M024,2025-05-24 22:00:00,161.959,440.916,84.628,41.048,0.0062
M024,2025-05-24 23:00:00,169.758,403.82,81.219,45.623,0.0062
M024,2025-05-25 00:00:00,170.477,444.666,67.208,43.683,0.0062
M024,2025-05-25 01:00:00,168.624,396.16,66.306,42.357,0.0062
M024,2025-05-25 02:00:00,171.728,283.289,78.512,38.214,0.0062
M024,2025-05-25 03:00:00,172.709,373.903,88.882,42.615,0.0062
M024,2025-05-25 04:00:00,170.991,417.452,97.895,44.591,0.0062
M024,2025-05-25 05:00:00,168.24,410.564,102.327,50.55,0.0062
M024,2025-05-25 06:00:00,157.289,361.498,100.345,54.604,0.01407
M024,2025-05-25 07:00:00,174.972,407.131,106.256,49.773,0.01407
M024,2025-05-25 08:00:00,176.03,474.17,105.505,40.988,0.0062
M024,2025-05-25 09:00:00,160.952,402.526,109.802,40.558,0.0062
M024,2025-05-25 10:00:00,176.268,454.553,101.514,45.065,0.0062
M024,2025-05-25 11:00:00,178.839,437.338,108.85,42.853,0.02703
M024,2025-05-25 12:00:00,177.139,481.81,99.797,43.288,0.01653
M024,2025-05-25 13:00:00,166.296,555.643,111.082,47.439,0.01407
M024,2025-05-25 14:00:00,166.907,459.567,99.834,43.092,0.01407
M024,2025-05-25 15:00:00,158.858,458.202,96.748,47.671,0.01407
M024,2025-05-25 16:00:00,159.609,469.821,97.138,45.686,0.01407
M024,2025-05-25 17:00:00,168.567,452.943,82.589,43.2,0.01407
M024,2025-05-25 18:00:00,178.845,428.954,83.396,43.657,0.01407
M024,2025-05-25 19:00:00,172.643,456.421,96.681,40.802,0.0062
M024,2025-05-25 20:00:00,176.18,440.847,93.336,40.36,0.01653
M024,2025-05-25 21:00:00,173.19,462.165,103.59,44.349,0.01653
M024,2025-05-25 22:00:00,186.597,458.102,101.34,41.001,0.02703
M024,2025-05-25 23:00:00,188.757,443.072,96.827,43.024,0.08333
M024,2025-05-26 00:00:00,179.397,486.753,92.861,41.056,0.02703
M024,2025-05-26 01:00:00,177.558,491.851,90.899,42.566,0.02703
M024,2025-05-26 02:00:00,164.432,411.237,93.552,46.901,0.02703
M024,2025-05-26 03:00:00,166.427,520.67,79.944,43.968,0.02703
M024,2025-05-26 04:00:00,166.546,453.689,70.696,52.195,0.08333
M024,2025-05-26 05:00:00,168.925,428.418,83.279,39.53,0.02703
M024,2025-05-26 06:00:00,163.566,448.389,83.959,47.286,0.02703
M024,2025-05-26 07:00:00,167.514,478.517,80.815,41.563,0.01407
M024,2025-05-26 08:00:00,170.096,430.818,86.747,37.432,0.01407
M024,2025-05-26 09:00:00,177.042,426.159,91.833,36.842,0.0062
M024,2025-05-26 10:00:00,169.041,495.123,97.091,41.458,0.01407
M024,2025-05-26 11:00:00,163.729,488.759,77.756,38.312,0.0062
M024,2025-05-26 12:00:00,169.024,508.253,77.002,42.186,0.0062
M024,2025-05-26 13:00:00,183.08,413.69,86.495,42.046,0.0062
M024,2025-05-26 14:00:00,182.97,441.202,81.708,38.218,0.0062
M024,2025-05-26 15:00:00,181.842,423.343,102.129,39.809,0.0062
M024,2025-05-26 16:00:00,178.437,471.377,95.058,35.695,0.0062
M024,2025-05-26 17:00:00,174.682,503.507,92.966,46.574,0.0062
M024,2025-05-26 18:00:00,173.543,504.641,91.246,46.021,0.02703
M024,2025-05-26 19:00:00,175.996,502.943,114.589,40.754,0.02703
M024,2025-05-26 20:00:00,181.886,482.068,97.006,39.284,0.01407
M024,2025-05-26 21:00:00,177.472,439.132,102.138,41.539,0.01407
M024,2025-05-26 22:00:00,173.283,459.922,115.502,42.228,0.01493
M024,2025-05-26 23:00:00,168.963,444.437,108.312,40.63,0.01633
M024,2025-05-27 00:00:00,164.039,564.358,101.937,43.457,0.01407
M024,2025-05-27 01:00:00,161.01,528.044,98.332,38.835,0.0062
M024,2025-05-27 02:00:00,163.0,530.485,100.238,48.963,0.01407
M024,2025-05-27 03:00:00,171.204,453.552,100.701,49.748,0.01653
M024,2025-05-27 04:00:00,162.492,476.611,97.324,43.588,0.01407
M024,2025-05-27 05:00:00,168.62,603.421,84.841,38.241,0.0062
M024,2025-05-27 06:00:00,162.818,542.089,81.802,44.046,0.0062
M024,2025-05-27 07:00:00,157.878,522.086,91.005,41.68,0.0062
M024,2025-05-27 08:00:00,161.545,483.203,90.939,44.167,0.0062
M024,2025-05-27 09:00:00,174.873,452.906,84.072,55.491,0.01493
M024,2025-05-27 10:00:00,171.568,420.264,88.393,43.218,0.01633
M024,2025-05-27 11:00:00,163.566,427.677,75.038,44.885,0.01653
M024,2025-05-27 12:00:00,171.023,392.123,74.672,40.127,0.0062
M024,2025-05-27 13:00:00,173.294,494.093,93.178,41.527,0.01407
M024,2025-05-27 14:00:00,183.502,456.732,84.633,42.717,0.01633
M024,2025-05-27 15:00:00,185.316,389.562,83.716,40.735,0.01407
M024,2025-05-27 16:00:00,169.613,360.458,74.152,42.013,0.01407
M024,2025-05-27 17:00:00,172.871,405.604,85.507,40.667,0.0062
M024,2025-05-27 18:00:00,178.767,479.31,101.45,46.102,0.0062
M024,2025-05-27 19:00:00,179.401,458.171,86.376,43.78,0.0062
M024,2025-05-27 20:00:00,162.571,460.436,76.548,49.248,0.0062
M024,2025-05-27 21:00:00,167.72,467.054,91.492,47.876,0.0062
M024,2025-05-27 22:00:00,160.989,505.589,92.911,47.293,0.0062
M024,2025-05-27 23:00:00,172.211,538.9,80.285,39.849,0.0062
M024,2025-05-28 00:00:00,174.929,460.564,71.123,42.689,0.0062
M024,2025-05-28 01:00:00,165.912,401.92,71.255,44.81,0.0062
M024,2025-05-28 02:00:00,165.037,425.945,71.828,38.77,0.0062
M024,2025-05-28 03:00:00,171.149,509.815,96.379,34.671,0.0062
M024,2025-05-28 04:00:00,165.276,524.417,99.097,36.227,0.0062
M024,2025-05-28 05:00:00,160.813,501.012,89.645,36.474,0.0062
M024,2025-05-28 06:00:00,162.827,486.66,91.155,40.128,0.0062
M024,2025-05-28 07:00:00,163.835,485.989,85.13,36.443,0.0062
M024,2025-05-28 08:00:00,163.404,524.061,90.623,40.426,0.0062
M024,2025-05-28 09:00:00,161.78,493.98,103.662,39.181,0.0062
M024,2025-05-28 10:00:00,160.001,477.421,103.509,40.93,0.0062
M024,2025-05-28 11:00:00,170.216,423.777,110.096,40.911,0.0062
M024,2025-05-28 12:00:00,165.266,471.885,114.073,42.286,0.0062
M024,2025-05-28 13:00:00,166.368,415.457,123.278,43.361,0.0062
M024,2025-05-28 14:00:00,167.719,369.053,105.676,47.936,0.0062
M024,2025-05-28 15:00:00,170.92,396.589,102.811,35.34,0.0062
M024,2025-05-28 16:00:00,158.432,432.12,102.997,39.857,0.0062
M024,2025-05-28 17:00:00,166.604,424.452,99.357,32.061,0.0062
M024,2025-05-28 18:00:00,162.259,493.474,94.309,28.373,0.0062
M024,2025-05-28 19:00:00,169.23,483.817,101.046,32.838,0.0062
M024,2025-05-28 20:00:00,184.445,463.017,91.957,39.759,0.0062
M024,2025-05-28 21:00:00,172.671,439.441,102.067,36.535,0.0062
M024,2025-05-28 22:00:00,176.406,472.92,95.55,36.581,0.0062
M024,2025-05-28 23:00:00,165.29,443.512,97.068,37.882,0.0062
M024,2025-05-29 00:00:00,159.16,446.794,92.835,36.068,0.0062
M024,2025-05-29 01:00:00,158.06,525.613,88.727,41.479,0.0062
M024,2025-05-29 02:00:00,169.973,463.42,83.219,36.256,0.0062
M024,2025-05-29 03:00:00,171.851,481.488,76.731,44.288,0.0062
M024,2025-05-29 04:00:00,167.272,507.767,76.759,44.948,0.0062
M024,2025-05-29 05:00:00,165.488,451.804,85.04,45.733,0.0062
M024,2025-05-29 06:00:00,179.992,503.456,79.315,47.359,0.0062
M024,2025-05-29 07:00:00,173.13,549.644,72.635,44.692,0.0062
M024,2025-05-29 08:00:00,162.492,553.099,65.317,47.425,0.0062
M024,2025-05-29 09:00:00,166.788,506.288,76.605,44.253,0.0062
M024,2025-05-29 10:00:00,158.677,485.125,91.841,45.794,0.0062
M024,2025-05-29 11:00:00,150.101,377.217,100.007,44.458,0.0062
M024,2025-05-29 12:00:00,171.545,449.269,97.065,45.797,0.0062
M024,2025-05-29 13:00:00,163.291,425.931,108.086,47.087,0.0062
M024,2025-05-29 14:00:00,169.69,400.109,99.983,45.25,0.0062
M024,2025-05-29 15:00:00,157.949,416.292,106.821,42.735,0.0062
M024,2025-05-29 16:00:00,163.121,488.272,101.857,36.648,0.0062
M024,2025-05-29 17:00:00,177.26,506.172,104.66,39.014,0.0062
M024,2025-05-29 18:00:00,180.401,416.429,119.72,35.115,0.0062
M024,2025-05-29 19:00:00,178.991,445.141,108.31,34.415,0.0062
M024,2025-05-29 20:00:00,183.924,405.43,100.855,40.704,0.0062
M024,2025-05-29 21:00:00,165.407,400.068,103.13,38.242,0.0062
M024,2025-05-29 22:00:00,170.481,355.884,107.608,43.719,0.0062
M024,2025-05-29 23:00:00,173.318,362.537,103.107,39.493,0.0062
M024,2025-05-30 00:00:00,173.312,404.949,101.871,43.828,0.0062
M024,2025-05-30 01:00:00,163.885,491.921,97.672,52.35,0.0062
M024,2025-05-30 02:00:00,160.911,444.515,87.937,50.377,0.0062
M024,2025-05-30 03:00:00,168.574,504.637,108.382,50.336,0.0062
M024,2025-05-30 04:00:00,161.504,539.045,89.707,45.894,0.0062
M024,2025-05-30 05:00:00,165.2,537.124,89.643,40.912,0.0062
M024,2025-05-30 06:00:00,170.58,505.815,104.2,44.718,0.0062
M024,2025-05-30 07:00:00,173.832,422.299,77.686,45.725,0.0062
M024,2025-05-30 08:00:00,170.206,425.728,82.578,51.683,0.01407
M024,2025-05-30 09:00:00,176.588,398.961,85.714,49.712,0.01407
M024,2025-05-30 10:00:00,170.941,371.181,92.086,47.038,0.01633
M024,2025-05-30 11:00:00,166.511,414.579,105.474,37.764,0.01407
M024,2025-05-30 12:00:00,162.1,449.93,90.618,40.323,0.01407
M024,2025-05-30 13:00:00,170.154,465.632,99.528,36.298,0.0062
M024,2025-05-30 14:00:00,178.159,397.277,107.32,42.786,0.01407
M024,2025-05-30 15:00:00,171.847,361.618,117.527,36.248,0.01407
M024,2025-05-30 16:00:00,174.215,427.692,108.51,40.893,0.01407
M024,2025-05-30 17:00:00,185.152,432.189,92.02,37.495,0.0062
M024,2025-05-30 18:00:00,185.559,443.932,87.788,38.857,0.01407
M024,2025-05-30 19:00:00,181.886,475.784,92.456,44.951,0.01407
M024,2025-05-30 20:00:00,177.966,494.919,104.143,47.697,0.01407
M024,2025-05-30 21:00:00,182.96,488.665,110.086,47.69,0.01407
M024,2025-05-30 22:00:00,174.365,431.173,105.373,36.396,0.01407
M024,2025-05-30 23:00:00,170.763,530.486,101.309,39.897,0.01407
M025,2025-05-24 00:00:00,192.205,396.597,116.315,47.669,0.02703
M025,2025-05-24 01:00:00,189.957,424.745,114.444,49.537,0.02703
M025,2025-05-24 02:00:00,181.828,472.6,112.301,48.368,0.02703
M025,2025-05-24 03:00:00,186.33,402.06,102.702,54.823,0.02703
M025,2025-05-24 04:00:00,173.818,446.748,106.0,53.288,0.01653
M025,2025-05-24 05:00:00,181.971,376.835,120.622,51.023,0.01653
M025,2025-05-24 06:00:00,190.361,393.747,97.43,49.385,0.01653
M025,2025-05-24 07:00:00,183.917,383.516,106.024,49.014,0.01633
M025,2025-05-24 08:00:00,172.301,409.039,109.1,47.263,0.01407
M025,2025-05-24 09:00:00,164.861,376.091,122.288,43.186,0.01407
M025,2025-05-24 10:00:00,178.858,379.982,117.255,43.869,0.01407
M025,2025-05-24 11:00:00,178.272,383.974,126.415,45.857,0.01633
M025,2025-05-24 12:00:00,175.426,368.739,123.139,45.328,0.01633
M025,2025-05-24 13:00:00,175.026,377.658,110.478,47.325,0.01493
M025,2025-05-24 14:00:00,181.147,333.37,112.709,47.479,0.01407
M025,2025-05-24 15:00:00,181.906,380.04,101.695,41.698,0.01407
M025,2025-05-24 16:00:00,185.132,405.26,98.974,37.536,0.01407
M025,2025-05-24 17:00:00,183.592,357.421,120.359,38.518,0.01407
M025,2025-05-24 18:00:00,188.943,383.223,113.315,45.479,0.01407
M025,2025-05-24 19:00:00,187.647,417.507,118.162,54.64,0.01407
M025,2025-05-24 20:00:00,191.273,455.279,118.887,46.26,0.01407
M025,2025-05-24 21:00:00,180.904,507.596,105.89,44.825,0.01407
M025,2025-05-24 22:00:00,169.775,475.202,109.36,42.944,0.0062
M025,2025-05-24 23:00:00,174.558,365.337,106.155,46.021,0.01407
M025,2025-05-25 00:00:00,174.482,396.968,108.554,48.232,0.01407
M025,2025-05-25 01:00:00,166.564,424.321,116.463,51.541,0.01633
M025,2025-05-25 02:00:00,173.855,475.872,114.973,54.484,0.01493
M025,2025-05-25 03:00:00,176.985,449.428,107.836,52.601,0.01407
M025,2025-05-25 04:00:00,180.464,387.069,115.449,48.64,0.01633
M025,2025-05-25 05:00:00,174.087,441.242,108.666,51.535,0.01633
M025,2025-05-25 06:00:00,175.444,378.665,93.119,54.372,0.01653
M025,2025-05-25 07:00:00,187.762,420.127,96.954,43.901,0.01407
M025,2025-05-25 08:00:00,185.914,426.096,92.317,47.17,0.01407
M025,2025-05-25 09:00:00,184.808,390.793,101.513,46.49,0.01407
M025,2025-05-25 10:00:00,180.645,450.887,111.143,54.443,0.01407
M025,2025-05-25 11:00:00,184.23,412.89,114.978,48.644,0.01407
M025,2025-05-25 12:00:00,178.181,365.043,122.143,44.298,0.01407
M025,2025-05-25 13:00:00,187.084,457.004,116.071,45.654,0.01633
M025,2025-05-25 14:00:00,185.304,551.577,121.512,43.063,0.01633
M025,2025-05-25 15:00:00,183.151,496.978,111.696,41.937,0.01633
M025,2025-05-25 16:00:00,181.646,468.3,89.401,44.74,0.01653
M025,2025-05-25 17:00:00,184.834,439.815,95.95,57.093,0.02703
M025,2025-05-25 18:00:00,184.864,434.003,104.973,55.56,0.02703
M025,2025-05-25 19:00:00,187.336,424.409,104.333,54.724,0.08333
M025,2025-05-25 20:00:00,181.141,437.049,115.408,56.913,0.08333
M025,2025-05-25 21:00:00,191.112,462.084,108.133,53.232,0.08333
M025,2025-05-25 22:00:00,193.285,448.21,113.725,55.366,0.02703
M025,2025-05-25 23:00:00,185.073,372.01,123.465,56.412,0.08333
M025,2025-05-26 00:00:00,180.049,448.315,127.928,54.185,0.08333
M025,2025-05-26 01:00:00,174.083,440.805,113.86,49.995,0.02703
M025,2025-05-26 02:00:00,188.596,457.687,105.175,49.241,0.01633
M025,2025-05-26 03:00:00,182.407,454.162,104.988,44.148,0.0
M025,2025-05-26 04:00:00,173.126,432.64,101.212,52.789,0.0
M025,2025-05-26 05:00:00,172.481,378.139,106.526,54.219,0.0
M025,2025-05-26 06:00:00,180.617,344.756,99.795,55.616,0.0
M025,2025-05-26 07:00:00,181.074,328.693,108.776,55.602,0.0
M025,2025-05-26 08:00:00,191.203,373.881,98.808,57.13,0.0
M025,2025-05-26 09:00:00,177.427,471.445,109.497,54.504,0.0
M025,2025-05-26 10:00:00,171.333,374.018,111.022,52.156,0.0
M025,2025-05-26 11:00:00,168.04,374.815,105.994,53.008,0.0
M025,2025-05-26 12:00:00,164.826,458.987,111.035,58.13,0.0
M025,2025-05-26 13:00:00,172.426,390.703,100.2,48.345,0.0
M025,2025-05-26 14:00:00,178.13,386.796,108.2,46.239,0.0
M025,2025-05-26 15:00:00,185.389,425.505,113.709,55.306,0.0
M025,2025-05-26 16:00:00,188.623,420.991,106.277,49.59,0.0
M025,2025-05-26 17:00:00,180.464,464.77,105.896,48.703,0.0
M025,2025-05-26 18:00:00,191.283,479.388,104.685,49.278,0.0
M025,2025-05-26 19:00:00,179.679,481.927,94.404,52.032,0.0
M025,2025-05-26 20:00:00,177.127,383.922,95.105,56.026,0.0
M025,2025-05-26 21:00:00,177.676,422.51,86.681,52.946,0.0
M025,2025-05-26 22:00:00,180.323,472.647,87.575,54.214,0.0
M025,2025-05-26 23:00:00,184.673,510.032,109.127,56.802,0.0
M025,2025-05-27 00:00:00,182.765,577.723,101.252,64.103,0.0
M025,2025-05-27 01:00:00,168.194,502.349,97.405,55.881,0.0
M025,2025-05-27 02:00:00,168.624,380.583,90.701,53.803,0.0
M025,2025-05-27 03:00:00,168.125,419.543,100.016,50.768,0.0
M025,2025-05-27 04:00:00,177.481,434.671,110.656,47.474,0.0
M025,2025-05-27 05:00:00,180.236,392.964,106.637,47.092,0.0
M025,2025-05-27 06:00:00,176.606,388.793,100.875,49.195,0.0
M025,2025-05-27 07:00:00,183.801,389.791,105.02,56.418,0.0
M025,2025-05-27 08:00:00,176.218,438.407,111.59,52.692,0.0
M025,2025-05-27 09:00:00,181.359,386.573,112.592,48.99,0.0
M025,2025-05-27 10:00:00,182.332,364.374,118.833,58.427,0.0
M025,2025-05-27 11:00:00,181.578,380.549,122.98,59.868,0.0
M025,2025-05-27 12:00:00,181.065,381.873,117.802,53.506,0.0
M025,2025-05-27 13:00:00,178.693,336.884,116.058,49.652,0.0
M025,2025-05-27 14:00:00,188.985,249.606,104.738,57.36,0.0
M025,2025-05-27 15:00:00,196.068,303.229,110.469,66.903,0.0
M025,2025-05-27 16:00:00,196.218,254.068,114.699,61.813,0.0
M025,2025-05-27 17:00:00,197.189,233.585,100.115,65.718,0.0
M025,2025-05-27 18:00:00,201.996,322.937,106.038,76.283,0.0
M025,2025-05-27 19:00:00,186.481,325.834,108.8,71.204,0.0
M025,2025-05-27 20:00:00,188.599,327.878,134.705,61.047,0.0
M025,2025-05-27 21:00:00,189.308,337.705,116.859,56.511,0.0
M025,2025-05-27 22:00:00,186.932,368.368,118.728,59.339,0.0
M025,2025-05-27 23:00:00,191.402,378.174,118.223,62.931,0.00505
M025,2025-05-28 00:00:00,186.577,346.314,120.753,48.898,0.0
M025,2025-05-28 01:00:00,187.208,230.644,146.279,54.171,0.0062
M025,2025-05-28 02:00:00,182.569,291.229,140.027,54.765,0.0
M025,2025-05-28 03:00:00,167.997,400.098,104.588,48.177,0.0
M025,2025-05-28 04:00:00,168.503,465.432,107.918,46.658,0.0
M025,2025-05-28 05:00:00,172.341,462.892,93.26,39.208,0.0
M025,2025-05-28 06:00:00,174.517,470.87,94.372,47.201,0.0
M025,2025-05-28 07:00:00,179.833,466.282,103.769,45.884,0.0
M025,2025-05-28 08:00:00,191.149,457.947,105.407,53.771,0.0
M025,2025-05-28 09:00:00,188.395,408.142,117.486,44.585,0.0
M025,2025-05-28 10:00:00,192.02,428.734,118.726,41.654,0.0
M025,2025-05-28 11:00:00,192.429,451.897,121.609,44.376,0.0
M025,2025-05-28 12:00:00,186.737,387.53,121.732,48.212,0.0
M025,2025-05-28 13:00:00,193.553,351.004,120.574,44.078,0.0
M025,2025-05-28 14:00:00,187.071,323.538,103.095,46.532,0.0
M025,2025-05-28 15:00:00,181.358,350.575,97.66,40.03,0.0
M025,2025-05-28 16:00:00,180.851,393.442,102.204,42.705,0.0
M025,2025-05-28 17:00:00,172.364,445.0,97.346,47.503,0.0
M025,2025-05-28 18:00:00,175.979,433.524,95.652,50.671,0.0
M025,2025-05-28 19:00:00,182.565,485.315,109.679,50.78,0.0
M025,2025-05-28 20:00:00,185.672,429.827,110.538,45.146,0.0
M025,2025-05-28 21:00:00,182.905,374.388,97.489,51.769,0.0
M025,2025-05-28 22:00:00,180.808,362.846,95.124,52.895,0.0
M025,2025-05-28 23:00:00,174.768,400.979,105.229,44.839,0.0
M025,2025-05-29 00:00:00,182.844,438.866,112.547,42.221,0.0
M025,2025-05-29 01:00:00,179.301,461.936,108.089,48.807,0.0
M025,2025-05-29 02:00:00,173.481,505.748,91.362,54.265,0.0
M025,2025-05-29 03:00:00,186.147,474.235,101.733,58.959,0.0
M025,2025-05-29 04:00:00,185.886,473.582,97.313,60.09,0.0
M025,2025-05-29 05:00:00,185.059,450.864,99.985,49.941,0.0
M025,2025-05-29 06:00:00,174.985,462.042,93.55,54.282,0.0
M025,2025-05-29 07:00:00,174.353,435.526,94.209,60.777,0.0
M025,2025-05-29 08:00:00,180.352,387.503,109.269,52.715,0.0
M025,2025-05-29 09:00:00,192.148,430.165,113.773,53.054,0.0
M025,2025-05-29 10:00:00,185.215,430.69,108.572,41.748,0.0
M025,2025-05-29 11:00:00,182.526,384.035,106.257,33.846,0.0
M025,2025-05-29 12:00:00,181.336,309.024,102.838,38.017,0.0
M025,2025-05-29 13:00:00,175.738,323.585,99.378,41.83,0.0
M025,2025-05-29 14:00:00,174.497,345.571,113.713,48.14,0.0
M025,2025-05-29 15:00:00,171.567,392.071,99.181,52.736,0.0
M025,2025-05-29 16:00:00,163.83,343.833,108.521,50.157,0.0
M025,2025-05-29 17:00:00,171.782,377.846,94.862,49.549,0.0
M025,2025-05-29 18:00:00,178.969,370.7,86.786,44.562,0.0
M025,2025-05-29 19:00:00,183.938,458.62,81.376,45.258,0.0
M025,2025-05-29 20:00:00,184.917,469.262,97.425,47.553,0.0
M025,2025-05-29 21:00:00,188.94,487.345,110.425,48.554,0.0
M025,2025-05-29 22:00:00,187.493,490.905,105.698,51.87,0.0
M025,2025-05-29 23:00:00,192.057,432.245,112.814,47.112,0.0
M025,2025-05-30 00:00:00,195.66,431.213,100.812,47.803,0.0
M025,2025-05-30 01:00:00,174.801,392.539,112.579,50.285,0.0
M025,2025-05-30 02:00:00,170.063,417.513,100.721,52.834,0.0
M025,2025-05-30 03:00:00,164.32,513.223,100.39,56.394,0.0
M025,2025-05-30 04:00:00,163.603,504.844,97.933,53.461,0.0062
M025,2025-05-30 05:00:00,165.729,591.954,103.259,50.14,0.00505
M025,2025-05-30 06:00:00,166.918,528.602,96.588,46.232,0.0
M025,2025-05-30 07:00:00,164.831,428.341,93.189,46.318,0.0
M025,2025-05-30 08:00:00,165.312,387.183,101.751,44.593,0.0062
M025,2025-05-30 09:00:00,163.224,461.753,110.737,45.425,0.0062
M025,2025-05-30 10:00:00,175.475,474.544,99.179,50.366,0.0062
M025,2025-05-30 11:00:00,174.952,466.73,107.851,54.924,0.0062
M025,2025-05-30 12:00:00,179.793,407.424,108.735,46.741,0.0062
M025,2025-05-30 13:00:00,178.809,400.324,122.717,53.118,0.0062
M025,2025-05-30 14:00:00,175.564,433.954,111.147,62.422,0.0062
M025,2025-05-30 15:00:00,180.93,381.776,100.515,61.11,0.0062
M025,2025-05-30 16:00:00,181.896,494.464,84.699,52.55,0.0062
M025,2025-05-30 17:00:00,169.869,505.133,96.552,50.178,0.0062
M025,2025-05-30 18:00:00,168.594,515.714,116.183,50.102,0.0062
M025,2025-05-30 19:00:00,176.354,479.151,121.236,51.181,0.0062
M025,2025-05-30 20:00:00,176.104,429.784,116.227,51.364,0.0062
M025,2025-05-30 21:00:00,181.202,408.527,115.894,48.068,0.0062
M025,2025-05-30 22:00:00,173.858,405.745,115.163,38.056,0.0062
M025,2025-05-30 23:00:00,166.656,417.416,130.573,42.068,0.0062
M026,2025-05-24 00:00:00,184.392,512.104,109.499,42.788,0.0062
M026,2025-05-24 01:00:00,183.974,469.812,108.849,47.651,0.0062
M026,2025-05-24 02:00:00,182.986,519.801,93.179,48.908,0.0062
M026,2025-05-24 03:00:00,174.909,500.432,87.483,54.978,0.0062
M026,2025-05-24 04:00:00,178.565,417.215,96.369,53.128,0.0062
M026,2025-05-24 05:00:00,191.01,450.292,105.696,50.783,0.0062
M026,2025-05-24 06:00:00,192.263,456.238,109.268,48.726,0.0062
M026,2025-05-24 07:00:00,187.884,439.186,109.344,51.114,0.0062
M026,2025-05-24 08:00:00,193.936,459.33,111.452,56.676,0.0062
M026,2025-05-24 09:00:00,190.031,475.304,116.955,52.125,0.0062
M026,2025-05-24 10:00:00,188.424,456.49,109.358,47.393,0.0062
M026,2025-05-24 11:00:00,188.365,476.7,97.041,48.243,0.0062
M026,2025-05-24 12:00:00,196.122,433.354,95.08,49.568,0.0062
M026,2025-05-24 13:00:00,190.741,453.068,88.33,46.693,0.0062
M026,2025-05-24 14:00:00,199.466,441.039,92.098,45.204,0.0062
M026,2025-05-24 15:00:00,191.171,453.403,104.749,43.733,0.00505
M026,2025-05-24 16:00:00,190.97,474.478,105.725,46.582,0.0062
M026,2025-05-24 17:00:00,191.495,446.817,110.653,49.927,0.0062
M026,2025-05-24 18:00:00,178.119,487.448,111.358,53.407,0.0062
M026,2025-05-24 19:00:00,188.226,513.575,103.685,51.502,0.0062
M026,2025-05-24 20:00:00,180.335,480.508,98.605,57.714,0.0062
M026,2025-05-24 21:00:00,192.146,415.223,87.172,54.313,0.0062
M026,2025-05-24 22:00:00,202.609,482.829,87.649,55.589,0.0062
M026,2025-05-24 23:00:00,199.299,455.779,88.611,57.832,0.0062
M026,2025-05-25 00:00:00,195.41,459.487,94.369,52.373,0.0062
M026,2025-05-25 01:00:00,184.477,442.921,106.61,53.044,0.0062
M026,2025-05-25 02:00:00,188.776,503.787,98.524,50.351,0.0062
M026,2025-05-25 03:00:00,179.448,524.143,101.631,52.328,0.0062
M026,2025-05-25 04:00:00,189.075,562.478,97.268,47.978,0.0062
M026,2025-05-25 05:00:00,182.105,534.827,93.648,43.947,0.0062
M026,2025-05-25 06:00:00,181.699,529.783,90.7,48.998,0.0062
M026,2025-05-25 07:00:00,180.711,557.386,96.165,48.227,0.0062
M026,2025-05-25 08:00:00,190.364,533.166,85.674,45.611,0.0062
M026,2025-05-25 09:00:00,198.77,521.246,82.897,48.016,0.0062
M026,2025-05-25 10:00:00,181.068,544.341,92.084,51.493,0.0062
M026,2025-05-25 11:00:00,189.979,493.11,98.245,50.468,0.0062
M026,2025-05-25 12:00:00,191.375,524.824,86.62,48.651,0.0062
M026,2025-05-25 13:00:00,183.871,588.267,92.52,42.319,0.0062
M026,2025-05-25 14:00:00,191.083,581.511,76.54,38.451,0.0062
M026,2025-05-25 15:00:00,194.394,551.626,84.574,42.804,0.0062
M026,2025-05-25 16:00:00,183.565,474.002,101.831,44.639,0.0062
M026,2025-05-25 17:00:00,170.558,493.321,109.202,56.386,0.0062
M026,2025-05-25 18:00:00,174.965,528.166,106.777,54.601,0.0062
M026,2025-05-25 19:00:00,174.567,467.085,103.92,60.127,0.0062
M026,2025-05-25 20:00:00,176.892,420.826,109.277,52.899,0.0062
M026,2025-05-25 21:00:00,184.887,468.95,110.217,58.086,0.01407
M026,2025-05-25 22:00:00,188.075,447.495,113.705,63.133,0.01407
M026,2025-05-25 23:00:00,174.906,498.332,106.935,61.718,0.01407
M026,2025-05-26 00:00:00,173.018,534.282,99.019,59.666,0.0062
M026,2025-05-26 01:00:00,162.901,500.589,111.419,52.951,0.0062
M026,2025-05-26 02:00:00,164.172,533.295,126.017,54.017,0.01407
M026,2025-05-26 03:00:00,170.55,493.21,98.296,53.109,0.01407
M026,2025-05-26 04:00:00,175.959,422.601,102.881,62.195,0.01407
M026,2025-05-26 05:00:00,178.997,458.357,101.186,56.028,0.01407
M026,2025-05-26 06:00:00,194.464,417.304,103.38,51.344,0.01407
M026,2025-05-26 07:00:00,186.575,390.361,94.534,46.666,0.0062
M026,2025-05-26 08:00:00,183.219,357.506,102.127,46.932,0.0062
M026,2025-05-26 09:00:00,182.751,348.375,100.393,50.759,0.0062
M026,2025-05-26 10:00:00,182.162,370.568,104.835,47.784,0.01407
M026,2025-05-26 11:00:00,180.371,451.856,112.244,49.671,0.0062
M026,2025-05-26 12:00:00,188.198,448.802,135.313,53.61,0.0062
M026,2025-05-26 13:00:00,192.118,424.35,109.203,48.039,0.0062
M026,2025-05-26 14:00:00,193.269,402.135,101.423,51.913,0.01407
M026,2025-05-26 15:00:00,197.701,443.996,93.329,53.087,0.0062
M026,2025-05-26 16:00:00,178.934,440.29,94.003,50.827,0.0062
M026,2025-05-26 17:00:00,191.189,419.272,87.79,61.643,0.01407
M026,2025-05-26 18:00:00,196.365,408.087,95.706,56.847,0.01407
M026,2025-05-26 19:00:00,203.701,448.938,104.768,51.566,0.01407
M026,2025-05-26 20:00:00,191.242,471.361,93.979,55.494,0.01407
M026,2025-05-26 21:00:00,195.568,505.417,89.096,58.032,0.01407
M026,2025-05-26 22:00:00,189.875,471.124,102.698,61.627,0.01407
M026,2025-05-26 23:00:00,171.77,386.17,106.05,51.01,0.01407
M026,2025-05-27 00:00:00,177.539,416.073,107.415,52.208,0.01407
M026,2025-05-27 01:00:00,184.706,401.388,101.699,58.341,0.01407
M026,2025-05-27 02:00:00,188.064,463.073,107.702,57.056,0.01407
M026,2025-05-27 03:00:00,175.135,456.556,105.066,49.725,0.01407
M026,2025-05-27 04:00:00,168.199,446.619,108.691,52.781,0.01407
M026,2025-05-27 05:00:00,164.066,424.721,107.662,49.497,0.0062
M026,2025-05-27 06:00:00,168.584,483.162,100.753,39.97,0.0062
M026,2025-05-27 07:00:00,175.799,531.51,107.84,46.865,0.0062
M026,2025-05-27 08:00:00,171.128,486.999,105.111,43.362,0.0062
M026,2025-05-27 09:00:00,188.408,449.188,119.731,47.587,0.0062
M026,2025-05-27 10:00:00,185.802,438.618,104.35,50.407,0.0062
M026,2025-05-27 11:00:00,197.422,476.542,99.763,45.561,0.0062
M026,2025-05-27 12:00:00,190.944,429.145,92.835,50.706,0.0062
M026,2025-05-27 13:00:00,184.827,466.475,96.243,54.963,0.01407
M026,2025-05-27 14:00:00,183.254,469.686,90.128,48.756,0.01407
M026,2025-05-27 15:00:00,188.306,461.403,89.231,50.355,0.01407
M026,2025-05-27 16:00:00,188.246,433.769,90.182,50.148,0.0062
M026,2025-05-27 17:00:00,187.527,385.612,91.727,53.32,0.01407
M026,2025-05-27 18:00:00,182.083,457.898,100.106,53.346,0.01407
M026,2025-05-27 19:00:00,190.168,391.801,103.154,53.224,0.0062
M026,2025-05-27 20:00:00,186.083,420.606,104.474,50.501,0.0062
M026,2025-05-27 21:00:00,183.259,461.193,99.59,45.19,0.0062
M026,2025-05-27 22:00:00,183.54,520.939,116.128,53.033,0.0062
M026,2025-05-27 23:00:00,194.251,511.739,109.818,53.615,0.0062
M026,2025-05-28 00:00:00,196.295,449.642,106.81,47.678,0.0062
M026,2025-05-28 01:00:00,184.901,425.864,106.977,51.288,0.0062
M026,2025-05-28 02:00:00,182.967,306.142,116.017,60.527,0.01407
M026,2025-05-28 03:00:00,179.548,383.722,99.9,54.481,0.01633
M026,2025-05-28 04:00:00,183.727,359.012,93.134,49.464,0.01633
M026,2025-05-28 05:00:00,189.641,338.334,95.878,49.297,0.01407
M026,2025-05-28 06:00:00,189.178,371.875,103.568,58.67,0.0062
M026,2025-05-28 07:00:00,186.181,422.612,112.707,56.817,0.01407
M026,2025-05-28 08:00:00,192.424,437.061,112.427,54.565,0.0062
M026,2025-05-28 09:00:00,184.692,456.83,105.866,40.182,0.01407
M026,2025-05-28 10:00:00,173.773,478.377,109.082,50.664,0.0062
M026,2025-05-28 11:00:00,179.281,526.27,109.152,55.1,0.0062
M026,2025-05-28 12:00:00,175.18,491.481,102.424,54.888,0.0062
M026,2025-05-28 13:00:00,180.591,456.699,105.977,51.558,0.0062
M026,2025-05-28 14:00:00,188.015,483.629,116.993,54.382,0.01407
M026,2025-05-28 15:00:00,194.881,485.061,108.242,54.887,0.01407
M026,2025-05-28 16:00:00,192.715,511.483,101.556,56.041,0.01407
M026,2025-05-28 17:00:00,190.214,443.034,103.605,57.294,0.01407
M026,2025-05-28 18:00:00,186.76,415.519,113.65,52.938,0.01407
M026,2025-05-28 19:00:00,172.06,507.829,112.619,52.243,0.01407
M026,2025-05-28 20:00:00,177.205,440.711,109.283,57.558,0.01407
M026,2025-05-28 21:00:00,178.754,359.523,102.601,58.312,0.01407
M026,2025-05-28 22:00:00,176.484,344.582,105.609,53.584,0.01633
M026,2025-05-28 23:00:00,177.489,372.313,104.776,53.171,0.01633
M026,2025-05-29 00:00:00,182.447,465.681,115.063,56.231,0.01633
M026,2025-05-29 01:00:00,175.172,433.128,120.911,48.698,0.01407
M026,2025-05-29 02:00:00,180.425,382.204,126.382,44.193,0.01633
M026,2025-05-29 03:00:00,164.103,369.77,125.836,49.203,0.01653
M026,2025-05-29 04:00:00,171.887,409.659,115.469,56.685,0.08333
M026,2025-05-29 05:00:00,178.853,425.148,111.393,50.635,0.02703
M026,2025-05-29 06:00:00,190.064,466.957,113.892,53.654,0.01653
M026,2025-05-29 07:00:00,185.74,513.764,103.42,52.915,0.01633
M026,2025-05-29 08:00:00,189.435,511.262,104.61,52.556,0.08333
M026,2025-05-29 09:00:00,187.922,560.796,107.24,52.738,0.01407
M026,2025-05-29 10:00:00,176.385,581.195,102.433,50.317,0.0062
M026,2025-05-29 11:00:00,176.04,540.176,108.672,44.341,0.01407
M026,2025-05-29 12:00:00,177.975,516.099,109.821,48.083,0.01407
M026,2025-05-29 13:00:00,187.873,572.153,124.671,43.587,0.01633
M026,2025-05-29 14:00:00,195.555,525.315,124.602,42.184,0.01633
M026,2025-05-29 15:00:00,184.473,551.319,115.3,48.614,0.01633
M026,2025-05-29 16:00:00,182.656,501.463,104.202,48.784,0.01633
M026,2025-05-29 17:00:00,183.261,528.393,103.762,50.286,0.01653
M026,2025-05-29 18:00:00,179.115,507.854,106.014,53.52,0.01633
M026,2025-05-29 19:00:00,178.807,513.22,94.028,50.096,0.01407
M026,2025-05-29 20:00:00,185.213,448.703,109.815,48.56,0.0062
M026,2025-05-29 21:00:00,193.718,461.734,111.114,50.647,0.0062
M026,2025-05-29 22:00:00,189.079,458.374,111.97,48.083,0.0062
M026,2025-05-29 23:00:00,185.331,428.138,107.442,49.639,0.0062
M026,2025-05-30 00:00:00,191.718,476.419,102.21,47.923,0.0062
M026,2025-05-30 01:00:00,185.438,451.876,110.418,52.845,0.0062
M026,2025-05-30 02:00:00,175.963,485.082,109.756,59.421,0.01633
M026,2025-05-30 03:00:00,179.219,523.918,112.417,58.45,0.0062
M026,2025-05-30 04:00:00,189.108,436.981,106.337,53.999,0.0062
M026,2025-05-30 05:00:00,188.78,408.072,104.639,44.235,0.0062
M026,2025-05-30 06:00:00,194.977,421.238,97.959,49.993,0.0062
M026,2025-05-30 07:00:00,195.87,394.801,99.574,53.947,0.0062
M026,2025-05-30 08:00:00,191.751,439.088,105.566,54.602,0.01407
M026,2025-05-30 09:00:00,173.547,381.205,103.645,54.414,0.01633
M026,2025-05-30 10:00:00,172.708,410.716,112.79,46.974,0.0062
M026,2025-05-30 11:00:00,179.831,450.808,110.843,51.06,0.0062
M026,2025-05-30 12:00:00,188.237,443.081,106.712,50.889,0.0062
M026,2025-05-30 13:00:00,189.639,403.53,112.767,53.829,0.0062
M026,2025-05-30 14:00:00,185.868,493.991,109.99,47.419,0.0062
M026,2025-05-30 15:00:00,181.903,488.647,98.308,45.722,0.0062
M026,2025-05-30 16:00:00,191.37,465.237,105.566,40.861,0.0062
M026,2025-05-30 17:00:00,190.545,478.412,98.782,41.844,0.0062
M026,2025-05-30 18:00:00,184.886,415.403,104.64,39.802,0.0062
M026,2025-05-30 19:00:00,176.359,423.905,108.157,41.214,0.0062
M026,2025-05-30 20:00:00,181.629,505.631,120.322,37.218,0.00505
M026,2025-05-30 21:00:00,193.37,472.594,126.462,40.869,0.0062
M026,2025-05-30 22:00:00,188.536,458.938,116.27,40.414,0.0062
M026,2025-05-30 23:00:00,188.226,453.268,119.573,40.435,0.0062
M027,2025-05-24 00:00:00,158.299,436.975,97.958,43.582,0.01407
M027,2025-05-24 01:00:00,159.387,483.842,110.327,37.51,0.0062
M027,2025-05-24 02:00:00,154.661,510.158,100.898,39.389,0.0062
M027,2025-05-24 03:00:00,161.357,562.147,98.144,41.549,0.0062
M027,2025-05-24 04:00:00,166.633,548.453,95.376,40.286,0.0062
M027,2025-05-24 05:00:00,171.218,577.473,100.908,39.855,0.0062
M027,2025-05-24 06:00:00,158.948,467.293,100.039,42.305,0.0062
M027,2025-05-24 07:00:00,155.108,459.808,98.106,41.371,0.0062
M027,2025-05-24 08:00:00,161.555,417.629,96.452,37.144,0.0062
M027,2025-05-24 09:00:00,165.324,364.622,100.318,36.596,0.0062
M027,2025-05-24 10:00:00,165.509,458.729,114.883,37.073,0.0062
M027,2025-05-24 11:00:00,173.444,400.429,105.35,39.783,0.0062
M027,2025-05-24 12:00:00,167.923,494.218,94.686,38.301,0.0062
M027,2025-05-24 13:00:00,161.611,573.899,106.987,34.296,0.0062
M027,2025-05-24 14:00:00,156.81,567.326,94.74,39.15,0.0062
M027,2025-05-24 15:00:00,172.71,481.803,97.893,43.645,0.0062
M027,2025-05-24 16:00:00,180.605,486.531,101.387,38.475,0.0062
M027,2025-05-24 17:00:00,171.059,461.791,102.216,40.982,0.0062
M027,2025-05-24 18:00:00,165.554,453.936,104.075,42.355,0.0062
M027,2025-05-24 19:00:00,172.995,560.989,94.904,36.311,0.0062
M027,2025-05-24 20:00:00,175.688,448.296,96.272,38.06,0.0062
M027,2025-05-24 21:00:00,170.443,449.242,94.198,31.037,0.0062
M027,2025-05-24 22:00:00,172.329,430.3,106.955,33.894,0.0062
M027,2025-05-24 23:00:00,169.71,388.096,95.258,38.056,0.0062
M027,2025-05-25 00:00:00,165.995,432.574,89.974,37.879,0.0062
M027,2025-05-25 01:00:00,172.891,482.335,76.189,49.817,0.0062
M027,2025-05-25 02:00:00,173.139,497.027,82.422,43.823,0.0062
M027,2025-05-25 03:00:00,182.247,415.16,88.99,42.025,0.0062
M027,2025-05-25 04:00:00,187.395,455.044,106.062,44.807,0.0062
M027,2025-05-25 05:00:00,181.16,425.276,99.142,37.086,0.01407
M027,2025-05-25 06:00:00,174.831,425.565,108.766,33.87,0.01407
M027,2025-05-25 07:00:00,179.0,439.068,100.504,34.003,0.0062
M027,2025-05-25 08:00:00,176.915,471.364,108.744,29.566,0.0062
M027,2025-05-25 09:00:00,178.02,468.453,106.949,37.426,0.01407
M027,2025-05-25 10:00:00,176.686,463.87,103.665,35.633,0.0062
M027,2025-05-25 11:00:00,170.457,429.514,90.479,35.505,0.0062
M027,2025-05-25 12:00:00,170.609,358.314,107.482,27.673,0.0062
M027,2025-05-25 13:00:00,173.81,449.708,93.054,34.048,0.0062
M027,2025-05-25 14:00:00,180.589,464.492,85.159,32.858,0.0062
M027,2025-05-25 15:00:00,178.766,434.549,93.117,38.564,0.0062
M027,2025-05-25 16:00:00,161.755,422.204,93.971,39.453,0.0062
M027,2025-05-25 17:00:00,165.721,415.82,91.925,39.5,0.0062
M027,2025-05-25 18:00:00,163.272,497.119,98.902,34.95,0.0062
M027,2025-05-25 19:00:00,166.117,480.685,96.532,33.254,0.0062
M027,2025-05-25 20:00:00,162.906,461.194,97.561,38.44,0.0062
M027,2025-05-25 21:00:00,166.158,453.812,97.785,33.305,0.0062
M027,2025-05-25 22:00:00,174.022,490.206,103.721,30.196,0.0062
M027,2025-05-25 23:00:00,175.078,520.586,110.986,30.133,0.0062
M027,2025-05-26 00:00:00,178.121,539.561,83.141,28.956,0.0062
M027,2025-05-26 01:00:00,171.626,620.79,87.381,32.0,0.0062
M027,2025-05-26 02:00:00,170.714,492.011,90.467,35.195,0.0062
M027,2025-05-26 03:00:00,171.864,426.255,87.972,37.481,0.0062
M027,2025-05-26 04:00:00,175.019,438.817,97.371,36.848,0.0062
M027,2025-05-26 05:00:00,176.419,441.089,91.39,35.969,0.0062
M027,2025-05-26 06:00:00,173.566,439.605,85.853,34.366,0.0062
M027,2025-05-26 07:00:00,182.84,464.518,90.478,37.788,0.0062
M027,2025-05-26 08:00:00,181.429,523.256,72.843,31.751,0.0062
M027,2025-05-26 09:00:00,166.349,470.951,90.075,37.724,0.0062
M027,2025-05-26 10:00:00,157.332,503.403,98.081,37.183,0.0062
M027,2025-05-26 11:00:00,180.376,537.025,96.816,38.842,0.0062
M027,2025-05-26 12:00:00,179.539,525.909,95.657,40.684,0.0062
M027,2025-05-26 13:00:00,183.71,447.65,99.677,43.446,0.0062
M027,2025-05-26 14:00:00,178.434,439.573,110.798,43.966,0.0062
M027,2025-05-26 15:00:00,175.283,445.933,99.549,43.492,0.01407
M027,2025-05-26 16:00:00,168.062,413.153,83.987,44.671,0.01407
M027,2025-05-26 17:00:00,173.398,474.32,88.056,38.032,0.0062
M027,2025-05-26 18:00:00,177.346,447.587,86.089,38.643,0.0062
M027,2025-05-26 19:00:00,175.355,447.722,91.819,34.949,0.0062
M027,2025-05-26 20:00:00,169.087,427.615,98.822,33.255,0.0062
M027,2025-05-26 21:00:00,172.486,486.691,86.866,37.394,0.0062
M027,2025-05-26 22:00:00,173.378,460.979,90.555,37.007,0.0062
M027,2025-05-26 23:00:00,178.094,455.61,92.36,35.844,0.0062
M027,2025-05-27 00:00:00,174.954,517.441,83.619,32.572,0.0062
M027,2025-05-27 01:00:00,179.532,497.075,71.292,35.799,0.0062
M027,2025-05-27 02:00:00,178.122,494.529,104.833,32.447,0.0062
M027,2025-05-27 03:00:00,169.836,512.247,91.089,28.319,0.0062
M027,2025-05-27 04:00:00,174.109,486.421,100.984,26.84,0.0062
M027,2025-05-27 05:00:00,173.308,448.692,114.371,33.393,0.0062
M027,2025-05-27 06:00:00,174.981,488.249,102.706,37.843,0.0062
M027,2025-05-27 07:00:00,168.967,535.296,112.91,40.194,0.01407
M027,2025-05-27 08:00:00,178.56,481.3,101.058,38.968,0.01407
M027,2025-05-27 09:00:00,188.517,516.284,109.911,35.942,0.0062
M027,2025-05-27 10:00:00,190.054,503.182,79.408,32.084,0.0062
M027,2025-05-27 11:00:00,179.365,367.182,77.144,34.576,0.0062
M027,2025-05-27 12:00:00,181.255,444.735,81.33,39.594,0.0062
M027,2025-05-27 13:00:00,181.065,484.227,86.305,38.136,0.0062
M027,2025-05-27 14:00:00,168.728,469.117,102.883,40.616,0.01407
M027,2025-05-27 15:00:00,166.671,497.981,95.969,34.91,0.01407
M027,2025-05-27 16:00:00,169.056,427.819,101.086,35.124,0.01407
M027,2025-05-27 17:00:00,164.259,446.18,95.014,37.983,0.01407
M027,2025-05-27 18:00:00,161.746,419.132,106.049,39.155,0.01407
M027,2025-05-27 19:00:00,175.823,519.149,96.305,43.36,0.01407
M027,2025-05-27 20:00:00,178.159,424.333,101.995,43.566,0.01633
M027,2025-05-27 21:00:00,175.936,398.993,92.999,45.925,0.02703
M027,2025-05-27 22:00:00,185.235,469.118,77.419,45.398,0.01653
M027,2025-05-27 23:00:00,170.431,531.698,83.138,47.651,0.01633
M027,2025-05-28 00:00:00,175.976,509.349,73.718,45.048,0.01407
M027,2025-05-28 01:00:00,176.225,471.955,89.367,35.492,0.0062
M027,2025-05-28 02:00:00,171.834,525.658,94.928,38.775,0.0062
M027,2025-05-28 03:00:00,168.68,583.66,88.419,43.085,0.0
M027,2025-05-28 04:00:00,168.482,578.602,96.081,34.58,0.0
M027,2025-05-28 05:00:00,165.584,544.901,91.648,35.267,0.0
M027,2025-05-28 06:00:00,171.737,569.807,85.77,37.782,0.0
M027,2025-05-28 07:00:00,161.019,501.308,91.178,38.633,0.0
M027,2025-05-28 08:00:00,154.626,558.427,102.607,39.872,0.0
M027,2025-05-28 09:00:00,167.046,597.481,106.285,31.966,0.0
M027,2025-05-28 10:00:00,162.536,492.632,115.27,37.7,0.0
M027,2025-05-28 11:00:00,171.443,481.415,100.235,37.071,0.0
M027,2025-05-28 12:00:00,176.2,491.951,90.567,34.622,0.00505
M027,2025-05-28 13:00:00,171.795,438.802,78.004,26.495,0.0
M027,2025-05-28 14:00:00,165.753,499.442,83.866,31.933,0.0
M027,2025-05-28 15:00:00,166.889,525.448,76.844,38.725,0.0
M027,2025-05-28 16:00:00,171.985,529.932,88.535,41.526,0.0
M027,2025-05-28 17:00:00,170.575,452.75,97.74,37.542,0.0
M027,2025-05-28 18:00:00,171.331,428.184,92.866,39.128,0.0
M027,2025-05-28 19:00:00,171.311,477.962,81.251,38.002,0.0
M027,2025-05-28 20:00:00,178.343,485.986,73.319,40.659,0.00505
M027,2025-05-28 21:00:00,172.595,482.28,95.306,43.898,0.00505
M027,2025-05-28 22:00:00,173.726,501.494,93.413,39.366,0.0
M027,2025-05-28 23:00:00,172.975,413.21,94.224,36.712,0.0
M027,2025-05-29 00:00:00,169.784,379.962,82.126,32.902,0.0
M027,2025-05-29 01:00:00,176.177,480.525,87.285,32.724,0.0
M027,2025-05-29 02:00:00,179.937,499.848,83.44,34.472,0.0
M027,2025-05-29 03:00:00,180.71,526.795,102.288,34.795,0.00505
M027,2025-05-29 04:00:00,177.348,420.335,92.745,34.551,0.0
M027,2025-05-29 05:00:00,166.022,434.852,98.849,31.227,0.0
M027,2025-05-29 06:00:00,176.372,498.986,100.961,34.428,0.0
M027,2025-05-29 07:00:00,178.871,497.612,115.808,38.607,0.00505
M027,2025-05-29 08:00:00,165.634,487.816,103.7,43.3,0.00505
M027,2025-05-29 09:00:00,156.521,460.086,106.098,46.768,0.00505
M027,2025-05-29 10:00:00,166.913,469.652,116.869,44.449,0.0
M027,2025-05-29 11:00:00,165.989,447.577,94.349,39.536,0.0
M027,2025-05-29 12:00:00,173.189,443.6,100.551,42.793,0.0
M027,2025-05-29 13:00:00,166.124,375.511,87.391,48.449,0.0062
M027,2025-05-29 14:00:00,177.192,370.173,79.925,44.393,0.0062
M027,2025-05-29 15:00:00,173.457,417.421,80.068,38.689,0.0062
M027,2025-05-29 16:00:00,176.552,470.929,96.853,37.88,0.0062
M027,2025-05-29 17:00:00,176.543,491.006,107.411,35.79,0.0062
M027,2025-05-29 18:00:00,192.266,489.721,117.114,40.593,0.0062
M027,2025-05-29 19:00:00,182.739,456.189,111.855,43.989,0.0062
M027,2025-05-29 20:00:00,179.764,411.659,117.189,41.333,0.0062
M027,2025-05-29 21:00:00,169.793,419.899,114.439,41.301,0.0062
M027,2025-05-29 22:00:00,175.929,408.678,89.601,39.72,0.0062
M027,2025-05-29 23:00:00,173.465,476.162,75.687,47.119,0.0062
M027,2025-05-30 00:00:00,172.394,443.645,78.006,42.95,0.0062
M027,2025-05-30 01:00:00,181.294,477.238,90.176,43.483,0.0062
M027,2025-05-30 02:00:00,171.396,494.579,91.338,40.569,0.0062
M027,2025-05-30 03:00:00,171.622,513.003,88.502,37.747,0.0062
M027,2025-05-30 04:00:00,160.32,468.766,94.54,39.404,0.0062
M027,2025-05-30 05:00:00,165.193,464.84,85.973,41.355,0.0062
M027,2025-05-30 06:00:00,165.804,435.317,83.128,44.79,0.0062
M027,2025-05-30 07:00:00,158.451,501.648,80.257,45.95,0.0
M027,2025-05-30 08:00:00,166.349,486.56,80.302,43.832,0.00505
M027,2025-05-30 09:00:00,158.926,517.188,86.261,41.554,0.0
M027,2025-05-30 10:00:00,157.104,516.985,90.781,44.052,0.0
M027,2025-05-30 11:00:00,155.154,526.363,100.885,35.509,0.00505
M027,2025-05-30 12:00:00,161.65,558.151,109.934,33.708,0.0
M027,2025-05-30 13:00:00,161.709,492.215,100.163,34.467,0.0
M027,2025-05-30 14:00:00,167.428,401.94,119.009,38.191,0.00505
M027,2025-05-30 15:00:00,166.943,411.953,103.468,39.138,0.0062
M027,2025-05-30 16:00:00,159.158,371.094,98.454,40.91,0.0062
M027,2025-05-30 17:00:00,162.644,372.673,94.121,33.325,0.0062
M027,2025-05-30 18:00:00,163.85,378.337,95.273,38.466,0.0062
M027,2025-05-30 19:00:00,157.456,452.023,93.894,34.535,0.0062
M027,2025-05-30 20:00:00,156.299,469.15,94.269,37.608,0.0062
M027,2025-05-30 21:00:00,154.91,435.779,90.081,37.037,0.0062
M027,2025-05-30 22:00:00,162.19,375.172,87.772,38.7,0.0062
M027,2025-05-30 23:00:00,154.395,383.588,98.943,38.471,0.0062
M028,2025-05-24 00:00:00,185.065,439.099,100.168,45.337,0.0062
M028,2025-05-24 01:00:00,187.739,454.502,96.906,41.512,0.0062
M028,2025-05-24 02:00:00,179.321,428.782,99.894,40.376,0.0062
M028,2025-05-24 03:00:00,179.922,431.458,90.17,44.081,0.0062
M028,2025-05-24 04:00:00,181.588,494.947,96.706,48.11,0.0062
M028,2025-05-24 05:00:00,181.526,470.664,112.548,46.552,0.0062
M028,2025-05-24 06:00:00,169.614,534.476,100.827,50.542,0.01653
M028,2025-05-24 07:00:00,167.24,475.108,118.193,45.375,0.02703
M028,2025-05-24 08:00:00,173.572,484.289,124.015,44.137,0.01653
M028,2025-05-24 09:00:00,179.507,450.274,109.718,47.545,0.01407
M028,2025-05-24 10:00:00,177.024,514.69,107.662,48.52,0.01407
M028,2025-05-24 11:00:00,167.03,537.964,117.836,50.608,0.01407
M028,2025-05-24 12:00:00,169.193,527.448,107.484,49.213,0.01407
M028,2025-05-24 13:00:00,172.537,452.073,115.685,48.021,0.01407
M028,2025-05-24 14:00:00,178.72,445.635,103.301,47.238,0.01407
M028,2025-05-24 15:00:00,187.443,476.0,107.517,44.204,0.08333
M028,2025-05-24 16:00:00,177.935,400.545,106.774,47.497,0.08333
M028,2025-05-24 17:00:00,191.387,355.405,86.91,46.135,0.29091
M028,2025-05-24 18:00:00,192.402,381.655,93.565,46.357,0.29091
M028,2025-05-24 19:00:00,188.054,411.241,107.261,50.424,0.29091
M028,2025-05-24 20:00:00,194.945,409.316,114.591,53.45,0.29091
M028,2025-05-24 21:00:00,193.111,388.597,99.469,50.124,0.29091
M028,2025-05-24 22:00:00,182.271,388.076,103.988,41.878,0.29091
M028,2025-05-24 23:00:00,187.828,387.941,101.035,50.331,0.29091
M028,2025-05-25 00:00:00,178.213,448.757,101.663,49.768,0.29091
M028,2025-05-25 01:00:00,183.288,452.716,97.811,54.253,0.18579
M028,2025-05-25 02:00:00,176.821,542.687,100.155,55.568,0.02703
M028,2025-05-25 03:00:00,184.641,510.728,98.258,60.885,0.08333
M028,2025-05-25 04:00:00,179.646,472.57,105.4,65.609,0.02703
M028,2025-05-25 05:00:00,175.101,422.236,110.698,58.115,0.02703
M028,2025-05-25 06:00:00,180.009,411.934,95.673,58.882,0.01633
M028,2025-05-25 07:00:00,182.98,407.476,97.337,51.964,0.01653
M028,2025-05-25 08:00:00,182.593,392.282,97.375,49.103,0.01653
M028,2025-05-25 09:00:00,175.763,404.046,94.608,48.423,0.01407
M028,2025-05-25 10:00:00,178.003,368.496,89.752,50.429,0.01407
M028,2025-05-25 11:00:00,173.07,406.75,104.334,44.162,0.0062
M028,2025-05-25 12:00:00,182.283,391.547,117.735,36.672,0.0062
M028,2025-05-25 13:00:00,187.663,386.404,118.796,41.393,0.0062
M028,2025-05-25 14:00:00,187.888,382.769,104.927,44.479,0.01407
M028,2025-05-25 15:00:00,181.652,364.15,95.001,47.811,0.01407
M028,2025-05-25 16:00:00,179.294,368.115,100.496,40.653,0.01407
M028,2025-05-25 17:00:00,183.399,368.886,107.465,51.716,0.0062
M028,2025-05-25 18:00:00,174.903,433.518,121.952,51.824,0.01407
M028,2025-05-25 19:00:00,182.981,422.849,120.452,55.133,0.01493
M028,2025-05-25 20:00:00,179.092,404.007,112.742,54.839,0.01633
M028,2025-05-25 21:00:00,177.425,447.059,111.576,50.311,0.01407
M028,2025-05-25 22:00:00,175.879,449.427,108.75,44.476,0.0062
M028,2025-05-25 23:00:00,169.013,515.595,106.527,42.723,0.0062
M028,2025-05-26 00:00:00,184.096,472.767,108.627,45.854,0.0062
M028,2025-05-26 01:00:00,183.373,447.744,107.334,47.219,0.0062
M028,2025-05-26 02:00:00,173.433,469.91,114.298,42.979,0.0062
M028,2025-05-26 03:00:00,176.862,444.056,113.363,43.04,0.0062
M028,2025-05-26 04:00:00,186.734,406.771,102.715,41.981,0.01407
M028,2025-05-26 05:00:00,181.165,429.049,103.908,53.562,0.01407
M028,2025-05-26 06:00:00,176.0,373.331,105.259,46.501,0.01407
M028,2025-05-26 07:00:00,190.478,428.419,104.969,52.037,0.01407
M028,2025-05-26 08:00:00,189.186,433.586,94.845,48.638,0.01407
M028,2025-05-26 09:00:00,187.842,372.319,84.857,48.555,0.01407
M028,2025-05-26 10:00:00,190.053,415.073,85.183,44.786,0.0062
M028,2025-05-26 11:00:00,183.341,405.907,89.881,40.474,0.0062
M028,2025-05-26 12:00:00,185.965,379.469,109.205,41.564,0.02703
M028,2025-05-26 13:00:00,185.94,478.34,103.396,43.787,0.02703
M028,2025-05-26 14:00:00,187.771,499.847,105.174,48.815,0.02703
M028,2025-05-26 15:00:00,181.147,519.123,106.812,50.501,0.02703
M028,2025-05-26 16:00:00,201.225,501.355,109.715,46.946,0.02703
M028,2025-05-26 17:00:00,197.58,490.786,114.749,52.483,0.02703
M028,2025-05-26 18:00:00,194.17,450.225,101.735,55.824,0.02703
M028,2025-05-26 19:00:00,188.27,462.209,94.45,51.303,0.02703
M028,2025-05-26 20:00:00,194.39,449.505,101.311,48.067,0.01653
M028,2025-05-26 21:00:00,192.036,424.454,112.015,52.913,0.01633
M028,2025-05-26 22:00:00,182.656,426.265,114.602,55.81,0.01653
M028,2025-05-26 23:00:00,181.812,445.475,114.223,48.742,0.01633
M028,2025-05-27 00:00:00,175.557,461.78,112.029,50.781,0.01407
M028,2025-05-27 01:00:00,183.054,463.834,103.383,54.25,0.01407
M028,2025-05-27 02:00:00,188.03,497.805,97.215,55.158,0.01407
M028,2025-05-27 03:00:00,185.814,521.515,90.693,54.461,0.01493
M028,2025-05-27 04:00:00,184.575,496.946,106.764,50.735,0.01407
M028,2025-05-27 05:00:00,170.166,457.946,99.568,51.175,0.01407
M028,2025-05-27 06:00:00,181.677,502.443,85.309,45.31,0.0062
M028,2025-05-27 07:00:00,189.812,527.939,100.022,46.19,0.0062
M028,2025-05-27 08:00:00,187.506,444.103,93.735,53.519,0.0062
M028,2025-05-27 09:00:00,186.017,489.244,107.261,47.736,0.0062
M028,2025-05-27 10:00:00,184.999,494.496,102.785,50.012,0.0062
M028,2025-05-27 11:00:00,184.047,499.183,115.464,50.044,0.0062
M028,2025-05-27 12:00:00,182.159,432.915,106.423,49.59,0.0062
M028,2025-05-27 13:00:00,182.555,460.301,108.963,42.653,0.0062
M028,2025-05-27 14:00:00,182.84,456.063,107.733,44.193,0.0062
M028,2025-05-27 15:00:00,178.956,401.537,111.888,48.951,0.0062
M028,2025-05-27 16:00:00,191.939,421.895,119.478,50.292,0.0062
M028,2025-05-27 17:00:00,187.499,404.579,122.218,53.117,0.0062
M028,2025-05-27 18:00:00,188.383,392.347,121.961,48.564,0.0062
M028,2025-05-27 19:00:00,186.434,399.471,112.825,48.787,0.0062
M028,2025-05-27 20:00:00,184.291,454.627,100.776,50.329,0.0062
M028,2025-05-27 21:00:00,190.034,461.767,113.24,42.677,0.0062
M028,2025-05-27 22:00:00,189.791,440.874,109.653,46.386,0.0062
M028,2025-05-27 23:00:00,190.394,433.53,114.219,40.282,0.0062
M028,2025-05-28 00:00:00,200.949,403.967,102.924,47.966,0.0062
M028,2025-05-28 01:00:00,202.41,392.103,94.209,48.962,0.0062
M028,2025-05-28 02:00:00,186.372,374.807,97.077,45.031,0.0062
M028,2025-05-28 03:00:00,190.355,364.513,100.056,45.179,0.0062
M028,2025-05-28 04:00:00,188.682,416.806,111.549,45.093,0.0062
M028,2025-05-28 05:00:00,188.983,440.123,113.629,44.865,0.0062
M028,2025-05-28 06:00:00,179.606,501.82,104.205,54.094,0.0062
M028,2025-05-28 07:00:00,184.504,538.903,108.441,51.816,0.0062
M028,2025-05-28 08:00:00,185.217,516.489,92.447,46.763,0.0062
M028,2025-05-28 09:00:00,181.332,420.921,91.758,50.894,0.0062
M028,2025-05-28 10:00:00,181.211,421.277,99.08,55.079,0.0062
M028,2025-05-28 11:00:00,177.429,494.072,89.512,46.034,0.0062
M028,2025-05-28 12:00:00,179.436,454.032,82.988,45.836,0.0062
M028,2025-05-28 13:00:00,191.172,446.649,97.22,46.656,0.0062
M028,2025-05-28 14:00:00,186.478,408.539,93.05,49.872,0.0062
M028,2025-05-28 15:00:00,186.306,359.994,102.917,47.316,0.0062
M028,2025-05-28 16:00:00,179.625,354.53,112.571,50.713,0.0062
M028,2025-05-28 17:00:00,188.048,427.557,119.249,56.267,0.01407
M028,2025-05-28 18:00:00,182.838,468.867,115.534,62.092,0.01493
M028,2025-05-28 19:00:00,189.696,457.58,111.615,60.87,0.01653
M028,2025-05-28 20:00:00,190.246,443.726,115.079,52.775,0.01653
M028,2025-05-28 21:00:00,185.402,470.123,123.097,44.025,0.01407
M028,2025-05-28 22:00:00,185.799,459.644,117.132,42.942,0.0062
M028,2025-05-28 23:00:00,180.427,464.292,111.084,45.343,0.0062
M028,2025-05-29 00:00:00,182.354,512.772,102.724,47.412,0.0062
M028,2025-05-29 01:00:00,191.567,488.017,104.936,50.367,0.0062
M028,2025-05-29 02:00:00,173.509,502.683,103.423,41.881,0.0062
M028,2025-05-29 03:00:00,173.956,483.06,95.451,43.217,0.0062
M028,2025-05-29 04:00:00,173.029,539.658,89.884,47.037,0.0062
M028,2025-05-29 05:00:00,175.053,482.904,88.299,48.101,0.0062
M028,2025-05-29 06:00:00,179.957,534.441,97.082,51.616,0.0062
M028,2025-05-29 07:00:00,179.268,555.323,114.853,51.743,0.0062
M028,2025-05-29 08:00:00,182.323,542.129,109.191,55.621,0.0062
M028,2025-05-29 09:00:00,187.202,555.165,116.231,53.565,0.0062
M028,2025-05-29 10:00:00,183.119,517.167,123.778,48.353,0.0062
M028,2025-05-29 11:00:00,188.486,445.357,109.753,49.59,0.0062
M028,2025-05-29 12:00:00,183.413,489.255,107.428,48.808,0.0062
M028,2025-05-29 13:00:00,201.567,483.404,108.715,50.392,0.0062
M028,2025-05-29 14:00:00,187.995,532.803,111.237,48.224,0.0062
M028,2025-05-29 15:00:00,177.358,515.913,114.116,46.366,0.0062
M028,2025-05-29 16:00:00,184.584,493.947,110.803,44.188,0.0062
M028,2025-05-29 17:00:00,170.82,457.494,95.329,46.296,0.0062
M028,2025-05-29 18:00:00,172.573,438.312,92.717,51.57,0.0062
M028,2025-05-29 19:00:00,167.144,429.009,95.098,47.596,0.0062
M028,2025-05-29 20:00:00,167.914,398.875,96.76,50.521,0.0062
M028,2025-05-29 21:00:00,166.986,412.131,93.933,47.135,0.0062
M028,2025-05-29 22:00:00,189.221,363.98,95.517,47.521,0.0062
M028,2025-05-29 23:00:00,176.768,382.864,112.928,42.448,0.0062
M028,2025-05-30 00:00:00,182.644,414.241,109.873,40.119,0.01407
M028,2025-05-30 01:00:00,184.196,447.897,109.019,37.35,0.0062
M028,2025-05-30 02:00:00,180.568,472.423,107.767,35.598,0.0062
M028,2025-05-30 03:00:00,175.901,458.133,96.45,44.574,0.0062
M028,2025-05-30 04:00:00,184.868,481.252,111.595,42.625,0.0062
M028,2025-05-30 05:00:00,190.494,409.839,100.953,42.462,0.0062
M028,2025-05-30 06:00:00,195.555,404.833,106.317,39.427,0.0062
M028,2025-05-30 07:00:00,183.854,478.345,104.295,39.484,0.0062
M028,2025-05-30 08:00:00,182.477,425.003,89.892,42.637,0.0062
M028,2025-05-30 09:00:00,179.253,388.413,83.68,38.349,0.0062
M028,2025-05-30 10:00:00,177.423,438.832,89.939,46.547,0.0062
M028,2025-05-30 11:00:00,180.557,475.152,96.123,48.847,0.0062
M028,2025-05-30 12:00:00,177.693,458.635,96.999,43.149,0.0062
M028,2025-05-30 13:00:00,186.969,498.428,103.784,40.178,0.0062
M028,2025-05-30 14:00:00,200.254,422.881,86.101,38.075,0.0062
M028,2025-05-30 15:00:00,186.774,508.881,100.674,40.457,0.0062
M028,2025-05-30 16:00:00,191.035,512.522,112.082,36.47,0.0062
M028,2025-05-30 17:00:00,179.581,447.487,86.085,38.267,0.0062
M028,2025-05-30 18:00:00,182.469,456.149,104.515,43.903,0.0062
M028,2025-05-30 19:00:00,178.253,486.346,115.767,50.274,0.0062
M028,2025-05-30 20:00:00,165.338,336.49,116.983,50.929,0.0062
M028,2025-05-30 21:00:00,171.106,349.922,123.095,48.342,0.0062
M028,2025-05-30 22:00:00,175.668,431.535,110.638,53.634,0.0062
M028,2025-05-30 23:00:00,184.81,407.817,109.941,53.402,0.0062
M029,2025-05-24 00:00:00,185.943,529.691,89.597,40.664,0.0062
M029,2025-05-24 01:00:00,175.16,449.291,88.217,40.705,0.0062
M029,2025-05-24 02:00:00,165.424,448.757,102.092,43.531,0.0062
M029,2025-05-24 03:00:00,169.598,401.022,97.748,41.98,0.0062
M029,2025-05-24 04:00:00,165.558,432.577,94.324,42.305,0.0062
M029,2025-05-24 05:00:00,157.436,405.333,85.267,46.216,0.0062
M029,2025-05-24 06:00:00,166.652,400.314,85.697,46.249,0.0062
M029,2025-05-24 07:00:00,158.669,381.777,99.747,45.517,0.0062
M029,2025-05-24 08:00:00,157.424,402.578,100.863,40.518,0.0062
M029,2025-05-24 09:00:00,159.269,439.514,106.902,39.92,0.0062
M029,2025-05-24 10:00:00,168.373,465.912,99.721,45.446,0.0062
M029,2025-05-24 11:00:00,177.889,453.501,100.686,42.673,0.0062
M029,2025-05-24 12:00:00,170.504,406.69,93.899,35.657,0.0062
M029,2025-05-24 13:00:00,176.385,461.104,96.645,39.033,0.0062
M029,2025-05-24 14:00:00,173.249,453.612,90.983,40.982,0.0062
M029,2025-05-24 15:00:00,177.284,456.842,102.897,40.486,0.0062
M029,2025-05-24 16:00:00,169.639,433.974,93.881,44.298,0.0062
M029,2025-05-24 17:00:00,170.302,427.657,101.09,44.564,0.0062
M029,2025-05-24 18:00:00,171.831,448.979,99.136,30.595,0.0062
M029,2025-05-24 19:00:00,167.923,319.28,92.625,37.909,0.0062
M029,2025-05-24 20:00:00,176.312,281.539,90.998,32.151,0.0062
M029,2025-05-24 21:00:00,172.184,356.498,108.892,38.468,0.0062
M029,2025-05-24 22:00:00,163.511,322.741,103.289,40.202,0.01407
M029,2025-05-24 23:00:00,174.936,414.705,96.629,44.739,0.01407
M029,2025-05-25 00:00:00,181.753,438.138,107.861,39.296,0.01407
M029,2025-05-25 01:00:00,181.602,461.803,103.342,44.735,0.01407
M029,2025-05-25 02:00:00,181.047,485.6,117.602,38.519,0.01633
M029,2025-05-25 03:00:00,171.254,386.905,106.83,31.774,0.01633
M029,2025-05-25 04:00:00,165.196,410.18,105.084,34.694,0.01633
M029,2025-05-25 05:00:00,182.981,414.541,105.661,35.901,0.01407
M029,2025-05-25 06:00:00,173.508,431.912,114.818,38.5,0.01633
M029,2025-05-25 07:00:00,172.6,315.459,103.809,32.804,0.01407
M029,2025-05-25 08:00:00,171.747,371.178,107.706,36.261,0.01407
M029,2025-05-25 09:00:00,181.045,406.957,102.948,38.962,0.01407
M029,2025-05-25 10:00:00,176.358,433.438,113.178,35.622,0.01407
M029,2025-05-25 11:00:00,167.305,343.105,111.997,35.686,0.01407
M029,2025-05-25 12:00:00,169.809,279.495,113.129,37.378,0.01633
M029,2025-05-25 13:00:00,166.765,347.838,118.549,33.114,0.01633
M029,2025-05-25 14:00:00,165.623,322.375,117.647,40.816,0.01653
M029,2025-05-25 15:00:00,178.208,308.95,104.405,45.73,0.02703
M029,2025-05-25 16:00:00,170.154,314.669,106.041,47.755,0.02703
M029,2025-05-25 17:00:00,169.048,326.35,110.705,47.112,0.08333
M029,2025-05-25 18:00:00,174.275,391.148,88.922,34.612,0.01407
M029,2025-05-25 19:00:00,173.741,493.776,98.922,41.19,0.01633
M029,2025-05-25 20:00:00,173.845,441.41,89.715,45.507,0.01653
M029,2025-05-25 21:00:00,178.271,378.272,99.401,38.676,0.01653
M029,2025-05-25 22:00:00,182.527,386.892,106.492,30.196,0.01633
M029,2025-05-25 23:00:00,173.59,387.517,110.741,31.212,0.01653
M029,2025-05-26 00:00:00,178.789,384.697,113.081,35.014,0.01633
M029,2025-05-26 01:00:00,175.992,478.118,113.856,32.533,0.01407
M029,2025-05-26 02:00:00,171.644,432.445,108.224,31.347,0.01407
M029,2025-05-26 03:00:00,166.483,442.747,110.23,32.559,0.01407
M029,2025-05-26 04:00:00,169.065,426.073,102.227,40.069,0.01633
M029,2025-05-26 05:00:00,174.116,419.586,94.576,33.939,0.01633
M029,2025-05-26 06:00:00,170.987,382.868,84.899,36.842,0.01407
M029,2025-05-26 07:00:00,173.916,435.792,93.476,34.994,0.01407
M029,2025-05-26 08:00:00,178.931,403.206,89.203,31.071,0.0062
M029,2025-05-26 09:00:00,189.127,416.084,96.915,28.78,0.0062
M029,2025-05-26 10:00:00,180.311,406.568,96.884,31.887,0.0062
M029,2025-05-26 11:00:00,181.312,449.245,104.73,34.081,0.0062
M029,2025-05-26 12:00:00,172.661,458.742,107.296,36.206,0.0062
M029,2025-05-26 13:00:00,181.38,430.22,113.167,39.301,0.01407
M029,2025-05-26 14:00:00,187.233,394.678,107.644,42.914,0.01407
M029,2025-05-26 15:00:00,177.281,339.631,118.2,42.742,0.01633
M029,2025-05-26 16:00:00,189.786,404.557,117.625,42.396,0.02703
M029,2025-05-26 17:00:00,173.75,373.265,116.332,34.211,0.01653
M029,2025-05-26 18:00:00,174.805,441.962,114.531,36.401,0.01653
M029,2025-05-26 19:00:00,164.594,449.634,104.012,32.596,0.01407
M029,2025-05-26 20:00:00,164.98,413.521,118.923,29.28,0.01407
M029,2025-05-26 21:00:00,161.335,489.396,116.239,35.975,0.01407
M029,2025-05-26 22:00:00,163.155,436.721,113.924,36.036,0.01407
M029,2025-05-26 23:00:00,158.053,388.997,119.84,33.893,0.01407
M029,2025-05-27 00:00:00,161.968,374.111,115.873,39.029,0.01407
M029,2025-05-27 01:00:00,174.372,399.611,104.086,37.895,0.01407
M029,2025-05-27 02:00:00,169.77,397.684,111.273,34.921,0.01407
M029,2025-05-27 03:00:00,171.897,418.445,102.815,30.386,0.0062
M029,2025-05-27 04:00:00,183.44,388.329,114.218,33.016,0.0062
M029,2025-05-27 05:00:00,161.992,305.38,118.394,32.725,0.01407
M029,2025-05-27 06:00:00,170.294,355.457,116.582,27.31,0.01407
M029,2025-05-27 07:00:00,171.049,413.506,106.809,25.492,0.01407
M029,2025-05-27 08:00:00,169.878,395.87,108.185,31.422,0.01407
M029,2025-05-27 09:00:00,174.371,382.997,121.436,33.736,0.0062
M029,2025-05-27 10:00:00,179.277,395.716,111.926,33.174,0.0062
M029,2025-05-27 11:00:00,184.256,461.612,104.481,31.843,0.0062
M029,2025-05-27 12:00:00,178.883,445.365,108.757,29.33,0.0062
M029,2025-05-27 13:00:00,186.629,423.962,103.483,27.641,0.01407
M029,2025-05-27 14:00:00,198.505,435.096,98.14,36.657,0.01407
M029,2025-05-27 15:00:00,188.973,450.304,93.453,32.478,0.01407
M029,2025-05-27 16:00:00,183.014,490.679,103.061,37.525,0.01407
M029,2025-05-27 17:00:00,172.676,470.975,103.275,40.959,0.01407
M029,2025-05-27 18:00:00,169.021,481.239,104.857,37.593,0.01407
M029,2025-05-27 19:00:00,169.322,398.121,105.211,35.018,0.01407
M029,2025-05-27 20:00:00,159.097,458.758,107.68,36.57,0.01407
M029,2025-05-27 21:00:00,171.199,403.696,105.421,35.042,0.01407
M029,2025-05-27 22:00:00,171.446,406.986,97.668,37.207,0.01407
M029,2025-05-27 23:00:00,172.117,435.173,93.272,34.568,0.01407
M029,2025-05-28 00:00:00,174.696,449.472,103.33,29.597,0.0062
M029,2025-05-28 01:00:00,171.061,347.581,100.508,27.871,0.0062
M029,2025-05-28 02:00:00,171.704,389.401,103.438,38.475,0.0062
M029,2025-05-28 03:00:00,169.022,371.717,105.443,43.787,0.01407
M029,2025-05-28 04:00:00,165.406,421.348,115.689,38.819,0.01633
M029,2025-05-28 05:00:00,172.578,483.868,123.256,41.71,0.01493
M029,2025-05-28 06:00:00,176.921,370.838,114.678,32.06,0.01633
M029,2025-05-28 07:00:00,168.388,393.905,114.443,36.278,0.01407
M029,2025-05-28 08:00:00,167.922,361.024,99.707,40.502,0.01407
M029,2025-05-28 09:00:00,175.368,304.034,106.795,38.893,0.01653
M029,2025-05-28 10:00:00,179.041,414.984,104.576,37.816,0.02703
M029,2025-05-28 11:00:00,175.358,421.767,113.07,32.211,0.01653
M029,2025-05-28 12:00:00,186.936,403.882,97.196,31.094,0.01633
M029,2025-05-28 13:00:00,180.321,415.724,92.733,40.987,0.01633
M029,2025-05-28 14:00:00,176.597,396.732,93.119,34.463,0.01407
M029,2025-05-28 15:00:00,185.197,402.456,104.725,34.681,0.01653
M029,2025-05-28 16:00:00,182.135,382.226,95.711,31.602,0.01407
M029,2025-05-28 17:00:00,177.118,415.67,113.645,29.983,0.01407
M029,2025-05-28 18:00:00,179.779,385.662,104.661,38.077,0.01407
M029,2025-05-28 19:00:00,172.202,289.974,94.21,35.82,0.01407
M029,2025-05-28 20:00:00,169.289,340.028,106.879,33.288,0.01407
M029,2025-05-28 21:00:00,170.395,334.044,102.433,27.08,0.01407
M029,2025-05-28 22:00:00,174.029,406.079,109.286,29.454,0.01407
M029,2025-05-28 23:00:00,167.106,347.88,90.546,33.681,0.0062
M029,2025-05-29 00:00:00,164.635,401.403,101.643,38.327,0.01407
M029,2025-05-29 01:00:00,165.153,368.508,95.07,47.21,0.01633
M029,2025-05-29 02:00:00,175.91,360.544,97.624,35.474,0.01653
M029,2025-05-29 03:00:00,181.227,408.493,102.95,33.799,0.01633
M029,2025-05-29 04:00:00,179.954,390.268,90.007,32.847,0.01407
M029,2025-05-29 05:00:00,181.747,422.477,108.453,35.722,0.01407
M029,2025-05-29 06:00:00,186.896,439.515,111.954,35.925,0.01633
M029,2025-05-29 07:00:00,180.177,472.902,124.022,38.335,0.01653
M029,2025-05-29 08:00:00,169.559,423.449,107.786,39.274,0.01653
M029,2025-05-29 09:00:00,173.725,363.401,101.313,35.99,0.01633
M029,2025-05-29 10:00:00,168.824,434.037,108.413,39.738,0.01633
M029,2025-05-29 11:00:00,168.63,425.537,99.66,38.78,0.01407
M029,2025-05-29 12:00:00,169.808,495.549,101.935,28.329,0.01407
M029,2025-05-29 13:00:00,177.312,441.831,96.638,27.226,0.0062
M029,2025-05-29 14:00:00,174.084,449.067,95.691,34.375,0.0062
M029,2025-05-29 15:00:00,183.054,397.069,104.952,35.756,0.01407
M029,2025-05-29 16:00:00,175.719,367.072,100.506,29.838,0.01407
M029,2025-05-29 17:00:00,187.115,403.881,106.71,30.664,0.01407
M029,2025-05-29 18:00:00,179.929,423.453,96.673,27.59,0.0062
M029,2025-05-29 19:00:00,164.709,416.878,100.882,31.036,0.0062
M029,2025-05-29 20:00:00,171.456,413.354,95.022,26.504,0.0062
M029,2025-05-29 21:00:00,163.84,455.069,104.831,28.498,0.0062
M029,2025-05-29 22:00:00,165.666,455.848,93.447,37.054,0.0062
M029,2025-05-29 23:00:00,169.95,320.149,114.177,39.898,0.01407
M029,2025-05-30 00:00:00,162.938,339.596,113.758,42.326,0.01407
M029,2025-05-30 01:00:00,163.375,410.203,104.262,43.93,0.01653
M029,2025-05-30 02:00:00,164.381,403.951,106.883,38.369,0.01633
M029,2025-05-30 03:00:00,169.21,376.918,113.618,37.29,0.01633
M029,2025-05-30 04:00:00,162.642,419.826,88.788,43.935,0.01633
M029,2025-05-30 05:00:00,181.813,453.143,85.177,39.373,0.01407
M029,2025-05-30 06:00:00,182.128,430.449,92.94,29.192,0.01407
M029,2025-05-30 07:00:00,172.631,427.194,101.163,31.913,0.01407
M029,2025-05-30 08:00:00,177.031,431.709,101.85,31.329,0.0062
M029,2025-05-30 09:00:00,176.195,357.75,99.754,38.036,0.01407
M029,2025-05-30 10:00:00,171.699,331.024,81.464,36.034,0.01407
M029,2025-05-30 11:00:00,169.946,457.89,98.711,39.684,0.01407
M029,2025-05-30 12:00:00,172.943,444.607,104.436,36.262,0.01407
M029,2025-05-30 13:00:00,179.809,412.563,111.947,31.735,0.01407
M029,2025-05-30 14:00:00,169.574,406.91,105.944,33.411,0.01407
M029,2025-05-30 15:00:00,173.937,418.379,101.9,34.717,0.01407
M029,2025-05-30 16:00:00,161.079,405.604,96.465,39.481,0.01407
M029,2025-05-30 17:00:00,165.177,475.785,98.66,37.543,0.01407
M029,2025-05-30 18:00:00,163.596,463.13,87.484,34.135,0.0062
M029,2025-05-30 19:00:00,173.406,433.608,91.118,37.216,0.0062
M029,2025-05-30 20:00:00,183.952,421.602,95.97,37.812,0.0062
M029,2025-05-30 21:00:00,185.851,401.714,100.661,36.353,0.01407
M029,2025-05-30 22:00:00,177.101,419.434,105.441,43.876,0.01407
M029,2025-05-30 23:00:00,174.944,347.921,100.989,41.673,0.01407
M030,2025-05-24 00:00:00,169.996,397.562,109.328,30.812,0.0062
M030,2025-05-24 01:00:00,165.066,472.008,110.43,46.234,0.0062
M030,2025-05-24 02:00:00,176.127,463.911,112.263,47.487,0.0062
M030,2025-05-24 03:00:00,165.786,472.243,94.222,44.393,0.01407
M030,2025-05-24 04:00:00,183.359,478.29,97.835,46.766,0.0062
M030,2025-05-24 05:00:00,178.615,388.974,98.711,45.134,0.01407
M030,2025-05-24 06:00:00,170.894,371.08,102.77,40.445,0.01407
M030,2025-05-24 07:00:00,169.174,407.022,86.621,40.808,0.01407
M030,2025-05-24 08:00:00,172.918,371.77,91.06,35.387,0.01407
M030,2025-05-24 09:00:00,171.24,364.883,97.841,36.021,0.01407
M030,2025-05-24 10:00:00,173.211,336.239,90.908,40.322,0.01407
M030,2025-05-24 11:00:00,164.792,324.479,83.84,36.432,0.0062
M030,2025-05-24 12:00:00,179.14,402.392,79.636,35.194,0.0062
M030,2025-05-24 13:00:00,179.563,375.589,79.292,39.903,0.0062
M030,2025-05-24 14:00:00,184.208,370.67,102.064,37.201,0.0062
M030,2025-05-24 15:00:00,174.52,394.724,107.491,38.078,0.0062
M030,2025-05-24 16:00:00,168.107,383.485,109.804,39.675,0.01407
M030,2025-05-24 17:00:00,168.381,413.65,93.127,42.821,0.01407
M030,2025-05-24 18:00:00,171.192,399.069,104.08,40.521,0.01407
M030,2025-05-24 19:00:00,166.558,414.212,85.854,46.64,0.01407
M030,2025-05-24 20:00:00,154.814,420.606,78.99,33.147,0.01407
M030,2025-05-24 21:00:00,143.563,351.926,83.942,36.312,0.0062
M030,2025-05-24 22:00:00,152.293,360.977,80.348,35.695,0.0062
M030,2025-05-24 23:00:00,159.812,449.583,91.858,35.911,0.0062
M030,2025-05-25 00:00:00,158.275,495.976,92.472,38.518,0.01407
M030,2025-05-25 01:00:00,164.337,454.784,98.589,44.396,0.0062
M030,2025-05-25 02:00:00,166.178,426.473,107.345,35.823,0.0062
M030,2025-05-25 03:00:00,166.773,491.612,107.894,35.433,0.01407
M030,2025-05-25 04:00:00,159.922,432.326,119.73,38.841,0.0062
M030,2025-05-25 05:00:00,157.953,419.172,100.035,41.581,0.0062
M030,2025-05-25 06:00:00,148.797,387.659,105.264,39.136,0.0062
M030,2025-05-25 07:00:00,139.863,421.662,98.635,32.698,0.0062
M030,2025-05-25 08:00:00,138.385,383.25,101.963,42.035,0.0062
M030,2025-05-25 09:00:00,161.792,364.929,99.796,40.235,0.0062
M030,2025-05-25 10:00:00,162.628,427.301,88.621,41.499,0.0062
M030,2025-05-25 11:00:00,154.24,483.836,116.67,42.635,0.0062
M030,2025-05-25 12:00:00,163.554,440.147,109.792,38.071,0.0062
M030,2025-05-25 13:00:00,170.074,423.794,102.497,35.126,0.0062
M030,2025-05-25 14:00:00,154.666,363.917,110.027,37.562,0.0062
M030,2025-05-25 15:00:00,157.348,350.236,112.496,42.705,0.0062
M030,2025-05-25 16:00:00,141.596,422.378,101.028,45.071,0.01407
M030,2025-05-25 17:00:00,160.641,401.901,106.104,42.325,0.01407
M030,2025-05-25 18:00:00,160.219,303.672,103.976,40.919,0.01407
M030,2025-05-25 19:00:00,164.781,376.728,112.509,38.715,0.01407
M030,2025-05-25 20:00:00,170.611,464.853,94.267,31.711,0.0062
M030,2025-05-25 21:00:00,177.409,406.152,99.382,39.972,0.0062
M030,2025-05-25 22:00:00,177.656,367.787,104.399,30.83,0.01407
M030,2025-05-25 23:00:00,181.595,348.219,106.465,32.219,0.01633
M030,2025-05-26 00:00:00,169.736,333.169,128.255,33.718,0.01407
M030,2025-05-26 01:00:00,167.716,332.661,101.598,30.681,0.01407
M030,2025-05-26 02:00:00,155.49,368.931,102.6,36.957,0.01407
M030,2025-05-26 03:00:00,154.822,378.656,92.13,41.079,0.01407
M030,2025-05-26 04:00:00,156.152,371.301,95.613,34.607,0.01407
M030,2025-05-26 05:00:00,158.141,382.127,106.066,40.602,0.01407
M030,2025-05-26 06:00:00,160.792,379.286,81.838,38.736,0.01407
M030,2025-05-26 07:00:00,175.151,369.465,74.043,38.251,0.01407
M030,2025-05-26 08:00:00,163.511,369.723,90.163,40.419,0.01407
M030,2025-05-26 09:00:00,165.852,398.958,98.02,37.503,0.01407
M030,2025-05-26 10:00:00,159.436,465.819,84.801,36.42,0.0062
M030,2025-05-26 11:00:00,161.826,477.019,94.95,41.717,0.0062
M030,2025-05-26 12:00:00,164.579,516.885,100.684,43.87,0.01407
M030,2025-05-26 13:00:00,168.759,465.038,116.408,44.395,0.01407
M030,2025-05-26 14:00:00,169.679,493.195,113.455,38.353,0.01407
M030,2025-05-26 15:00:00,167.753,425.055,101.694,41.276,0.01407
M030,2025-05-26 16:00:00,164.583,391.082,106.024,38.955,0.01407
M030,2025-05-26 17:00:00,171.581,368.698,101.523,50.073,0.01633
M030,2025-05-26 18:00:00,174.188,359.861,96.906,37.99,0.01633
M030,2025-05-26 19:00:00,165.055,372.591,103.436,42.625,0.01653
M030,2025-05-26 20:00:00,169.522,388.634,95.379,40.027,0.01633
M030,2025-05-26 21:00:00,168.457,397.125,106.48,45.402,0.01633
M030,2025-05-26 22:00:00,164.683,356.311,101.482,33.019,0.01493
M030,2025-05-26 23:00:00,165.475,362.514,83.149,30.758,0.01407
M030,2025-05-27 00:00:00,179.604,467.292,82.774,35.607,0.01407
M030,2025-05-27 01:00:00,168.87,498.905,93.415,37.357,0.0062
M030,2025-05-27 02:00:00,168.089,460.413,93.829,44.613,0.01407
M030,2025-05-27 03:00:00,164.879,481.979,90.034,36.684,0.0062
M030,2025-05-27 04:00:00,169.927,444.533,89.387,41.197,0.01407
M030,2025-05-27 05:00:00,182.976,487.848,83.433,38.672,0.0062
M030,2025-05-27 06:00:00,177.019,387.093,97.818,31.556,0.01407
M030,2025-05-27 07:00:00,171.0,375.63,82.812,32.756,0.01407
M030,2025-05-27 08:00:00,154.094,382.154,95.342,34.759,0.0062
M030,2025-05-27 09:00:00,161.235,448.939,96.53,40.442,0.0062
M030,2025-05-27 10:00:00,166.385,425.658,99.31,36.835,0.0062
M030,2025-05-27 11:00:00,165.367,394.224,100.269,39.835,0.0062
M030,2025-05-27 12:00:00,166.163,339.664,103.437,37.675,0.01407
M030,2025-05-27 13:00:00,173.557,359.805,113.265,34.175,0.01407
M030,2025-05-27 14:00:00,164.367,351.171,109.38,37.894,0.01407
M030,2025-05-27 15:00:00,168.984,421.653,115.082,44.561,0.01653
M030,2025-05-27 16:00:00,170.152,444.991,108.326,37.057,0.01493
M030,2025-05-27 17:00:00,171.042,458.364,93.67,40.955,0.01407
M030,2025-05-27 18:00:00,171.681,427.463,93.642,32.233,0.01407
M030,2025-05-27 19:00:00,168.118,450.536,108.941,32.775,0.0062
M030,2025-05-27 20:00:00,165.805,524.824,121.149,37.48,0.01407
M030,2025-05-27 21:00:00,164.273,491.54,111.969,34.5,0.0062
M030,2025-05-27 22:00:00,168.542,564.03,97.384,44.636,0.0062
M030,2025-05-27 23:00:00,159.91,504.293,94.696,43.654,0.0062
M030,2025-05-28 00:00:00,166.47,452.801,87.419,48.758,0.01407
M030,2025-05-28 01:00:00,179.226,384.882,113.528,47.312,0.01407
M030,2025-05-28 02:00:00,178.221,366.938,104.965,48.236,0.01653
M030,2025-05-28 03:00:00,180.378,421.081,120.584,43.541,0.01633
M030,2025-05-28 04:00:00,168.445,427.033,119.429,41.65,0.02703
M030,2025-05-28 05:00:00,152.527,392.276,133.013,41.798,0.01653
M030,2025-05-28 06:00:00,162.878,456.266,134.217,32.912,0.01407
M030,2025-05-28 07:00:00,162.097,501.844,126.521,44.18,0.01407
M030,2025-05-28 08:00:00,157.72,502.392,121.372,40.535,0.01407
M030,2025-05-28 09:00:00,160.552,405.856,101.86,45.817,0.01483
M030,2025-05-28 10:00:00,165.806,434.678,105.297,40.155,0.01407
M030,2025-05-28 11:00:00,160.572,482.063,104.31,37.43,0.01407
M030,2025-05-28 12:00:00,160.371,444.1,96.27,42.654,0.01407
M030,2025-05-28 13:00:00,163.687,463.35,88.138,40.214,0.0062
M030,2025-05-28 14:00:00,167.365,429.613,88.447,40.097,0.0062
M030,2025-05-28 15:00:00,169.183,533.165,84.361,42.893,0.0062
M030,2025-05-28 16:00:00,167.392,486.258,97.341,46.301,0.0062
M030,2025-05-28 17:00:00,172.951,489.915,81.5,42.046,0.0062
M030,2025-05-28 18:00:00,171.918,473.715,74.834,37.253,0.0062
M030,2025-05-28 19:00:00,162.549,463.18,83.862,38.467,0.0062
M030,2025-05-28 20:00:00,159.514,485.948,92.02,37.378,0.0062
M030,2025-05-28 21:00:00,166.252,547.644,88.623,35.343,0.0062
M030,2025-05-28 22:00:00,168.189,467.47,98.707,39.971,0.0062
M030,2025-05-28 23:00:00,165.999,485.133,122.163,41.457,0.0062
M030,2025-05-29 00:00:00,159.739,466.723,97.552,48.776,0.0062
M030,2025-05-29 01:00:00,160.752,435.817,98.563,41.005,0.0062
M030,2025-05-29 02:00:00,155.387,383.133,101.593,35.247,0.0062
M030,2025-05-29 03:00:00,157.917,437.861,92.859,40.106,0.0062
M030,2025-05-29 04:00:00,161.155,393.604,93.532,36.978,0.0062
M030,2025-05-29 05:00:00,176.247,444.148,87.695,32.275,0.0062
M030,2025-05-29 06:00:00,181.151,491.103,97.832,33.13,0.0062
M030,2025-05-29 07:00:00,181.098,554.614,106.626,36.123,0.0062
M030,2025-05-29 08:00:00,168.201,552.197,109.812,34.735,0.0062
M030,2025-05-29 09:00:00,178.957,499.989,93.744,37.93,0.0062
M030,2025-05-29 10:00:00,173.163,526.501,85.687,41.18,0.0062
M030,2025-05-29 11:00:00,159.379,546.035,102.9,37.915,0.0062
M030,2025-05-29 12:00:00,157.016,588.594,100.707,38.002,0.0062
M030,2025-05-29 13:00:00,157.964,626.571,104.714,37.361,0.0062
M030,2025-05-29 14:00:00,161.091,527.315,108.425,29.301,0.0062
M030,2025-05-29 15:00:00,168.032,497.733,103.061,29.142,0.0062
M030,2025-05-29 16:00:00,163.403,466.354,99.199,32.731,0.0062
M030,2025-05-29 17:00:00,160.383,511.054,104.776,30.931,0.0062
M030,2025-05-29 18:00:00,158.332,537.344,106.423,31.211,0.0062
M030,2025-05-29 19:00:00,167.688,458.877,91.609,26.461,0.0062
M030,2025-05-29 20:00:00,174.38,510.715,89.501,30.233,0.0062
M030,2025-05-29 21:00:00,172.023,440.106,104.051,34.982,0.0062
M030,2025-05-29 22:00:00,168.375,420.032,94.217,30.3,0.0062
M030,2025-05-29 23:00:00,166.941,464.112,91.864,36.945,0.0062
M030,2025-05-30 00:00:00,164.584,454.587,95.507,33.413,0.0062
M030,2025-05-30 01:00:00,164.311,488.884,101.292,36.72,0.0062
M030,2025-05-30 02:00:00,169.555,490.478,91.896,31.61,0.0062
M030,2025-05-30 03:00:00,178.05,503.699,85.535,33.285,0.0062
M030,2025-05-30 04:00:00,172.482,432.424,98.005,37.074,0.0062
M030,2025-05-30 05:00:00,160.552,469.582,107.236,50.021,0.01407
M030,2025-05-30 06:00:00,173.328,478.932,106.025,46.924,0.01407
M030,2025-05-30 07:00:00,182.464,399.343,114.092,45.223,0.01407
M030,2025-05-30 08:00:00,179.33,429.834,115.109,35.679,0.01407
M030,2025-05-30 09:00:00,175.847,400.359,106.006,35.014,0.01407
M030,2025-05-30 10:00:00,173.217,468.235,105.03,31.342,0.0062
M030,2025-05-30 11:00:00,167.25,426.227,104.698,39.045,0.01407
M030,2025-05-30 12:00:00,175.317,427.696,105.249,36.307,0.01407
M030,2025-05-30 13:00:00,165.049,425.425,89.152,37.961,0.0062
M030,2025-05-30 14:00:00,157.904,459.746,95.972,39.917,0.0062
M030,2025-05-30 15:00:00,156.273,407.204,95.766,28.079,0.0062
M030,2025-05-30 16:00:00,170.443,403.639,89.166,33.294,0.0062
M030,2025-05-30 17:00:00,167.416,392.597,109.73,34.729,0.0062
M030,2025-05-30 18:00:00,166.157,447.79,112.064,38.156,0.0062
M030,2025-05-30 19:00:00,157.669,482.79,99.722,31.408,0.0062
M030,2025-05-30 20:00:00,160.958,396.753,99.918,36.055,0.0062
M030,2025-05-30 21:00:00,168.731,418.823,101.754,35.981,0.0062
M030,2025-05-30 22:00:00,166.064,423.919,101.784,34.374,0.0062
M030,2025-05-30 23:00:00,170.567,436.769,100.027,31.566,0.0062
M031,2025-05-24 00:00:00,176.624,484.871,120.092,49.549,0.0062
M031,2025-05-24 01:00:00,191.684,476.091,138.778,54.038,0.01407
M031,2025-05-24 02:00:00,185.481,469.422,135.302,44.32,0.0062
M031,2025-05-24 03:00:00,188.066,330.847,126.518,44.729,0.02703
M031,2025-05-24 04:00:00,187.328,346.986,121.711,38.618,0.02703
M031,2025-05-24 05:00:00,183.417,327.311,107.508,47.959,0.02703
M031,2025-05-24 06:00:00,182.008,363.532,113.587,35.298,0.01633
M031,2025-05-24 07:00:00,177.433,463.955,105.84,37.191,0.01407
M031,2025-05-24 08:00:00,177.733,488.853,107.141,34.953,0.0062
M031,2025-05-24 09:00:00,175.639,505.834,110.805,39.359,0.0062
M031,2025-05-24 10:00:00,174.05,536.991,111.953,36.46,0.0062
M031,2025-05-24 11:00:00,182.575,489.026,96.189,43.342,0.0062
M031,2025-05-24 12:00:00,187.51,420.321,97.212,46.356,0.01407
M031,2025-05-24 13:00:00,171.146,419.872,100.906,49.478,0.01633
M031,2025-05-24 14:00:00,182.116,428.494,114.675,44.472,0.01633
M031,2025-05-24 15:00:00,177.959,450.68,115.366,51.548,0.01493
M031,2025-05-24 16:00:00,185.982,506.18,105.598,57.551,0.01633
M031,2025-05-24 17:00:00,181.596,519.825,108.375,49.77,0.01633
M031,2025-05-24 18:00:00,183.26,455.125,97.457,48.684,0.01407
M031,2025-05-24 19:00:00,190.638,468.172,96.063,49.552,0.01407
M031,2025-05-24 20:00:00,185.226,466.043,100.555,58.398,0.01407
M031,2025-05-24 21:00:00,188.16,472.975,106.532,49.403,0.0062
M031,2025-05-24 22:00:00,183.263,485.992,109.67,44.66,0.0062
M031,2025-05-24 23:00:00,191.471,473.904,108.543,47.738,0.0062
M031,2025-05-25 00:00:00,198.846,347.955,97.479,46.156,0.0062
M031,2025-05-25 01:00:00,196.523,406.784,98.391,41.334,0.0062
M031,2025-05-25 02:00:00,195.927,376.098,97.003,48.571,0.01407
M031,2025-05-25 03:00:00,196.801,395.331,100.509,45.379,0.0062
M031,2025-05-25 04:00:00,191.261,390.672,94.221,49.901,0.01407
M031,2025-05-25 05:00:00,194.784,374.489,112.664,39.577,0.0062
M031,2025-05-25 06:00:00,190.68,434.727,105.135,47.066,0.0062
M031,2025-05-25 07:00:00,183.12,403.332,118.06,45.352,0.0062
M031,2025-05-25 08:00:00,179.842,411.033,126.224,46.827,0.0062
M031,2025-05-25 09:00:00,191.838,448.174,130.639,49.752,0.0062
M031,2025-05-25 10:00:00,184.006,450.987,132.712,48.704,0.0062
M031,2025-05-25 11:00:00,181.013,504.633,129.961,45.495,0.0062
M031,2025-05-25 12:00:00,181.629,490.271,128.574,45.145,0.0062
M031,2025-05-25 13:00:00,178.473,475.788,121.184,45.797,0.0062
M031,2025-05-25 14:00:00,192.499,417.301,118.34,48.724,0.0062
M031,2025-05-25 15:00:00,191.092,431.408,115.642,52.557,0.0062
M031,2025-05-25 16:00:00,194.59,388.214,110.731,54.086,0.0062
M031,2025-05-25 17:00:00,199.777,389.294,109.898,44.458,0.0062
M031,2025-05-25 18:00:00,185.174,385.064,103.48,50.002,0.0062
M031,2025-05-25 19:00:00,189.164,430.085,92.376,48.212,0.0062
M031,2025-05-25 20:00:00,176.45,361.728,100.231,48.648,0.0062
M031,2025-05-25 21:00:00,177.254,353.417,100.101,45.541,0.00505
M031,2025-05-25 22:00:00,175.196,380.803,114.852,47.642,0.0062
M031,2025-05-25 23:00:00,175.754,416.728,118.161,49.381,0.0062
M031,2025-05-26 00:00:00,186.657,505.152,111.961,52.653,0.0062
M031,2025-05-26 01:00:00,181.745,420.273,96.007,48.616,0.0062
M031,2025-05-26 02:00:00,178.463,381.279,96.287,50.755,0.0062
M031,2025-05-26 03:00:00,191.048,383.454,108.888,52.416,0.0062
M031,2025-05-26 04:00:00,186.167,369.955,108.145,52.477,0.0062
M031,2025-05-26 05:00:00,186.326,361.117,107.373,50.545,0.0062
M031,2025-05-26 06:00:00,192.292,451.654,109.866,52.895,0.0062
M031,2025-05-26 07:00:00,194.94,422.571,106.578,55.624,0.0062
M031,2025-05-26 08:00:00,175.61,347.612,98.929,52.092,0.0062
M031,2025-05-26 09:00:00,179.749,444.766,110.06,50.353,0.0062
M031,2025-05-26 10:00:00,185.817,466.889,115.951,48.486,0.0062
M031,2025-05-26 11:00:00,178.683,481.604,108.722,43.899,0.0062
M031,2025-05-26 12:00:00,181.726,433.086,102.393,43.84,0.0062
M031,2025-05-26 13:00:00,171.144,411.676,110.505,48.59,0.0062
M031,2025-05-26 14:00:00,176.037,362.647,115.743,47.234,0.0062
M031,2025-05-26 15:00:00,183.96,416.254,115.773,44.728,0.0062
M031,2025-05-26 16:00:00,184.51,458.391,112.296,38.99,0.0062
M031,2025-05-26 17:00:00,177.869,362.928,111.792,45.313,0.0062
M031,2025-05-26 18:00:00,186.644,382.725,125.046,47.913,0.01407
M031,2025-05-26 19:00:00,181.614,393.771,125.896,50.019,0.01407
M031,2025-05-26 20:00:00,187.456,343.818,114.78,53.093,0.01407
M031,2025-05-26 21:00:00,183.181,390.906,116.414,48.368,0.0062
M031,2025-05-26 22:00:00,184.437,425.563,114.088,49.105,0.0062
M031,2025-05-26 23:00:00,175.187,433.823,106.763,48.705,0.0062
M031,2025-05-27 00:00:00,175.78,397.393,112.808,52.0,0.0062
M031,2025-05-27 01:00:00,169.293,446.135,107.751,55.224,0.0062
M031,2025-05-27 02:00:00,171.09,406.831,99.951,51.756,0.0062
M031,2025-05-27 03:00:00,168.635,467.098,100.113,50.579,0.0062
M031,2025-05-27 04:00:00,171.541,489.817,110.898,55.354,0.0062
M031,2025-05-27 05:00:00,176.645,558.108,110.417,48.48,0.01407
M031,2025-05-27 06:00:00,178.678,486.93,112.253,51.963,0.01407
M031,2025-05-27 07:00:00,192.918,411.398,107.249,49.755,0.01407
M031,2025-05-27 08:00:00,194.112,380.611,92.222,52.83,0.01653
M031,2025-05-27 09:00:00,179.593,469.996,88.93,56.181,0.02703
M031,2025-05-27 10:00:00,182.82,427.981,91.782,56.772,0.02703
M031,2025-05-27 11:00:00,175.294,444.784,98.325,60.07,0.01653
M031,2025-05-27 12:00:00,169.339,445.515,105.383,51.981,0.02703
M031,2025-05-27 13:00:00,168.887,490.661,111.611,45.063,0.01653
M031,2025-05-27 14:00:00,163.763,460.313,117.942,44.545,0.01653
M031,2025-05-27 15:00:00,169.638,397.824,113.707,42.181,0.01653
M031,2025-05-27 16:00:00,182.377,354.32,120.859,44.334,0.01633
M031,2025-05-27 17:00:00,196.266,427.564,122.547,49.108,0.01653
M031,2025-05-27 18:00:00,183.393,454.228,120.791,40.816,0.01633
M031,2025-05-27 19:00:00,183.373,406.406,121.506,40.92,0.01407
M031,2025-05-27 20:00:00,176.61,447.39,108.008,42.389,0.0062
M031,2025-05-27 21:00:00,181.672,452.561,97.031,41.689,0.0062
M031,2025-05-27 22:00:00,172.629,460.757,114.713,43.813,0.0062
M031,2025-05-27 23:00:00,180.032,472.507,110.096,44.217,0.0062
M031,2025-05-28 00:00:00,188.823,464.292,107.287,43.02,0.0062
M031,2025-05-28 01:00:00,193.26,472.915,100.145,44.061,0.01407
M031,2025-05-28 02:00:00,177.536,464.033,113.803,52.005,0.01407
M031,2025-05-28 03:00:00,182.545,437.353,126.981,55.644,0.01407
M031,2025-05-28 04:00:00,191.812,435.764,123.132,45.985,0.01633
M031,2025-05-28 05:00:00,183.943,416.256,129.392,42.581,0.0062
M031,2025-05-28 06:00:00,188.625,443.372,109.572,43.404,0.0062
M031,2025-05-28 07:00:00,185.006,448.186,111.064,52.301,0.0062
M031,2025-05-28 08:00:00,191.907,428.739,110.661,50.381,0.0062
M031,2025-05-28 09:00:00,180.302,358.381,107.317,43.268,0.01407
M031,2025-05-28 10:00:00,173.803,383.124,97.427,44.878,0.01407
M031,2025-05-28 11:00:00,181.46,369.721,100.217,43.467,0.0062
M031,2025-05-28 12:00:00,185.458,376.379,103.516,49.669,0.0062
M031,2025-05-28 13:00:00,183.123,343.926,106.224,48.914,0.0062
M031,2025-05-28 14:00:00,178.589,419.081,93.568,43.357,0.0062
M031,2025-05-28 15:00:00,183.524,444.93,101.731,47.511,0.0062
M031,2025-05-28 16:00:00,169.293,469.633,102.905,51.334,0.0062
M031,2025-05-28 17:00:00,174.019,467.252,96.965,57.914,0.0062
M031,2025-05-28 18:00:00,173.851,387.31,90.397,52.65,0.0062
M031,2025-05-28 19:00:00,164.427,413.336,85.99,52.64,0.0062
M031,2025-05-28 20:00:00,175.488,382.076,102.477,55.373,0.0062
M031,2025-05-28 21:00:00,184.798,384.181,109.503,50.279,0.0062
M031,2025-05-28 22:00:00,174.246,372.269,95.739,45.913,0.0062
M031,2025-05-28 23:00:00,172.914,409.464,103.32,36.537,0.0062
M031,2025-05-29 00:00:00,174.034,419.395,119.212,36.439,0.0062
M031,2025-05-29 01:00:00,182.943,451.375,110.353,32.057,0.0062
M031,2025-05-29 02:00:00,177.982,449.094,102.641,34.111,0.0062
M031,2025-05-29 03:00:00,180.882,374.069,105.658,43.076,0.01407
M031,2025-05-29 04:00:00,191.757,392.552,102.827,36.533,0.01407
M031,2025-05-29 05:00:00,188.356,415.086,104.917,46.519,0.01633
M031,2025-05-29 06:00:00,189.378,335.595,99.172,47.132,0.01653
M031,2025-05-29 07:00:00,178.774,403.897,106.012,45.307,0.01407
M031,2025-05-29 08:00:00,185.704,418.432,110.207,46.28,0.01633
M031,2025-05-29 09:00:00,181.0,431.175,108.614,50.063,0.01407
M031,2025-05-29 10:00:00,170.124,435.933,115.773,50.56,0.01407
M031,2025-05-29 11:00:00,177.628,436.423,109.517,51.193,0.01493
M031,2025-05-29 12:00:00,181.084,370.492,103.132,53.888,0.01407
M031,2025-05-29 13:00:00,175.599,406.246,113.704,47.38,0.01407
M031,2025-05-29 14:00:00,184.236,422.299,111.435,41.018,0.01633
M031,2025-05-29 15:00:00,185.802,358.764,111.141,47.2,0.01633
M031,2025-05-29 16:00:00,190.408,348.092,99.593,45.733,0.01633
M031,2025-05-29 17:00:00,189.64,383.343,110.772,45.848,0.01407
M031,2025-05-29 18:00:00,169.567,426.172,123.047,46.453,0.01633
M031,2025-05-29 19:00:00,173.083,440.332,117.126,43.24,0.0062
M031,2025-05-29 20:00:00,178.59,425.782,129.027,44.258,0.0062
M031,2025-05-29 21:00:00,172.736,424.547,122.286,46.686,0.01407
M031,2025-05-29 22:00:00,177.014,339.07,108.3,47.922,0.01407
M031,2025-05-29 23:00:00,170.495,351.093,108.317,44.577,0.01407
M031,2025-05-30 00:00:00,178.193,388.475,112.05,49.781,0.01407
M031,2025-05-30 01:00:00,180.556,389.486,106.766,45.605,0.01407
M031,2025-05-30 02:00:00,180.145,343.812,116.268,46.659,0.0062
M031,2025-05-30 03:00:00,172.379,402.157,95.251,46.68,0.0062
M031,2025-05-30 04:00:00,182.408,423.451,104.822,44.823,0.0062
M031,2025-05-30 05:00:00,186.229,453.823,115.631,49.33,0.0062
M031,2025-05-30 06:00:00,176.182,400.037,110.413,54.569,0.0062
M031,2025-05-30 07:00:00,180.8,349.725,108.453,51.877,0.0062
M031,2025-05-30 08:00:00,180.254,431.47,114.868,54.393,0.0062
M031,2025-05-30 09:00:00,180.076,445.602,102.943,49.751,0.0062
M031,2025-05-30 10:00:00,183.726,383.841,117.191,49.772,0.0062
M031,2025-05-30 11:00:00,178.308,407.832,116.207,48.258,0.0062
M031,2025-05-30 12:00:00,180.865,385.173,108.533,53.104,0.0062
M031,2025-05-30 13:00:00,183.67,438.884,109.083,44.037,0.0062
M031,2025-05-30 14:00:00,173.428,441.892,104.666,40.533,0.0062
M031,2025-05-30 15:00:00,177.823,414.873,107.507,48.131,0.0062
M031,2025-05-30 16:00:00,189.829,418.441,106.568,41.164,0.0062
M031,2025-05-30 17:00:00,186.096,427.932,110.503,35.296,0.01407
M031,2025-05-30 18:00:00,179.063,443.643,115.814,42.426,0.0062
M031,2025-05-30 19:00:00,175.875,426.196,96.302,40.493,0.0062
M031,2025-05-30 20:00:00,172.781,405.0,101.274,46.158,0.0062
M031,2025-05-30 21:00:00,176.712,484.936,105.68,49.299,0.0062
M031,2025-05-30 22:00:00,192.996,465.541,102.638,50.523,0.0062
M031,2025-05-30 23:00:00,184.794,484.278,103.82,48.487,0.0062
M032,2025-05-24 00:00:00,165.638,502.806,110.53,50.574,0.01407
M032,2025-05-24 01:00:00,160.479,469.963,116.79,56.551,0.01653
M032,2025-05-24 02:00:00,160.278,464.392,107.03,54.365,0.01653
M032,2025-05-24 03:00:00,175.801,474.759,110.976,48.383,0.02703
M032,2025-05-24 04:00:00,178.208,485.333,116.741,47.352,0.01653
M032,2025-05-24 05:00:00,175.644,552.711,108.951,47.046,0.01653
M032,2025-05-24 06:00:00,169.834,516.227,105.393,47.488,0.01653
M032,2025-05-24 07:00:00,175.02,536.721,111.686,46.222,0.01653
M032,2025-05-24 08:00:00,162.044,535.292,100.766,41.876,0.01407
M032,2025-05-24 09:00:00,169.987,463.864,105.955,43.691,0.01407
M032,2025-05-24 10:00:00,180.051,535.293,97.72,41.026,0.01407
M032,2025-05-24 11:00:00,178.317,493.719,109.69,36.953,0.01493
M032,2025-05-24 12:00:00,165.891,478.24,107.927,33.428,0.01407
M032,2025-05-24 13:00:00,160.983,440.788,121.482,37.81,0.01407
M032,2025-05-24 14:00:00,168.297,457.631,95.455,41.57,0.01407
M032,2025-05-24 15:00:00,174.646,469.236,93.488,36.402,0.01407
M032,2025-05-24 16:00:00,171.511,399.035,100.056,38.29,0.01407
M032,2025-05-24 17:00:00,167.396,355.079,95.473,35.076,0.01407
M032,2025-05-24 18:00:00,164.655,422.007,102.228,42.999,0.01407
M032,2025-05-24 19:00:00,170.844,474.161,103.874,45.201,0.01633
M032,2025-05-24 20:00:00,180.689,429.595,105.31,42.665,0.01633
M032,2025-05-24 21:00:00,176.021,423.678,104.196,38.742,0.01407
M032,2025-05-24 22:00:00,172.231,416.317,92.514,41.728,0.01407
M032,2025-05-24 23:00:00,179.87,384.587,92.654,40.272,0.01407
M032,2025-05-25 00:00:00,174.873,375.242,99.371,41.295,0.01633
M032,2025-05-25 01:00:00,174.937,433.319,87.08,42.01,0.01407
M032,2025-05-25 02:00:00,182.387,434.248,93.288,49.401,0.01407
M032,2025-05-25 03:00:00,186.032,412.771,79.612,43.745,0.01407
M032,2025-05-25 04:00:00,180.017,432.043,74.21,47.467,0.01407
M032,2025-05-25 05:00:00,177.868,448.498,86.173,43.237,0.01407
M032,2025-05-25 06:00:00,162.794,366.011,96.323,44.834,0.01407
M032,2025-05-25 07:00:00,172.794,355.605,93.653,46.021,0.01493
M032,2025-05-25 08:00:00,164.832,365.34,88.395,45.318,0.01633
M032,2025-05-25 09:00:00,173.198,420.346,109.388,40.651,0.01407
M032,2025-05-25 10:00:00,166.698,418.255,101.891,43.882,0.01407
M032,2025-05-25 11:00:00,175.583,437.933,111.397,39.09,0.01407
M032,2025-05-25 12:00:00,175.555,466.97,102.575,38.574,0.01407
M032,2025-05-25 13:00:00,189.483,433.958,93.124,43.024,0.0062
M032,2025-05-25 14:00:00,180.876,445.191,93.796,36.655,0.0062
M032,2025-05-25 15:00:00,180.958,467.842,94.038,42.445,0.0062
M032,2025-05-25 16:00:00,167.902,392.243,82.615,42.416,0.0062
M032,2025-05-25 17:00:00,175.075,383.364,75.179,44.87,0.0062
M032,2025-05-25 18:00:00,173.57,517.627,89.35,40.453,0.0062
M032,2025-05-25 19:00:00,182.385,479.216,90.265,42.0,0.0062
M032,2025-05-25 20:00:00,175.499,410.97,79.21,45.914,0.0062
M032,2025-05-25 21:00:00,179.975,330.978,100.062,35.738,0.0062
M032,2025-05-25 22:00:00,187.461,315.102,109.483,40.229,0.01407
M032,2025-05-25 23:00:00,183.476,384.486,113.065,39.126,0.01407
M032,2025-05-26 00:00:00,190.105,364.604,98.114,44.231,0.01407
M032,2025-05-26 01:00:00,179.519,396.271,102.051,44.083,0.01407
M032,2025-05-26 02:00:00,175.432,433.571,109.887,44.557,0.01407
M032,2025-05-26 03:00:00,178.2,436.392,113.218,48.967,0.01407
M032,2025-05-26 04:00:00,179.212,387.008,128.485,49.298,0.01407
M032,2025-05-26 05:00:00,175.275,446.083,115.306,42.037,0.01407
M032,2025-05-26 06:00:00,171.121,348.143,96.847,41.938,0.01407
M032,2025-05-26 07:00:00,180.883,302.712,98.656,39.912,0.01407
M032,2025-05-26 08:00:00,182.128,397.14,90.111,35.706,0.01407
M032,2025-05-26 09:00:00,181.315,374.418,100.806,41.378,0.01407
M032,2025-05-26 10:00:00,176.377,385.118,106.408,33.562,0.01407
M032,2025-05-26 11:00:00,183.315,417.613,91.119,40.8,0.0062
M032,2025-05-26 12:00:00,180.849,395.98,104.53,35.637,0.0062
M032,2025-05-26 13:00:00,181.952,392.494,95.134,40.656,0.0062
M032,2025-05-26 14:00:00,175.782,374.529,92.101,39.856,0.0062
M032,2025-05-26 15:00:00,172.064,417.417,84.113,46.478,0.0062
M032,2025-05-26 16:00:00,174.46,414.723,94.737,44.493,0.0062
M032,2025-05-26 17:00:00,169.414,414.945,99.936,39.087,0.0062
M032,2025-05-26 18:00:00,163.575,439.111,101.637,42.369,0.0062
M032,2025-05-26 19:00:00,168.735,416.597,84.763,30.133,0.0062
M032,2025-05-26 20:00:00,173.259,374.973,77.602,29.62,0.0062
M032,2025-05-26 21:00:00,163.157,437.953,95.151,32.49,0.0062
M032,2025-05-26 22:00:00,157.78,437.064,90.335,42.77,0.0062
M032,2025-05-26 23:00:00,170.843,382.113,92.237,42.811,0.0062
M032,2025-05-27 00:00:00,182.566,400.173,96.333,40.143,0.0062
M032,2025-05-27 01:00:00,172.083,418.457,93.825,40.497,0.0062
M032,2025-05-27 02:00:00,168.436,414.448,94.695,38.533,0.0062
M032,2025-05-27 03:00:00,173.886,439.354,106.026,32.574,0.0062
M032,2025-05-27 04:00:00,168.086,419.538,93.644,32.611,0.0062
M032,2025-05-27 05:00:00,162.914,415.382,96.183,24.576,0.0062
M032,2025-05-27 06:00:00,161.793,391.402,104.746,26.041,0.0062
M032,2025-05-27 07:00:00,162.344,354.775,109.515,27.821,0.0062
M032,2025-05-27 08:00:00,161.768,463.089,102.985,31.073,0.0062
M032,2025-05-27 09:00:00,161.813,437.734,108.764,29.203,0.0062
M032,2025-05-27 10:00:00,170.826,424.52,92.033,24.559,0.0062
M032,2025-05-27 11:00:00,173.419,475.742,106.359,30.385,0.0062
M032,2025-05-27 12:00:00,181.465,419.678,106.32,33.998,0.0062
M032,2025-05-27 13:00:00,187.842,388.722,105.542,34.703,0.0062
M032,2025-05-27 14:00:00,173.083,336.97,106.421,34.699,0.0062
M032,2025-05-27 15:00:00,173.651,368.2,109.913,37.526,0.0062
M032,2025-05-27 16:00:00,176.651,320.772,93.913,40.994,0.01407
M032,2025-05-27 17:00:00,175.939,358.64,100.884,43.033,0.01407
M032,2025-05-27 18:00:00,169.262,329.206,104.497,39.115,0.01407
M032,2025-05-27 19:00:00,169.226,295.787,111.636,44.735,0.01633
M032,2025-05-27 20:00:00,166.819,338.471,113.825,47.071,0.01653
M032,2025-05-27 21:00:00,173.058,344.529,105.79,41.988,0.01653
M032,2025-05-27 22:00:00,168.313,419.629,115.709,43.898,0.01653
M032,2025-05-27 23:00:00,181.108,401.778,99.364,44.527,0.01653
M032,2025-05-28 00:00:00,175.947,462.505,105.537,40.611,0.01653
M032,2025-05-28 01:00:00,177.521,459.01,111.051,44.147,0.01633
M032,2025-05-28 02:00:00,164.369,404.904,105.159,36.369,0.01407
M032,2025-05-28 03:00:00,165.823,446.555,97.315,34.271,0.01407
M032,2025-05-28 04:00:00,170.918,485.311,97.813,29.114,0.0062
M032,2025-05-28 05:00:00,159.215,469.095,109.026,31.443,0.0062
M032,2025-05-28 06:00:00,167.807,536.115,106.157,31.413,0.0062
M032,2025-05-28 07:00:00,175.342,482.921,91.053,25.455,0.0062
M032,2025-05-28 08:00:00,171.293,416.691,80.935,36.356,0.0062
M032,2025-05-28 09:00:00,166.156,444.528,93.282,34.994,0.0062
M032,2025-05-28 10:00:00,178.219,466.299,91.482,36.389,0.0062
M032,2025-05-28 11:00:00,170.217,419.052,102.261,35.123,0.0062
M032,2025-05-28 12:00:00,177.77,364.189,108.589,41.724,0.01407
M032,2025-05-28 13:00:00,171.745,368.026,102.181,38.7,0.01407
M032,2025-05-28 14:00:00,158.758,434.192,108.223,45.131,0.01633
M032,2025-05-28 15:00:00,171.512,376.828,96.883,42.109,0.01493
M032,2025-05-28 16:00:00,162.645,316.678,101.887,43.387,0.01633
M032,2025-05-28 17:00:00,161.337,387.782,100.344,44.043,0.01407
M032,2025-05-28 18:00:00,166.635,366.556,105.95,44.943,0.01633
M032,2025-05-28 19:00:00,174.056,366.563,99.608,47.485,0.01633
M032,2025-05-28 20:00:00,166.643,364.197,81.162,43.498,0.01633
M032,2025-05-28 21:00:00,166.586,357.421,85.171,37.16,0.01407
M032,2025-05-28 22:00:00,175.57,442.892,89.015,37.367,0.01407
M032,2025-05-28 23:00:00,173.271,461.892,86.14,40.051,0.01407
M032,2025-05-29 00:00:00,175.275,413.028,95.789,46.693,0.01407
M032,2025-05-29 01:00:00,172.938,432.55,101.199,49.187,0.01407
M032,2025-05-29 02:00:00,180.873,395.548,88.901,43.09,0.01633
M032,2025-05-29 03:00:00,179.479,434.345,96.451,45.191,0.01493
M032,2025-05-29 04:00:00,185.686,428.721,97.013,45.577,0.01407
M032,2025-05-29 05:00:00,172.313,471.328,108.135,42.08,0.01407
M032,2025-05-29 06:00:00,177.784,489.727,104.965,37.31,0.01407
M032,2025-05-29 07:00:00,174.401,464.586,99.599,34.736,0.01407
M032,2025-05-29 08:00:00,168.548,403.357,86.612,36.831,0.01407
M032,2025-05-29 09:00:00,172.595,284.852,84.882,40.382,0.01407
M032,2025-05-29 10:00:00,165.288,319.704,85.731,40.934,0.01407
M032,2025-05-29 11:00:00,164.576,318.201,92.738,39.733,0.01407
M032,2025-05-29 12:00:00,179.325,334.062,89.339,35.454,0.01407
M032,2025-05-29 13:00:00,165.846,430.466,94.553,34.534,0.01407
M032,2025-05-29 14:00:00,167.146,470.321,86.904,25.954,0.0062
M032,2025-05-29 15:00:00,163.357,549.504,104.953,34.366,0.0062
M032,2025-05-29 16:00:00,165.862,450.218,101.609,39.661,0.0062
M032,2025-05-29 17:00:00,165.023,484.882,95.824,39.903,0.0062
M032,2025-05-29 18:00:00,166.915,445.448,83.682,39.495,0.0062
M032,2025-05-29 19:00:00,175.555,423.336,93.915,40.68,0.0062
M032,2025-05-29 20:00:00,174.636,419.911,102.537,40.129,0.01407
M032,2025-05-29 21:00:00,177.856,373.785,96.759,37.958,0.01407
M032,2025-05-29 22:00:00,167.805,378.212,98.518,39.37,0.01407
M032,2025-05-29 23:00:00,168.062,356.919,95.743,41.62,0.01407
M032,2025-05-30 00:00:00,160.273,401.132,103.718,37.922,0.0062
M032,2025-05-30 01:00:00,165.684,381.945,105.425,33.488,0.0062
M032,2025-05-30 02:00:00,158.362,379.737,117.825,36.945,0.0062
M032,2025-05-30 03:00:00,173.69,382.546,107.408,30.504,0.0062
M032,2025-05-30 04:00:00,155.971,450.877,95.905,30.699,0.01407
M032,2025-05-30 05:00:00,157.797,443.43,102.165,37.954,0.0062
M032,2025-05-30 06:00:00,157.423,487.579,110.205,42.06,0.01407
M032,2025-05-30 07:00:00,157.355,425.629,97.167,36.177,0.01407
M032,2025-05-30 08:00:00,174.698,375.893,91.688,43.479,0.01407
M032,2025-05-30 09:00:00,180.536,435.946,92.668,42.347,0.01407
M032,2025-05-30 10:00:00,180.244,428.335,111.532,37.399,0.01653
M032,2025-05-30 11:00:00,180.644,470.117,89.699,37.703,0.01633
M032,2025-05-30 12:00:00,183.222,430.576,87.384,38.513,0.01633
M032,2025-05-30 13:00:00,188.161,408.956,104.439,40.004,0.01633
M032,2025-05-30 14:00:00,187.041,464.414,98.237,39.944,0.01407
M032,2025-05-30 15:00:00,178.714,371.021,96.942,36.134,0.01407
M032,2025-05-30 16:00:00,181.26,365.246,95.469,36.306,0.01407
M032,2025-05-30 17:00:00,166.638,348.168,91.441,37.023,0.01407
M032,2025-05-30 18:00:00,171.458,383.209,89.743,37.82,0.01407
M032,2025-05-30 19:00:00,163.041,365.135,92.463,47.488,0.01407
M032,2025-05-30 20:00:00,167.306,405.733,91.234,47.957,0.01633
M032,2025-05-30 21:00:00,175.809,363.998,105.772,42.87,0.01407
M032,2025-05-30 22:00:00,173.188,441.825,97.693,46.121,0.01407
M032,2025-05-30 23:00:00,177.662,406.525,94.263,49.119,0.01633
M033,2025-05-24 00:00:00,180.447,559.169,96.505,35.385,0.01407
M033,2025-05-24 01:00:00,173.172,529.889,95.556,36.889,0.01407
M033,2025-05-24 02:00:00,174.795,564.245,110.007,36.543,0.0062
M033,2025-05-24 03:00:00,175.457,567.489,120.774,42.923,0.01407
M033,2025-05-24 04:00:00,178.179,556.171,126.446,41.802,0.01407
M033,2025-05-24 05:00:00,175.836,442.877,108.22,40.647,0.01407
M033,2025-05-24 06:00:00,167.478,489.432,120.046,42.38,0.01407
M033,2025-05-24 07:00:00,159.928,486.343,125.824,34.943,0.01407
M033,2025-05-24 08:00:00,174.728,430.685,120.965,34.132,0.01407
M033,2025-05-24 09:00:00,176.432,503.114,121.115,45.74,0.01407
M033,2025-05-24 10:00:00,179.028,523.629,106.798,39.227,0.01407
M033,2025-05-24 11:00:00,165.98,494.723,109.362,38.034,0.01633
M033,2025-05-24 12:00:00,166.677,481.715,92.176,35.993,0.01493
M033,2025-05-24 13:00:00,175.959,530.956,82.238,35.128,0.01407
M033,2025-05-24 14:00:00,169.478,498.467,97.721,41.189,0.01407
M033,2025-05-24 15:00:00,175.417,501.495,99.935,43.441,0.01407
M033,2025-05-24 16:00:00,162.728,486.916,107.041,45.928,0.01407
M033,2025-05-24 17:00:00,174.889,489.379,106.999,40.055,0.01407
M033,2025-05-24 18:00:00,173.196,514.904,101.073,43.159,0.01407
M033,2025-05-24 19:00:00,177.412,491.715,101.135,51.194,0.01407
M033,2025-05-24 20:00:00,176.798,460.85,99.99,42.062,0.01407
M033,2025-05-24 21:00:00,168.781,497.186,102.829,33.488,0.0062
M033,2025-05-24 22:00:00,163.108,480.721,102.319,31.275,0.0062
M033,2025-05-24 23:00:00,164.187,484.451,103.105,32.714,0.0062
M033,2025-05-25 00:00:00,164.692,487.531,91.314,42.104,0.01407
M033,2025-05-25 01:00:00,177.096,504.84,85.036,32.068,0.0062
M033,2025-05-25 02:00:00,173.545,496.053,92.015,35.656,0.0062
M033,2025-05-25 03:00:00,172.369,553.255,94.507,40.404,0.0062
M033,2025-05-25 04:00:00,162.771,546.366,94.665,35.747,0.0062
M033,2025-05-25 05:00:00,161.955,523.703,96.966,42.996,0.0062
M033,2025-05-25 06:00:00,165.998,503.359,90.733,42.15,0.0062
M033,2025-05-25 07:00:00,167.809,517.251,110.706,44.587,0.0062
M033,2025-05-25 08:00:00,175.578,559.487,110.941,45.595,0.0062
M033,2025-05-25 09:00:00,160.652,554.778,101.804,45.666,0.0062
M033,2025-05-25 10:00:00,177.044,517.286,111.565,46.733,0.0062
M033,2025-05-25 11:00:00,174.836,511.956,108.525,46.727,0.0062
M033,2025-05-25 12:00:00,175.442,457.306,110.226,43.289,0.0062
M033,2025-05-25 13:00:00,175.53,502.478,113.944,40.783,0.0062
M033,2025-05-25 14:00:00,180.587,500.211,113.277,40.772,0.0062
M033,2025-05-25 15:00:00,180.819,499.622,116.103,40.086,0.0062
M033,2025-05-25 16:00:00,175.325,482.457,91.879,33.498,0.0062
M033,2025-05-25 17:00:00,169.429,547.54,95.802,34.975,0.0062
M033,2025-05-25 18:00:00,170.975,585.688,81.533,36.299,0.0062
M033,2025-05-25 19:00:00,179.82,529.303,88.227,37.582,0.0062
M033,2025-05-25 20:00:00,180.071,532.213,108.044,42.477,0.0062
M033,2025-05-25 21:00:00,175.838,454.541,102.954,41.606,0.0062
M033,2025-05-25 22:00:00,164.876,491.998,107.129,36.478,0.0062
M033,2025-05-25 23:00:00,167.152,455.012,101.518,33.433,0.0062
M033,2025-05-26 00:00:00,178.029,437.578,94.965,35.813,0.0062
M033,2025-05-26 01:00:00,179.065,404.444,93.169,32.749,0.0062
M033,2025-05-26 02:00:00,179.25,450.891,101.188,30.244,0.0062
M033,2025-05-26 03:00:00,180.665,476.819,105.244,30.298,0.0062
M033,2025-05-26 04:00:00,191.781,454.554,102.869,36.209,0.0062
M033,2025-05-26 05:00:00,191.116,438.128,109.535,39.802,0.01407
M033,2025-05-26 06:00:00,186.885,472.303,100.962,39.909,0.01407
M033,2025-05-26 07:00:00,171.777,447.483,107.626,41.758,0.01407
M033,2025-05-26 08:00:00,169.449,395.87,97.997,42.908,0.01407
M033,2025-05-26 09:00:00,157.272,390.108,115.585,43.276,0.01407
M033,2025-05-26 10:00:00,159.971,378.629,127.868,43.277,0.01407
M033,2025-05-26 11:00:00,163.402,502.66,117.788,42.655,0.01407
M033,2025-05-26 12:00:00,167.96,501.063,127.326,34.941,0.01407
M033,2025-05-26 13:00:00,162.073,536.078,114.13,30.856,0.01407
M033,2025-05-26 14:00:00,163.561,456.952,105.683,35.784,0.0062
M033,2025-05-26 15:00:00,171.764,501.906,97.116,36.598,0.01407
M033,2025-05-26 16:00:00,170.945,494.387,103.323,37.15,0.01407
M033,2025-05-26 17:00:00,170.14,508.535,108.456,40.613,0.01407
M033,2025-05-26 18:00:00,174.46,462.126,109.127,37.209,0.01407
M033,2025-05-26 19:00:00,184.844,561.237,111.711,32.677,0.01407
M033,2025-05-26 20:00:00,180.414,597.531,101.969,41.388,0.01407
M033,2025-05-26 21:00:00,185.266,568.426,112.344,44.781,0.01407
M033,2025-05-26 22:00:00,182.452,466.9,97.222,43.352,0.01407
M033,2025-05-26 23:00:00,185.676,418.978,106.514,46.209,0.01407
M033,2025-05-27 00:00:00,184.735,483.251,109.141,45.775,0.01407
M033,2025-05-27 01:00:00,171.777,491.041,103.345,39.653,0.01407
M033,2025-05-27 02:00:00,170.138,513.798,109.246,39.359,0.01407
M033,2025-05-27 03:00:00,174.987,474.577,110.359,40.446,0.01407
M033,2025-05-27 04:00:00,176.499,439.124,96.99,41.029,0.01407
M033,2025-05-27 05:00:00,176.464,517.874,93.32,40.762,0.01407
M033,2025-05-27 06:00:00,180.13,494.232,84.444,38.19,0.0062
M033,2025-05-27 07:00:00,183.503,422.483,99.474,38.405,0.00864
M033,2025-05-27 08:00:00,179.074,540.527,111.037,42.074,0.01407
M033,2025-05-27 09:00:00,173.877,512.567,99.918,36.861,0.01407
M033,2025-05-27 10:00:00,168.274,556.041,98.372,36.752,0.0062
M033,2025-05-27 11:00:00,177.982,639.713,86.931,39.438,0.0062
M033,2025-05-27 12:00:00,178.472,525.784,99.965,47.845,0.0062
M033,2025-05-27 13:00:00,167.758,544.749,107.702,41.62,0.0062
M033,2025-05-27 14:00:00,168.06,521.709,99.316,39.324,0.0062
M033,2025-05-27 15:00:00,174.716,473.965,107.369,36.15,0.0062
M033,2025-05-27 16:00:00,178.106,464.184,106.298,24.934,0.0062
M033,2025-05-27 17:00:00,175.927,508.989,98.601,30.026,0.0062
M033,2025-05-27 18:00:00,186.296,433.725,98.731,31.677,0.0062
M033,2025-05-27 19:00:00,183.587,525.95,87.093,36.345,0.0062
M033,2025-05-27 20:00:00,165.721,482.101,82.76,29.892,0.0062
M033,2025-05-27 21:00:00,169.504,533.917,82.888,28.091,0.0062
M033,2025-05-27 22:00:00,175.894,543.599,94.282,28.185,0.0062
M033,2025-05-27 23:00:00,177.869,538.342,95.537,38.668,0.0062
M033,2025-05-28 00:00:00,174.204,561.332,105.97,38.966,0.0062
M033,2025-05-28 01:00:00,182.796,491.395,102.054,37.599,0.0062
M033,2025-05-28 02:00:00,167.58,485.791,95.614,41.786,0.0062
M033,2025-05-28 03:00:00,162.747,515.124,100.973,35.997,0.0062
M033,2025-05-28 04:00:00,153.723,504.907,101.548,40.33,0.0062
M033,2025-05-28 05:00:00,162.977,563.948,92.93,39.085,0.0062
M033,2025-05-28 06:00:00,161.166,500.137,93.072,38.252,0.0062
M033,2025-05-28 07:00:00,172.198,517.987,98.943,39.439,0.0062
M033,2025-05-28 08:00:00,182.12,454.737,118.398,46.504,0.0062
M033,2025-05-28 09:00:00,180.5,454.646,121.812,43.974,0.01407
M033,2025-05-28 10:00:00,167.935,521.264,110.298,48.076,0.01407
M033,2025-05-28 11:00:00,163.848,517.407,111.551,45.255,0.01407
M033,2025-05-28 12:00:00,164.909,457.819,109.887,48.155,0.01407
M033,2025-05-28 13:00:00,174.591,489.144,103.718,43.23,0.01407
M033,2025-05-28 14:00:00,177.473,452.951,107.584,43.771,0.01407
M033,2025-05-28 15:00:00,176.165,460.923,86.453,47.554,0.01407
M033,2025-05-28 16:00:00,174.033,451.917,88.08,50.017,0.01407
M033,2025-05-28 17:00:00,165.309,468.107,89.928,41.691,0.01407
M033,2025-05-28 18:00:00,161.724,424.98,88.228,43.259,0.0062
M033,2025-05-28 19:00:00,165.464,465.879,93.596,41.208,0.0062
M033,2025-05-28 20:00:00,169.557,445.685,98.83,37.009,0.0062
M033,2025-05-28 21:00:00,165.765,411.788,93.128,37.439,0.0062
M033,2025-05-28 22:00:00,183.524,464.779,88.032,33.293,0.0062
M033,2025-05-28 23:00:00,174.171,523.564,80.392,38.546,0.0062
M033,2025-05-29 00:00:00,166.424,481.585,97.288,44.01,0.0062
M033,2025-05-29 01:00:00,168.141,432.043,103.432,38.393,0.0062
M033,2025-05-29 02:00:00,175.111,479.021,82.26,38.928,0.0062
M033,2025-05-29 03:00:00,172.077,509.463,83.822,37.604,0.0062
M033,2025-05-29 04:00:00,171.794,448.116,84.151,41.011,0.0062
M033,2025-05-29 05:00:00,168.953,406.91,102.029,46.834,0.0062
M033,2025-05-29 06:00:00,151.62,423.956,115.547,43.216,0.01407
M033,2025-05-29 07:00:00,164.412,397.994,116.582,48.905,0.0062
M033,2025-05-29 08:00:00,176.829,476.179,115.724,40.023,0.0062
M033,2025-05-29 09:00:00,177.106,488.088,121.413,39.791,0.0062
M033,2025-05-29 10:00:00,181.471,507.077,102.96,42.682,0.0062
M033,2025-05-29 11:00:00,172.95,480.449,94.157,39.996,0.01407
M033,2025-05-29 12:00:00,169.601,449.644,98.442,38.596,0.01407
M033,2025-05-29 13:00:00,179.025,484.639,94.262,44.787,0.01407
M033,2025-05-29 14:00:00,191.436,515.878,91.672,44.881,0.01407
M033,2025-05-29 15:00:00,193.357,516.33,90.315,42.02,0.01407
M033,2025-05-29 16:00:00,183.652,430.47,87.568,31.869,0.0062
M033,2025-05-29 17:00:00,180.944,442.737,102.804,32.277,0.0062
M033,2025-05-29 18:00:00,184.535,408.624,90.657,36.747,0.0062
M033,2025-05-29 19:00:00,186.284,450.057,91.109,41.84,0.01407
M033,2025-05-29 20:00:00,175.237,446.257,113.814,39.948,0.01407
M033,2025-05-29 21:00:00,181.424,421.191,102.091,41.548,0.01407
M033,2025-05-29 22:00:00,181.497,425.314,81.814,41.126,0.01407
M033,2025-05-29 23:00:00,176.648,415.209,86.425,32.012,0.01407
M033,2025-05-30 00:00:00,167.361,518.317,85.352,33.213,0.0062
M033,2025-05-30 01:00:00,171.955,420.578,98.736,27.897,0.0062
M033,2025-05-30 02:00:00,169.269,444.812,97.117,29.814,0.01407
M033,2025-05-30 03:00:00,177.725,418.081,102.89,26.136,0.01407
M033,2025-05-30 04:00:00,177.394,440.9,122.666,22.101,0.0062
M033,2025-05-30 05:00:00,174.279,450.861,108.864,22.4,0.0062
M033,2025-05-30 06:00:00,169.389,442.024,94.404,33.368,0.0062
M033,2025-05-30 07:00:00,178.15,353.92,96.079,35.406,0.0062
M033,2025-05-30 08:00:00,171.965,399.698,88.881,34.631,0.0062
M033,2025-05-30 09:00:00,177.303,422.323,97.905,38.628,0.01407
M033,2025-05-30 10:00:00,169.408,374.212,106.844,36.13,0.01633
M033,2025-05-30 11:00:00,171.747,438.537,113.599,40.242,0.01407
M033,2025-05-30 12:00:00,168.634,434.031,106.108,41.695,0.01407
M033,2025-05-30 13:00:00,166.615,499.512,107.454,42.357,0.01407
M033,2025-05-30 14:00:00,167.935,490.044,106.239,34.493,0.01407
M033,2025-05-30 15:00:00,157.89,505.129,106.541,37.509,0.01407
M033,2025-05-30 16:00:00,159.94,491.129,115.77,43.371,0.01407
M033,2025-05-30 17:00:00,162.027,526.785,99.091,44.086,0.01407
M033,2025-05-30 18:00:00,162.403,532.873,94.877,42.163,0.0062
M033,2025-05-30 19:00:00,167.56,539.33,101.538,40.755,0.0062
M033,2025-05-30 20:00:00,160.979,522.502,94.425,38.413,0.0062
M033,2025-05-30 21:00:00,168.729,515.998,89.729,33.598,0.0062
M033,2025-05-30 22:00:00,160.793,490.639,91.609,39.088,0.0062
M033,2025-05-30 23:00:00,164.096,411.56,93.531,39.166,0.0062
M034,2025-05-24 00:00:00,202.259,429.909,103.12,55.033,0.0062
M034,2025-05-24 01:00:00,200.028,439.101,107.307,56.369,0.0062
M034,2025-05-24 02:00:00,194.241,431.968,96.948,52.788,0.0062
M034,2025-05-24 03:00:00,193.476,419.116,84.558,62.267,0.0062
M034,2025-05-24 04:00:00,191.848,428.744,88.473,59.928,0.0062
M034,2025-05-24 05:00:00,187.747,411.165,89.834,51.367,0.0062
M034,2025-05-24 06:00:00,188.879,385.237,101.326,51.32,0.0062
M034,2025-05-24 07:00:00,197.346,361.005,114.338,45.617,0.0062
M034,2025-05-24 08:00:00,196.227,303.971,102.351,51.004,0.0062
M034,2025-05-24 09:00:00,178.789,354.497,93.899,49.336,0.0062
M034,2025-05-24 10:00:00,170.797,413.866,106.527,53.844,0.0062
M034,2025-05-24 11:00:00,177.975,386.216,110.921,56.92,0.0062
M034,2025-05-24 12:00:00,177.4,442.023,98.024,54.609,0.0062
M034,2025-05-24 13:00:00,186.359,450.146,102.344,52.871,0.0062
M034,2025-05-24 14:00:00,174.436,425.756,111.259,59.392,0.0062
M034,2025-05-24 15:00:00,185.238,452.926,113.023,58.577,0.0062
M034,2025-05-24 16:00:00,192.469,408.947,102.737,60.591,0.01633
M034,2025-05-24 17:00:00,196.175,469.975,99.707,57.01,0.01407
M034,2025-05-24 18:00:00,181.695,481.578,88.295,59.001,0.0062
M034,2025-05-24 19:00:00,187.908,522.155,89.548,61.886,0.0062
M034,2025-05-24 20:00:00,189.611,436.606,92.669,58.464,0.0062
M034,2025-05-24 21:00:00,191.048,444.698,103.446,58.223,0.0062
M034,2025-05-24 22:00:00,196.412,328.335,103.193,52.643,0.0062
M034,2025-05-24 23:00:00,199.594,433.884,93.551,50.761,0.0062
M034,2025-05-25 00:00:00,191.081,417.714,91.632,51.873,0.0062
M034,2025-05-25 01:00:00,190.088,435.878,111.715,51.406,0.0062
M034,2025-05-25 02:00:00,195.583,404.557,99.058,56.498,0.0062
M034,2025-05-25 03:00:00,190.334,408.994,95.985,63.647,0.0062
M034,2025-05-25 04:00:00,173.035,435.185,98.565,64.559,0.0062
M034,2025-05-25 05:00:00,189.118,391.946,105.286,55.791,0.01407
M034,2025-05-25 06:00:00,178.292,446.556,111.584,51.03,0.0062
M034,2025-05-25 07:00:00,171.497,367.033,100.476,52.32,0.0062
M034,2025-05-25 08:00:00,178.402,393.489,108.405,57.139,0.0062
M034,2025-05-25 09:00:00,178.032,453.61,112.794,51.838,0.0062
M034,2025-05-25 10:00:00,183.989,469.63,117.173,52.556,0.0062
M034,2025-05-25 11:00:00,187.526,454.041,116.066,54.986,0.0062
M034,2025-05-25 12:00:00,189.547,474.81,126.57,58.695,0.01407
M034,2025-05-25 13:00:00,195.869,517.118,116.615,56.274,0.0062
M034,2025-05-25 14:00:00,195.735,509.614,122.417,61.116,0.0062
M034,2025-05-25 15:00:00,193.772,506.02,110.744,56.81,0.0062
M034,2025-05-25 16:00:00,192.67,481.316,117.245,60.68,0.0062
M034,2025-05-25 17:00:00,190.115,452.274,107.505,55.029,0.0062
M034,2025-05-25 18:00:00,192.252,486.989,97.783,55.058,0.0062
M034,2025-05-25 19:00:00,191.899,482.287,113.543,60.31,0.0062
M034,2025-05-25 20:00:00,184.78,473.343,113.051,58.845,0.0062
M034,2025-05-25 21:00:00,186.361,401.45,124.25,62.496,0.0062
M034,2025-05-25 22:00:00,194.33,415.869,120.381,59.802,0.0062
M034,2025-05-25 23:00:00,190.6,384.004,134.625,60.756,0.0062
M034,2025-05-26 00:00:00,191.281,446.445,121.444,56.676,0.0062
M034,2025-05-26 01:00:00,189.108,426.272,116.327,46.913,0.0062
M034,2025-05-26 02:00:00,188.024,410.638,110.576,50.894,0.0062
M034,2025-05-26 03:00:00,181.035,491.414,111.155,51.061,0.0062
M034,2025-05-26 04:00:00,187.698,477.754,118.552,49.74,0.0062
M034,2025-05-26 05:00:00,180.636,382.779,124.671,56.085,0.0062
M034,2025-05-26 06:00:00,180.732,400.861,103.942,51.023,0.0062
M034,2025-05-26 07:00:00,189.683,387.158,94.551,61.252,0.0062
M034,2025-05-26 08:00:00,177.85,389.411,100.638,61.831,0.0062
M034,2025-05-26 09:00:00,189.618,400.763,95.16,54.453,0.0062
M034,2025-05-26 10:00:00,197.018,433.428,101.316,54.446,0.0062
M034,2025-05-26 11:00:00,189.585,397.438,90.979,51.834,0.0062
M034,2025-05-26 12:00:00,194.82,423.906,94.355,47.913,0.0062
M034,2025-05-26 13:00:00,193.663,411.155,104.46,51.359,0.0062
M034,2025-05-26 14:00:00,198.809,414.137,116.067,50.726,0.0062
M034,2025-05-26 15:00:00,196.307,387.561,118.01,54.757,0.0062
M034,2025-05-26 16:00:00,189.275,395.187,115.638,52.76,0.0062
M034,2025-05-26 17:00:00,190.26,419.32,114.275,52.649,0.0062
M034,2025-05-26 18:00:00,178.244,442.485,117.348,54.056,0.0062
M034,2025-05-26 19:00:00,172.187,447.224,118.792,52.525,0.0062
M034,2025-05-26 20:00:00,186.31,434.877,109.047,60.409,0.0062
M034,2025-05-26 21:00:00,186.641,419.229,100.751,50.992,0.0062
M034,2025-05-26 22:00:00,180.121,424.722,102.38,57.785,0.0062
M034,2025-05-26 23:00:00,184.007,435.192,97.36,56.782,0.0062
M034,2025-05-27 00:00:00,180.414,435.55,92.318,55.189,0.0062
M034,2025-05-27 01:00:00,196.084,445.316,105.882,54.47,0.0062
M034,2025-05-27 02:00:00,194.478,417.42,123.759,58.478,0.0062
M034,2025-05-27 03:00:00,185.568,426.227,104.305,48.586,0.0062
M034,2025-05-27 04:00:00,190.702,491.559,91.948,52.668,0.0062
M034,2025-05-27 05:00:00,185.605,457.553,88.256,51.282,0.0062
M034,2025-05-27 06:00:00,174.172,500.038,100.808,52.476,0.0062
M034,2025-05-27 07:00:00,170.641,525.407,112.921,52.129,0.0062
M034,2025-05-27 08:00:00,191.252,492.265,99.126,55.717,0.0062
M034,2025-05-27 09:00:00,179.251,489.618,100.956,62.937,0.0062
M034,2025-05-27 10:00:00,177.145,536.456,95.339,59.07,0.0062
M034,2025-05-27 11:00:00,170.882,557.341,93.39,56.466,0.0062
M034,2025-05-27 12:00:00,182.214,552.047,101.824,54.825,0.0062
M034,2025-05-27 13:00:00,183.942,505.669,100.644,52.568,0.0062
M034,2025-05-27 14:00:00,181.186,436.433,117.801,51.71,0.0062
M034,2025-05-27 15:00:00,178.603,370.208,121.914,48.084,0.0062
M034,2025-05-27 16:00:00,181.218,405.426,126.293,48.34,0.0062
M034,2025-05-27 17:00:00,178.689,493.611,126.227,46.115,0.0062
M034,2025-05-27 18:00:00,176.063,472.152,118.021,52.197,0.0062
M034,2025-05-27 19:00:00,175.994,491.167,115.115,52.924,0.0062
M034,2025-05-27 20:00:00,178.339,484.525,107.02,55.21,0.0062
M034,2025-05-27 21:00:00,161.359,467.636,111.172,50.715,0.0062
M034,2025-05-27 22:00:00,177.023,480.328,102.196,53.516,0.0062
M034,2025-05-27 23:00:00,177.603,468.796,102.702,63.483,0.0062
M034,2025-05-28 00:00:00,169.05,431.507,108.995,51.23,0.0062
M034,2025-05-28 01:00:00,173.357,461.078,117.364,51.286,0.0062
M034,2025-05-28 02:00:00,174.958,486.462,112.379,51.761,0.0062
M034,2025-05-28 03:00:00,176.043,432.674,111.694,48.639,0.01633
M034,2025-05-28 04:00:00,176.128,403.272,111.616,50.161,0.02703
M034,2025-05-28 05:00:00,169.497,470.707,106.301,42.225,0.01407
M034,2025-05-28 06:00:00,165.491,394.767,118.857,49.509,0.01633
M034,2025-05-28 07:00:00,178.178,395.829,105.16,48.577,0.01493
M034,2025-05-28 08:00:00,172.162,386.741,100.643,48.606,0.01653
M034,2025-05-28 09:00:00,172.516,419.77,104.459,53.378,0.02703
M034,2025-05-28 10:00:00,177.909,466.167,111.777,58.979,0.08333
M034,2025-05-28 11:00:00,179.976,435.88,112.505,47.683,0.02703
M034,2025-05-28 12:00:00,174.255,454.522,93.238,53.663,0.02703
M034,2025-05-28 13:00:00,179.972,497.032,100.984,52.026,0.01653
M034,2025-05-28 14:00:00,196.655,499.27,97.216,63.634,0.02703
M034,2025-05-28 15:00:00,202.245,497.947,96.486,63.267,0.01653
M034,2025-05-28 16:00:00,192.806,434.859,93.82,53.943,0.01633
M034,2025-05-28 17:00:00,194.56,393.528,94.614,52.523,0.01633
M034,2025-05-28 18:00:00,192.612,433.602,96.258,50.328,0.01407
M034,2025-05-28 19:00:00,186.36,442.912,97.836,53.367,0.01633
M034,2025-05-28 20:00:00,185.254,468.938,105.765,53.877,0.01407
M034,2025-05-28 21:00:00,192.634,478.036,110.994,51.311,0.0062
M034,2025-05-28 22:00:00,199.73,500.543,119.209,50.011,0.0062
M034,2025-05-28 23:00:00,199.887,446.468,112.84,49.291,0.0062
M034,2025-05-29 00:00:00,204.846,449.37,113.39,44.409,0.0062
M034,2025-05-29 01:00:00,191.583,505.526,107.17,41.51,0.0062
M034,2025-05-29 02:00:00,196.859,447.824,101.971,40.631,0.0062
M034,2025-05-29 03:00:00,191.12,453.254,92.877,42.855,0.0062
M034,2025-05-29 04:00:00,189.958,440.488,84.747,46.847,0.0062
M034,2025-05-29 05:00:00,186.717,494.789,95.458,46.822,0.0062
M034,2025-05-29 06:00:00,189.941,481.283,90.31,52.464,0.0062
M034,2025-05-29 07:00:00,190.681,542.25,96.77,51.355,0.0062
M034,2025-05-29 08:00:00,188.365,505.698,96.371,57.744,0.0062
M034,2025-05-29 09:00:00,176.458,446.5,104.206,54.234,0.0062
M034,2025-05-29 10:00:00,178.201,432.32,107.586,62.866,0.01407
M034,2025-05-29 11:00:00,178.981,448.108,100.188,55.969,0.0062
M034,2025-05-29 12:00:00,180.03,465.218,97.293,49.286,0.0062
M034,2025-05-29 13:00:00,183.808,460.937,83.96,52.253,0.0062
M034,2025-05-29 14:00:00,187.611,419.038,91.148,49.353,0.0062
M034,2025-05-29 15:00:00,184.94,417.249,107.736,47.936,0.0062
M034,2025-05-29 16:00:00,186.881,456.715,111.728,43.856,0.0062
M034,2025-05-29 17:00:00,177.442,451.81,106.822,41.178,0.0062
M034,2025-05-29 18:00:00,175.332,479.088,110.481,56.558,0.0062
M034,2025-05-29 19:00:00,171.843,470.219,111.142,51.11,0.0062
M034,2025-05-29 20:00:00,174.115,449.354,103.697,62.588,0.0062
M034,2025-05-29 21:00:00,183.37,420.825,103.732,53.917,0.0062
M034,2025-05-29 22:00:00,183.759,363.398,101.149,50.57,0.01407
M034,2025-05-29 23:00:00,183.995,376.458,99.919,49.709,0.0062
M034,2025-05-30 00:00:00,186.516,325.641,98.508,51.031,0.0062
M034,2025-05-30 01:00:00,190.321,419.552,95.572,50.966,0.0062
M034,2025-05-30 02:00:00,184.721,421.285,79.829,52.696,0.0062
M034,2025-05-30 03:00:00,174.129,398.709,97.483,55.016,0.0062
M034,2025-05-30 04:00:00,171.271,388.999,94.997,58.907,0.0062
M034,2025-05-30 05:00:00,167.363,373.68,110.147,57.119,0.01407
M034,2025-05-30 06:00:00,184.752,412.51,115.873,57.832,0.01407
M034,2025-05-30 07:00:00,174.934,336.957,120.793,50.05,0.01407
M034,2025-05-30 08:00:00,170.387,428.562,112.312,52.726,0.01407
M034,2025-05-30 09:00:00,166.101,441.949,102.541,53.509,0.01407
M034,2025-05-30 10:00:00,178.033,461.607,105.115,57.394,0.01407
M034,2025-05-30 11:00:00,172.529,500.567,103.431,48.245,0.0062
M034,2025-05-30 12:00:00,172.645,469.39,107.849,49.449,0.01407
M034,2025-05-30 13:00:00,182.601,479.657,114.571,49.599,0.01407
M034,2025-05-30 14:00:00,189.286,489.972,103.655,56.659,0.01407
M034,2025-05-30 15:00:00,181.664,463.176,112.337,49.72,0.01407
M034,2025-05-30 16:00:00,174.554,422.279,110.662,52.574,0.01407
M034,2025-05-30 17:00:00,176.007,380.07,96.656,43.466,0.01407
M034,2025-05-30 18:00:00,177.287,413.743,105.741,47.595,0.01407
M034,2025-05-30 19:00:00,179.638,438.998,97.823,51.79,0.0062
M034,2025-05-30 20:00:00,180.522,456.99,97.209,57.526,0.0062
M034,2025-05-30 21:00:00,180.128,413.99,97.944,55.675,0.01407
M034,2025-05-30 22:00:00,168.77,458.044,109.556,51.373,0.01407
M034,2025-05-30 23:00:00,175.457,411.422,105.697,50.199,0.0062
M035,2025-05-24 00:00:00,162.076,470.282,98.764,38.693,0.0062
M035,2025-05-24 01:00:00,168.096,480.906,95.655,39.864,0.0062
M035,2025-05-24 02:00:00,162.827,458.181,92.88,41.041,0.0062
M035,2025-05-24 03:00:00,164.908,403.302,95.402,35.643,0.0062
M035,2025-05-24 04:00:00,166.062,391.703,90.849,36.74,0.0062
M035,2025-05-24 05:00:00,156.745,455.289,91.113,42.011,0.0062
M035,2025-05-24 06:00:00,145.453,488.103,86.7,33.915,0.0062
M035,2025-05-24 07:00:00,157.082,519.698,77.871,38.418,0.0062
M035,2025-05-24 08:00:00,161.624,473.989,88.879,39.62,0.0062
M035,2025-05-24 09:00:00,160.82,390.418,86.369,40.047,0.0062
M035,2025-05-24 10:00:00,169.265,392.113,91.628,40.248,0.0062
M035,2025-05-24 11:00:00,174.798,453.885,99.19,35.135,0.0062
M035,2025-05-24 12:00:00,167.792,484.556,95.436,38.3,0.0062
M035,2025-05-24 13:00:00,168.922,400.951,88.78,41.931,0.0062
M035,2025-05-24 14:00:00,174.147,383.028,87.611,34.34,0.0062
M035,2025-05-24 15:00:00,155.623,446.733,95.483,34.354,0.0062
M035,2025-05-24 16:00:00,147.874,505.51,100.979,30.72,0.0062
M035,2025-05-24 17:00:00,147.653,468.456,102.994,39.1,0.0062
M035,2025-05-24 18:00:00,139.041,446.377,96.051,36.278,0.0062
M035,2025-05-24 19:00:00,141.014,472.006,103.965,29.538,0.0062
M035,2025-05-24 20:00:00,148.826,516.684,108.312,38.755,0.0062
M035,2025-05-24 21:00:00,164.243,448.295,99.045,37.195,0.0062
M035,2025-05-24 22:00:00,160.271,471.941,99.035,33.347,0.0062
M035,2025-05-24 23:00:00,158.618,460.364,101.497,39.087,0.0062
M035,2025-05-25 00:00:00,171.1,441.883,104.001,28.402,0.0062
M035,2025-05-25 01:00:00,168.607,393.422,100.66,23.04,0.0062
M035,2025-05-25 02:00:00,171.898,386.173,105.815,29.77,0.0062
M035,2025-05-25 03:00:00,156.645,417.344,100.218,28.976,0.0062
M035,2025-05-25 04:00:00,160.295,433.777,100.57,42.099,0.0062
M035,2025-05-25 05:00:00,168.472,410.108,84.207,39.249,0.0062
M035,2025-05-25 06:00:00,170.073,426.046,95.763,46.14,0.0062
M035,2025-05-25 07:00:00,173.905,385.295,81.573,39.306,0.0062
M035,2025-05-25 08:00:00,173.487,345.946,78.222,41.279,0.0062
M035,2025-05-25 09:00:00,166.218,394.033,77.526,39.074,0.0062
M035,2025-05-25 10:00:00,163.412,451.555,82.497,33.983,0.0062
M035,2025-05-25 11:00:00,164.597,454.607,84.771,35.344,0.0062
M035,2025-05-25 12:00:00,167.884,417.494,83.966,28.897,0.0062
M035,2025-05-25 13:00:00,168.167,362.658,96.498,38.26,0.0062
M035,2025-05-25 14:00:00,158.836,367.57,94.584,33.273,0.0062
M035,2025-05-25 15:00:00,166.317,419.354,89.194,33.469,0.0062
M035,2025-05-25 16:00:00,154.205,466.334,100.905,30.991,0.0062
M035,2025-05-25 17:00:00,171.295,440.261,92.405,35.01,0.0062
M035,2025-05-25 18:00:00,159.591,434.901,87.896,34.063,0.0062
M035,2025-05-25 19:00:00,157.307,476.748,88.226,35.378,0.0062
M035,2025-05-25 20:00:00,157.416,424.163,87.552,34.406,0.0062
M035,2025-05-25 21:00:00,163.212,372.081,89.388,28.468,0.0062
M035,2025-05-25 22:00:00,159.537,396.76,61.819,32.176,0.0062
M035,2025-05-25 23:00:00,161.374,387.122,61.937,32.274,0.0062
M035,2025-05-26 00:00:00,151.41,361.098,79.222,40.004,0.0062
M035,2025-05-26 01:00:00,156.792,384.117,88.21,39.378,0.0062
M035,2025-05-26 02:00:00,157.773,424.102,73.238,36.612,0.0062
M035,2025-05-26 03:00:00,166.22,500.734,85.188,40.316,0.0062
M035,2025-05-26 04:00:00,160.087,437.632,69.496,35.681,0.0062
M035,2025-05-26 05:00:00,160.718,455.249,84.148,42.976,0.0062
M035,2025-05-26 06:00:00,158.838,456.424,92.29,43.738,0.0062
M035,2025-05-26 07:00:00,178.822,424.934,96.339,43.441,0.0062
M035,2025-05-26 08:00:00,175.605,479.596,100.614,36.295,0.0062
M035,2025-05-26 09:00:00,175.616,376.195,101.549,34.521,0.0062
M035,2025-05-26 10:00:00,166.352,373.446,107.645,41.397,0.0062
M035,2025-05-26 11:00:00,152.08,426.71,102.702,40.046,0.0062
M035,2025-05-26 12:00:00,150.04,461.82,102.266,36.895,0.0062
M035,2025-05-26 13:00:00,152.787,386.519,101.255,41.678,0.0062
M035,2025-05-26 14:00:00,167.327,349.833,95.639,39.339,0.0062
M035,2025-05-26 15:00:00,165.419,399.074,86.509,40.834,0.0062
M035,2025-05-26 16:00:00,163.279,429.932,99.595,34.873,0.0062
M035,2025-05-26 17:00:00,163.411,363.917,100.482,30.22,0.0062
M035,2025-05-26 18:00:00,169.201,348.37,98.38,30.585,0.0062
M035,2025-05-26 19:00:00,160.146,399.241,106.339,31.556,0.0062
M035,2025-05-26 20:00:00,174.605,416.439,96.675,31.815,0.0062
M035,2025-05-26 21:00:00,161.871,436.757,108.315,31.276,0.0062
M035,2025-05-26 22:00:00,160.485,455.485,90.159,31.115,0.0062
M035,2025-05-26 23:00:00,160.517,425.729,96.611,36.609,0.0062
M035,2025-05-27 00:00:00,167.261,384.528,95.243,41.342,0.0062
M035,2025-05-27 01:00:00,176.163,458.143,94.949,37.51,0.0062
M035,2025-05-27 02:00:00,171.865,363.832,92.048,37.611,0.0062
M035,2025-05-27 03:00:00,170.256,345.097,106.463,40.183,0.0062
M035,2025-05-27 04:00:00,169.016,338.928,110.352,36.416,0.0062
M035,2025-05-27 05:00:00,164.094,379.693,107.034,39.717,0.0062
M035,2025-05-27 06:00:00,168.799,365.745,107.63,37.735,0.0062
M035,2025-05-27 07:00:00,164.615,405.837,96.182,30.412,0.0062
M035,2025-05-27 08:00:00,167.121,438.844,88.329,38.612,0.0062
M035,2025-05-27 09:00:00,171.833,387.123,93.518,38.29,0.0062
M035,2025-05-27 10:00:00,177.208,324.056,93.581,41.428,0.0062
M035,2025-05-27 11:00:00,174.875,338.427,90.724,43.772,0.0062
M035,2025-05-27 12:00:00,172.056,342.514,86.979,41.99,0.0062
M035,2025-05-27 13:00:00,174.194,334.905,73.292,36.576,0.0062
M035,2025-05-27 14:00:00,175.805,297.996,75.486,29.33,0.0062
M035,2025-05-27 15:00:00,164.065,396.269,84.72,29.039,0.0062
M035,2025-05-27 16:00:00,163.23,406.86,76.212,38.671,0.0062
M035,2025-05-27 17:00:00,163.874,372.615,62.3,38.35,0.0062
M035,2025-05-27 18:00:00,160.959,412.799,84.561,44.118,0.0062
M035,2025-05-27 19:00:00,154.121,417.151,84.226,40.892,0.0062
M035,2025-05-27 20:00:00,158.427,477.953,99.194,42.32,0.0062
M035,2025-05-27 21:00:00,159.068,448.031,99.208,45.165,0.0062
M035,2025-05-27 22:00:00,166.299,476.085,89.286,32.544,0.01407
M035,2025-05-27 23:00:00,168.599,461.394,92.675,39.056,0.01407
M035,2025-05-28 00:00:00,161.388,430.599,91.193,28.231,0.0062
M035,2025-05-28 01:00:00,153.455,412.794,103.621,31.441,0.0062
M035,2025-05-28 02:00:00,154.052,457.507,90.472,39.842,0.0062
M035,2025-05-28 03:00:00,157.963,375.397,98.338,32.981,0.0062
M035,2025-05-28 04:00:00,160.701,341.885,93.087,33.726,0.0062
M035,2025-05-28 05:00:00,162.206,430.729,100.588,40.489,0.0062
M035,2025-05-28 06:00:00,170.487,352.226,91.627,38.026,0.01407
M035,2025-05-28 07:00:00,170.996,373.147,81.658,36.185,0.01407
M035,2025-05-28 08:00:00,160.581,423.417,93.19,40.813,0.01407
M035,2025-05-28 09:00:00,161.221,442.42,110.082,33.601,0.0062
M035,2025-05-28 10:00:00,159.031,481.272,95.211,37.686,0.0062
M035,2025-05-28 11:00:00,155.916,437.649,92.062,38.656,0.0062
M035,2025-05-28 12:00:00,166.855,417.494,96.654,36.328,0.0062
M035,2025-05-28 13:00:00,169.859,380.005,88.573,39.761,0.0062
M035,2025-05-28 14:00:00,159.186,479.943,98.03,40.467,0.0062
M035,2025-05-28 15:00:00,158.745,511.243,90.893,35.279,0.0062
M035,2025-05-28 16:00:00,171.353,402.135,80.897,37.419,0.0062
M035,2025-05-28 17:00:00,160.811,407.469,93.894,40.026,0.0062
M035,2025-05-28 18:00:00,164.571,402.414,89.858,48.444,0.0062
M035,2025-05-28 19:00:00,167.709,486.286,79.429,39.536,0.0062
M035,2025-05-28 20:00:00,171.43,471.796,91.402,41.6,0.0062
M035,2025-05-28 21:00:00,163.022,518.111,92.521,36.634,0.0062
M035,2025-05-28 22:00:00,160.476,540.757,85.241,31.66,0.0062
M035,2025-05-28 23:00:00,177.331,516.358,79.355,26.186,0.0062
M035,2025-05-29 00:00:00,170.651,502.24,81.188,30.083,0.0062
M035,2025-05-29 01:00:00,164.389,482.843,73.751,29.88,0.0062
M035,2025-05-29 02:00:00,163.433,471.272,78.359,31.187,0.0062
M035,2025-05-29 03:00:00,165.581,413.645,71.897,34.085,0.0062
M035,2025-05-29 04:00:00,168.385,464.494,66.267,26.329,0.0062
M035,2025-05-29 05:00:00,164.759,424.077,74.151,31.613,0.0062
M035,2025-05-29 06:00:00,162.064,471.048,76.083,32.134,0.0062
M035,2025-05-29 07:00:00,172.331,469.992,82.468,36.27,0.0062
M035,2025-05-29 08:00:00,172.528,482.964,89.538,38.368,0.0062
M035,2025-05-29 09:00:00,173.926,468.186,78.47,35.448,0.0062
M035,2025-05-29 10:00:00,171.436,493.623,100.565,32.804,0.0062
M035,2025-05-29 11:00:00,162.446,531.893,102.217,37.387,0.0062
M035,2025-05-29 12:00:00,160.691,445.828,90.143,37.472,0.0062
M035,2025-05-29 13:00:00,162.066,406.608,100.481,41.989,0.0062
M035,2025-05-29 14:00:00,166.161,472.666,99.571,41.082,0.0062
M035,2025-05-29 15:00:00,166.622,445.516,92.174,34.395,0.0062
M035,2025-05-29 16:00:00,166.834,470.604,86.133,33.517,0.0062
M035,2025-05-29 17:00:00,160.823,395.514,79.916,40.886,0.0062
M035,2025-05-29 18:00:00,158.794,405.245,93.893,44.376,0.0062
M035,2025-05-29 19:00:00,146.252,424.119,99.091,37.139,0.0062
M035,2025-05-29 20:00:00,143.364,419.354,90.914,39.766,0.0062
M035,2025-05-29 21:00:00,150.712,457.774,88.8,37.562,0.0062
M035,2025-05-29 22:00:00,159.699,428.975,105.516,36.886,0.0062
M035,2025-05-29 23:00:00,160.976,452.635,98.546,37.663,0.0062
M035,2025-05-30 00:00:00,159.943,415.294,100.204,34.468,0.0062
M035,2025-05-30 01:00:00,165.287,393.033,104.912,38.063,0.0062
M035,2025-05-30 02:00:00,169.283,410.044,100.192,37.245,0.0062
M035,2025-05-30 03:00:00,159.269,463.91,99.229,35.085,0.0062
M035,2025-05-30 04:00:00,174.941,380.192,85.167,39.609,0.0062
M035,2025-05-30 05:00:00,171.611,444.128,89.293,36.045,0.0062
M035,2025-05-30 06:00:00,167.214,447.541,81.777,37.736,0.0062
M035,2025-05-30 07:00:00,160.522,384.057,91.239,26.461,0.0062
M035,2025-05-30 08:00:00,161.901,473.987,97.519,27.735,0.0062
M035,2025-05-30 09:00:00,163.626,473.955,102.206,36.55,0.0062
M035,2025-05-30 10:00:00,162.095,461.484,88.927,40.584,0.0062
M035,2025-05-30 11:00:00,168.192,426.416,96.465,40.04,0.0062
M035,2025-05-30 12:00:00,168.194,384.605,89.595,46.96,0.0062
M035,2025-05-30 13:00:00,165.333,459.068,106.691,39.245,0.0062
M035,2025-05-30 14:00:00,179.501,465.842,101.799,46.956,0.0062
M035,2025-05-30 15:00:00,173.418,453.365,79.333,42.799,0.0062
M035,2025-05-30 16:00:00,160.117,435.76,82.695,33.778,0.0062
M035,2025-05-30 17:00:00,154.109,447.961,79.868,33.966,0.0062
M035,2025-05-30 18:00:00,156.28,424.808,86.935,38.313,0.0062
M035,2025-05-30 19:00:00,163.94,488.807,89.889,40.362,0.0062
M035,2025-05-30 20:00:00,170.045,501.477,86.879,42.465,0.0062
M035,2025-05-30 21:00:00,165.011,492.129,94.608,41.9,0.0062
M035,2025-05-30 22:00:00,160.445,522.7,94.771,38.594,0.0062
M035,2025-05-30 23:00:00,165.311,525.473,91.831,37.945,0.0062
M036,2025-05-24 00:00:00,168.667,510.851,103.632,39.787,0.0062
M036,2025-05-24 01:00:00,164.653,499.463,104.787,35.396,0.01407
M036,2025-05-24 02:00:00,163.876,452.424,104.031,44.694,0.01407
M036,2025-05-24 03:00:00,160.406,404.202,105.858,37.317,0.01407
M036,2025-05-24 04:00:00,163.285,444.104,108.804,36.644,0.01407
M036,2025-05-24 05:00:00,171.101,445.067,94.621,34.551,0.01407
M036,2025-05-24 06:00:00,174.765,469.01,103.502,31.712,0.01633
M036,2025-05-24 07:00:00,172.851,492.391,109.372,30.039,0.01407
M036,2025-05-24 08:00:00,171.447,430.982,100.341,35.202,0.0062
M036,2025-05-24 09:00:00,178.942,386.288,97.53,27.143,0.0062
M036,2025-05-24 10:00:00,175.626,440.84,108.12,20.669,0.0062
M036,2025-05-24 11:00:00,174.108,429.68,101.542,30.279,0.0062
M036,2025-05-24 12:00:00,175.765,452.836,103.829,30.318,0.0062
M036,2025-05-24 13:00:00,165.999,509.069,106.738,38.059,0.0062
M036,2025-05-24 14:00:00,164.481,469.046,115.03,36.17,0.0062
M036,2025-05-24 15:00:00,165.143,465.915,119.152,37.225,0.0062
M036,2025-05-24 16:00:00,145.589,391.341,117.911,43.172,0.0062
M036,2025-05-24 17:00:00,174.687,401.485,109.975,43.504,0.01407
M036,2025-05-24 18:00:00,178.14,382.003,102.84,42.349,0.01407
M036,2025-05-24 19:00:00,180.197,420.259,106.723,45.766,0.01407
M036,2025-05-24 20:00:00,170.292,378.07,109.571,42.286,0.01407
M036,2025-05-24 21:00:00,175.635,408.397,103.521,40.003,0.01407
M036,2025-05-24 22:00:00,169.303,463.351,106.854,43.128,0.01407
M036,2025-05-24 23:00:00,178.529,456.884,100.74,35.668,0.01407
M036,2025-05-25 00:00:00,176.922,496.687,106.117,32.479,0.01407
M036,2025-05-25 01:00:00,168.92,522.527,115.198,30.419,0.0062
M036,2025-05-25 02:00:00,172.602,464.793,110.539,31.193,0.0062
M036,2025-05-25 03:00:00,174.249,493.548,104.346,35.512,0.0062
M036,2025-05-25 04:00:00,184.537,465.461,96.763,33.29,0.0062
M036,2025-05-25 05:00:00,170.572,468.966,97.623,26.381,0.0062
M036,2025-05-25 06:00:00,167.065,474.448,96.978,36.172,0.0062
M036,2025-05-25 07:00:00,165.331,512.16,94.724,35.58,0.0062
M036,2025-05-25 08:00:00,164.946,466.568,102.254,36.756,0.0062
M036,2025-05-25 09:00:00,158.443,393.569,118.733,42.907,0.01407
M036,2025-05-25 10:00:00,166.16,487.413,94.747,37.009,0.01407
M036,2025-05-25 11:00:00,161.058,460.602,109.358,41.314,0.01407
M036,2025-05-25 12:00:00,161.908,399.122,114.346,34.748,0.01407
M036,2025-05-25 13:00:00,169.623,483.656,111.207,41.588,0.01407
M036,2025-05-25 14:00:00,165.162,460.829,119.618,38.85,0.01407
M036,2025-05-25 15:00:00,164.665,476.503,125.102,33.855,0.01407
M036,2025-05-25 16:00:00,164.612,518.414,118.623,37.903,0.01407
M036,2025-05-25 17:00:00,172.151,459.257,124.602,36.915,0.01407
M036,2025-05-25 18:00:00,168.792,395.446,119.495,38.386,0.01407
M036,2025-05-25 19:00:00,165.567,393.016,110.217,41.175,0.01407
M036,2025-05-25 20:00:00,163.602,470.07,112.374,41.143,0.01407
M036,2025-05-25 21:00:00,156.33,507.623,106.105,37.174,0.01407
M036,2025-05-25 22:00:00,158.313,474.329,94.904,30.66,0.0062
M036,2025-05-25 23:00:00,157.712,541.251,94.783,35.164,0.0062
M036,2025-05-26 00:00:00,161.164,536.424,108.089,33.335,0.0062
M036,2025-05-26 01:00:00,166.556,526.599,94.723,42.692,0.01407
M036,2025-05-26 02:00:00,151.93,489.52,92.033,37.876,0.01407
M036,2025-05-26 03:00:00,166.089,506.759,86.682,33.89,0.01407
M036,2025-05-26 04:00:00,165.354,493.011,94.079,32.109,0.0062
M036,2025-05-26 05:00:00,162.537,383.236,89.02,43.274,0.0062
M036,2025-05-26 06:00:00,178.549,405.753,92.796,35.936,0.01407
M036,2025-05-26 07:00:00,163.82,425.86,111.438,32.303,0.01407
M036,2025-05-26 08:00:00,167.724,467.899,120.461,28.625,0.0062
M036,2025-05-26 09:00:00,166.635,480.521,112.574,38.324,0.0062
M036,2025-05-26 10:00:00,168.233,437.347,110.781,36.239,0.01407
M036,2025-05-26 11:00:00,162.539,471.246,97.523,34.648,0.01407
M036,2025-05-26 12:00:00,161.524,448.673,88.375,40.559,0.01407
M036,2025-05-26 13:00:00,149.573,444.56,81.677,42.447,0.0062
M036,2025-05-26 14:00:00,147.417,548.265,91.643,38.778,0.0062
M036,2025-05-26 15:00:00,147.669,533.724,99.115,29.991,0.0062
M036,2025-05-26 16:00:00,164.854,481.526,83.833,26.534,0.0062
M036,2025-05-26 17:00:00,172.811,424.389,104.441,17.04,0.0062
M036,2025-05-26 18:00:00,168.538,411.363,115.582,20.592,0.0062
M036,2025-05-26 19:00:00,169.873,417.708,109.999,19.769,0.0062
M036,2025-05-26 20:00:00,172.263,454.498,103.977,22.694,0.0062
M036,2025-05-26 21:00:00,174.764,442.605,95.294,28.656,0.0062
M036,2025-05-26 22:00:00,172.29,454.814,107.867,27.211,0.0062
M036,2025-05-26 23:00:00,178.634,513.765,95.976,29.788,0.0062
M036,2025-05-27 00:00:00,176.047,543.131,94.638,30.893,0.0062
M036,2025-05-27 01:00:00,170.227,513.322,100.154,37.814,0.0062
M036,2025-05-27 02:00:00,176.797,492.998,76.638,41.856,0.01407
M036,2025-05-27 03:00:00,169.639,457.86,92.384,37.869,0.01407
M036,2025-05-27 04:00:00,160.691,404.359,89.558,35.401,0.01407
M036,2025-05-27 05:00:00,175.702,456.022,101.061,36.734,0.01407
M036,2025-05-27 06:00:00,168.695,459.235,97.362,42.368,0.01407
M036,2025-05-27 07:00:00,177.618,544.106,97.627,43.207,0.01407
M036,2025-05-27 08:00:00,178.276,487.963,106.184,38.624,0.01407
M036,2025-05-27 09:00:00,176.087,496.771,104.587,38.472,0.01407
M036,2025-05-27 10:00:00,157.737,516.991,96.875,40.4,0.01407
M036,2025-05-27 11:00:00,156.67,494.751,95.064,43.331,0.01407
M036,2025-05-27 12:00:00,155.395,440.406,99.193,40.247,0.01407
M036,2025-05-27 13:00:00,150.676,493.711,113.65,35.848,0.0062
M036,2025-05-27 14:00:00,177.005,455.38,112.595,27.408,0.0062
M036,2025-05-27 15:00:00,168.238,466.236,111.657,29.257,0.0062
M036,2025-05-27 16:00:00,179.263,404.913,92.67,24.222,0.0062
M036,2025-05-27 17:00:00,165.265,378.743,101.956,37.019,0.0062
M036,2025-05-27 18:00:00,167.097,336.173,94.946,35.228,0.0062
M036,2025-05-27 19:00:00,175.026,408.482,86.082,35.059,0.0062
M036,2025-05-27 20:00:00,177.402,527.173,98.76,32.704,0.0062
M036,2025-05-27 21:00:00,171.176,520.914,100.135,33.317,0.0062
M036,2025-05-27 22:00:00,166.244,510.003,93.666,37.302,0.0062
M036,2025-05-27 23:00:00,168.86,523.517,91.527,38.797,0.0062
M036,2025-05-28 00:00:00,168.7,485.112,87.107,37.248,0.0062
M036,2025-05-28 01:00:00,171.2,428.936,85.507,37.341,0.0062
M036,2025-05-28 02:00:00,177.383,396.094,89.391,35.657,0.0062
M036,2025-05-28 03:00:00,179.885,431.071,94.541,31.145,0.0062
M036,2025-05-28 04:00:00,178.466,511.085,101.569,35.844,0.0062
M036,2025-05-28 05:00:00,179.041,490.346,109.504,38.744,0.0062
M036,2025-05-28 06:00:00,180.02,500.956,117.121,41.467,0.0062
M036,2025-05-28 07:00:00,173.602,500.449,113.602,33.839,0.0062
M036,2025-05-28 08:00:00,161.651,520.071,115.696,29.502,0.0062
M036,2025-05-28 09:00:00,163.387,511.083,101.906,29.955,0.0062
M036,2025-05-28 10:00:00,170.487,444.468,96.233,27.239,0.0062
M036,2025-05-28 11:00:00,166.985,383.002,107.905,29.172,0.0062
M036,2025-05-28 12:00:00,171.813,382.679,80.266,27.402,0.0062
M036,2025-05-28 13:00:00,154.96,455.075,99.649,21.08,0.0062
M036,2025-05-28 14:00:00,166.388,426.198,107.939,27.984,0.0062
M036,2025-05-28 15:00:00,167.773,425.08,107.465,34.037,0.0062
M036,2025-05-28 16:00:00,177.265,476.517,98.391,38.029,0.0062
M036,2025-05-28 17:00:00,173.912,405.57,110.902,43.24,0.0062
M036,2025-05-28 18:00:00,173.606,348.865,98.352,42.482,0.0062
M036,2025-05-28 19:00:00,171.397,386.051,92.995,32.619,0.0062
M036,2025-05-28 20:00:00,169.504,398.272,75.592,38.155,0.0062
M036,2025-05-28 21:00:00,176.501,420.242,82.731,35.755,0.0062
M036,2025-05-28 22:00:00,174.183,422.154,99.06,29.875,0.0062
M036,2025-05-28 23:00:00,173.232,401.68,92.451,33.803,0.0062
M036,2025-05-29 00:00:00,176.529,455.133,93.613,33.702,0.0062
M036,2025-05-29 01:00:00,164.441,454.659,96.084,40.604,0.01407
M036,2025-05-29 02:00:00,166.698,504.613,102.806,36.917,0.01407
M036,2025-05-29 03:00:00,154.628,489.449,111.268,38.1,0.01407
M036,2025-05-29 04:00:00,153.761,484.353,114.127,35.269,0.01407
M036,2025-05-29 05:00:00,167.134,388.208,106.389,39.729,0.01407
M036,2025-05-29 06:00:00,168.518,447.261,105.923,36.055,0.01407
M036,2025-05-29 07:00:00,167.548,392.588,87.254,39.155,0.01407
M036,2025-05-29 08:00:00,168.755,395.667,85.737,42.024,0.01407
M036,2025-05-29 09:00:00,171.767,342.637,91.249,41.448,0.01407
M036,2025-05-29 10:00:00,167.635,384.233,92.195,39.269,0.01633
M036,2025-05-29 11:00:00,163.562,440.022,98.908,36.412,0.01407
M036,2025-05-29 12:00:00,160.912,427.618,106.739,42.824,0.01653
M036,2025-05-29 13:00:00,154.114,445.711,107.441,39.018,0.01653
M036,2025-05-29 14:00:00,157.143,387.135,99.982,30.27,0.01653
M036,2025-05-29 15:00:00,165.876,416.605,102.527,33.265,0.01653
M036,2025-05-29 16:00:00,163.0,446.571,107.491,34.837,0.01653
M036,2025-05-29 17:00:00,171.532,440.762,99.19,36.21,0.01653
M036,2025-05-29 18:00:00,173.827,411.039,97.491,36.364,0.01633
M036,2025-05-29 19:00:00,174.092,407.041,99.972,34.252,0.01633
M036,2025-05-29 20:00:00,175.42,400.878,98.577,31.837,0.01407
M036,2025-05-29 21:00:00,170.952,374.679,103.524,33.818,0.01407
M036,2025-05-29 22:00:00,163.693,380.357,102.359,34.069,0.01407
M036,2025-05-29 23:00:00,168.156,429.412,105.658,36.803,0.01633
M036,2025-05-30 00:00:00,156.918,314.119,84.662,39.924,0.01407
M036,2025-05-30 01:00:00,160.581,393.52,85.525,33.973,0.01407
M036,2025-05-30 02:00:00,160.053,377.39,92.939,33.772,0.01407
M036,2025-05-30 03:00:00,168.31,411.66,86.481,28.977,0.0062
M036,2025-05-30 04:00:00,173.746,429.346,91.351,27.591,0.0062
M036,2025-05-30 05:00:00,177.904,360.247,99.79,34.362,0.0062
M036,2025-05-30 06:00:00,166.469,339.881,104.9,36.568,0.0062
M036,2025-05-30 07:00:00,163.587,374.153,106.022,40.933,0.01407
M036,2025-05-30 08:00:00,168.227,398.533,90.418,39.876,0.01493
M036,2025-05-30 09:00:00,170.75,462.906,94.4,36.621,0.01633
M036,2025-05-30 10:00:00,160.539,532.256,96.785,40.919,0.01633
M036,2025-05-30 11:00:00,159.416,442.678,98.688,44.21,0.01633
M036,2025-05-30 12:00:00,170.305,474.609,92.218,44.832,0.01653
M036,2025-05-30 13:00:00,171.442,514.989,102.78,44.627,0.01653
M036,2025-05-30 14:00:00,173.853,507.666,93.22,37.272,0.01633
M036,2025-05-30 15:00:00,179.05,516.979,90.996,40.409,0.01407
M036,2025-05-30 16:00:00,170.335,432.893,92.458,42.331,0.01407
M036,2025-05-30 17:00:00,168.482,414.578,111.345,44.528,0.01633
M036,2025-05-30 18:00:00,161.339,414.458,97.405,38.698,0.01653
M036,2025-05-30 19:00:00,169.426,367.041,96.074,37.09,0.01653
M036,2025-05-30 20:00:00,169.713,389.725,77.049,33.163,0.01633
M036,2025-05-30 21:00:00,171.403,421.216,70.092,36.288,0.01633
M036,2025-05-30 22:00:00,165.577,427.265,89.61,38.156,0.01493
M036,2025-05-30 23:00:00,161.541,372.876,94.586,32.444,0.01407
M037,2025-05-24 00:00:00,170.454,412.622,75.902,36.801,0.0062
M037,2025-05-24 01:00:00,168.45,404.398,83.75,40.775,0.0062
M037,2025-05-24 02:00:00,174.765,436.406,93.98,37.851,0.0062
M037,2025-05-24 03:00:00,170.781,476.324,89.011,34.535,0.0062
M037,2025-05-24 04:00:00,167.62,447.158,109.514,28.849,0.0062
M037,2025-05-24 05:00:00,168.599,439.753,89.278,28.928,0.0062
M037,2025-05-24 06:00:00,165.379,431.69,87.793,38.851,0.0062
M037,2025-05-24 07:00:00,160.962,461.348,91.832,38.001,0.0062
M037,2025-05-24 08:00:00,166.83,479.478,100.084,32.683,0.0062
M037,2025-05-24 09:00:00,162.949,475.964,107.246,28.63,0.0062
M037,2025-05-24 10:00:00,175.514,458.091,96.595,38.818,0.0062
M037,2025-05-24 11:00:00,172.362,431.7,87.89,47.082,0.0062
M037,2025-05-24 12:00:00,187.01,398.521,95.322,45.822,0.0062
M037,2025-05-24 13:00:00,173.666,387.193,109.276,43.885,0.0062
M037,2025-05-24 14:00:00,176.712,407.298,113.448,33.341,0.0062
M037,2025-05-24 15:00:00,184.997,441.216,101.808,36.217,0.0062
M037,2025-05-24 16:00:00,187.683,439.177,99.658,39.145,0.0062
M037,2025-05-24 17:00:00,182.035,424.051,99.209,41.316,0.0062
M037,2025-05-24 18:00:00,188.352,400.257,85.301,32.536,0.0062
M037,2025-05-24 19:00:00,180.929,406.541,102.975,25.563,0.0062
M037,2025-05-24 20:00:00,176.97,432.351,100.924,37.638,0.0062
M037,2025-05-24 21:00:00,160.993,454.466,101.139,32.5,0.0062
M037,2025-05-24 22:00:00,153.717,477.148,96.964,33.186,0.0062
M037,2025-05-24 23:00:00,149.639,530.008,92.449,36.129,0.0062
M037,2025-05-25 00:00:00,156.429,496.829,88.091,43.842,0.0062
M037,2025-05-25 01:00:00,162.325,431.066,88.99,42.181,0.0062
M037,2025-05-25 02:00:00,170.405,428.407,89.788,43.352,0.0062
M037,2025-05-25 03:00:00,161.076,453.039,96.782,41.294,0.0062
M037,2025-05-25 04:00:00,168.63,430.305,88.983,39.66,0.0062
M037,2025-05-25 05:00:00,170.261,512.414,93.342,38.941,0.0062
M037,2025-05-25 06:00:00,163.093,534.617,93.863,46.042,0.0062
M037,2025-05-25 07:00:00,162.491,552.897,87.026,42.583,0.0062
M037,2025-05-25 08:00:00,157.794,518.813,82.082,45.556,0.0062
M037,2025-05-25 09:00:00,152.33,455.276,80.765,44.927,0.0062
M037,2025-05-25 10:00:00,174.812,419.36,102.147,40.56,0.0062
M037,2025-05-25 11:00:00,176.428,509.002,101.488,41.874,0.0062
M037,2025-05-25 12:00:00,168.78,505.143,109.825,46.367,0.0062
M037,2025-05-25 13:00:00,153.904,535.232,101.203,39.14,0.0062
M037,2025-05-25 14:00:00,163.364,467.125,105.789,38.089,0.0062
M037,2025-05-25 15:00:00,176.839,466.234,115.116,40.811,0.0062
M037,2025-05-25 16:00:00,171.114,513.943,126.302,39.695,0.0062
M037,2025-05-25 17:00:00,157.169,415.099,117.612,44.176,0.0062
M037,2025-05-25 18:00:00,164.788,408.779,104.971,47.655,0.0062
M037,2025-05-25 19:00:00,161.645,460.501,91.473,35.257,0.0062
M037,2025-05-25 20:00:00,166.697,467.913,88.594,39.063,0.0062
M037,2025-05-25 21:00:00,169.231,466.708,86.186,39.312,0.0062
M037,2025-05-25 22:00:00,159.871,431.361,98.732,39.719,0.0062
M037,2025-05-25 23:00:00,159.322,403.0,92.621,39.792,0.0062
M037,2025-05-26 00:00:00,168.085,455.99,85.771,35.455,0.0062
M037,2025-05-26 01:00:00,159.819,380.906,94.282,40.1,0.0062
M037,2025-05-26 02:00:00,170.15,437.38,75.372,40.213,0.0062
M037,2025-05-26 03:00:00,174.569,430.783,87.493,36.354,0.0062
M037,2025-05-26 04:00:00,170.967,453.098,94.485,42.816,0.0062
M037,2025-05-26 05:00:00,167.645,463.462,98.467,43.514,0.0062
M037,2025-05-26 06:00:00,179.231,498.092,101.352,37.839,0.0062
M037,2025-05-26 07:00:00,181.647,478.821,100.185,44.002,0.0062
M037,2025-05-26 08:00:00,183.445,453.545,88.998,41.408,0.0062
M037,2025-05-26 09:00:00,171.75,511.098,91.146,44.918,0.0062
M037,2025-05-26 10:00:00,168.319,496.142,91.199,29.074,0.0062
M037,2025-05-26 11:00:00,174.127,465.119,85.875,32.189,0.0062
M037,2025-05-26 12:00:00,172.029,477.198,113.349,38.889,0.0062
M037,2025-05-26 13:00:00,174.569,520.556,105.635,39.368,0.0062
M037,2025-05-26 14:00:00,174.843,562.735,100.487,46.997,0.0062
M037,2025-05-26 15:00:00,159.597,497.039,102.523,51.526,0.0062
M037,2025-05-26 16:00:00,158.207,433.33,98.774,47.775,0.0062
M037,2025-05-26 17:00:00,164.303,467.809,94.098,48.406,0.01407
M037,2025-05-26 18:00:00,162.324,531.102,90.643,50.488,0.0062
M037,2025-05-26 19:00:00,173.997,472.036,86.872,52.296,0.01407
M037,2025-05-26 20:00:00,181.841,447.157,105.269,48.499,0.01407
M037,2025-05-26 21:00:00,164.546,477.775,107.654,47.394,0.01407
M037,2025-05-26 22:00:00,158.256,495.602,105.081,42.189,0.01407
M037,2025-05-26 23:00:00,171.335,440.88,112.045,45.864,0.01407
M037,2025-05-27 00:00:00,174.138,428.145,110.367,37.606,0.01407
M037,2025-05-27 01:00:00,184.124,422.523,120.911,41.646,0.01407
M037,2025-05-27 02:00:00,175.308,409.981,99.077,37.303,0.0062
M037,2025-05-27 03:00:00,173.847,366.596,108.519,43.827,0.01407
M037,2025-05-27 04:00:00,172.207,413.098,109.855,40.683,0.01407
M037,2025-05-27 05:00:00,164.153,366.954,113.655,42.742,0.01407
M037,2025-05-27 06:00:00,177.659,463.347,105.231,42.802,0.01407
M037,2025-05-27 07:00:00,176.65,429.647,107.848,42.746,0.01407
M037,2025-05-27 08:00:00,169.019,542.231,104.729,42.746,0.01407
M037,2025-05-27 09:00:00,177.033,546.337,94.74,42.856,0.01407
M037,2025-05-27 10:00:00,180.095,489.85,95.837,47.48,0.01407
M037,2025-05-27 11:00:00,179.784,442.397,94.017,46.485,0.01407
M037,2025-05-27 12:00:00,171.261,413.01,89.123,50.648,0.01407
M037,2025-05-27 13:00:00,163.925,447.637,90.846,47.515,0.01407
M037,2025-05-27 14:00:00,176.955,490.315,82.851,42.541,0.0062
M037,2025-05-27 15:00:00,161.993,590.925,92.748,39.196,0.0062
M037,2025-05-27 16:00:00,158.448,559.962,101.755,40.37,0.0062
M037,2025-05-27 17:00:00,162.411,554.97,99.41,45.157,0.0062
M037,2025-05-27 18:00:00,160.316,562.485,82.04,43.71,0.0062
M037,2025-05-27 19:00:00,161.995,529.924,85.779,40.845,0.0062
M037,2025-05-27 20:00:00,164.931,543.898,101.153,39.066,0.0062
M037,2025-05-27 21:00:00,161.352,498.611,114.193,35.892,0.0062
M037,2025-05-27 22:00:00,170.823,504.795,94.492,36.97,0.0062
M037,2025-05-27 23:00:00,159.475,501.975,108.98,40.038,0.0062
M037,2025-05-28 00:00:00,170.636,494.135,100.783,29.992,0.0062
M037,2025-05-28 01:00:00,153.526,525.708,102.134,30.281,0.0062
M037,2025-05-28 02:00:00,159.689,537.182,108.937,34.393,0.0062
M037,2025-05-28 03:00:00,168.081,460.875,96.067,35.59,0.0062
M037,2025-05-28 04:00:00,166.3,430.5,93.341,39.147,0.01407
M037,2025-05-28 05:00:00,168.099,450.969,103.23,40.039,0.01407
M037,2025-05-28 06:00:00,171.195,512.497,86.295,33.796,0.01407
M037,2025-05-28 07:00:00,161.494,477.226,93.802,29.988,0.0062
M037,2025-05-28 08:00:00,161.957,518.101,108.937,33.732,0.0062
M037,2025-05-28 09:00:00,157.412,606.425,98.609,35.908,0.0062
M037,2025-05-28 10:00:00,165.637,560.764,98.225,41.036,0.0062
M037,2025-05-28 11:00:00,168.042,489.042,121.905,34.104,0.0062
M037,2025-05-28 12:00:00,169.472,476.99,109.137,32.577,0.0062
M037,2025-05-28 13:00:00,170.599,496.937,93.304,44.146,0.0062
M037,2025-05-28 14:00:00,169.085,465.894,82.878,37.247,0.0062
M037,2025-05-28 15:00:00,164.791,475.136,80.838,37.666,0.0062
M037,2025-05-28 16:00:00,160.155,471.237,103.636,35.544,0.0062
M037,2025-05-28 17:00:00,166.696,533.607,99.807,34.835,0.0062
M037,2025-05-28 18:00:00,162.958,521.416,86.997,37.027,0.0062
M037,2025-05-28 19:00:00,164.273,518.851,103.492,32.147,0.0062
M037,2025-05-28 20:00:00,167.655,496.293,97.92,29.622,0.0062
M037,2025-05-28 21:00:00,164.59,498.694,95.371,35.39,0.0062
M037,2025-05-28 22:00:00,156.167,488.42,108.467,38.157,0.0062
M037,2025-05-28 23:00:00,161.674,392.226,97.5,35.329,0.0062
M037,2025-05-29 00:00:00,161.409,499.186,98.303,34.587,0.0062
M037,2025-05-29 01:00:00,151.077,494.097,106.679,44.532,0.0062
M037,2025-05-29 02:00:00,154.552,549.895,93.392,38.181,0.0062
M037,2025-05-29 03:00:00,156.721,559.097,80.19,39.059,0.0062
M037,2025-05-29 04:00:00,170.822,512.353,79.162,41.51,0.0062
M037,2025-05-29 05:00:00,167.28,536.189,103.522,37.945,0.0062
M037,2025-05-29 06:00:00,172.669,524.063,98.906,40.98,0.0062
M037,2025-05-29 07:00:00,168.241,526.506,94.992,41.186,0.0062
M037,2025-05-29 08:00:00,168.809,492.981,103.177,38.045,0.0062
M037,2025-05-29 09:00:00,173.078,557.437,97.77,42.301,0.0062
M037,2025-05-29 10:00:00,169.049,551.043,116.773,34.338,0.0062
M037,2025-05-29 11:00:00,177.614,607.483,104.409,29.869,0.0062
M037,2025-05-29 12:00:00,183.344,562.668,106.372,42.304,0.0062
M037,2025-05-29 13:00:00,178.061,603.133,102.816,42.657,0.0062
M037,2025-05-29 14:00:00,175.72,515.984,108.979,34.337,0.0062
M037,2025-05-29 15:00:00,178.757,463.268,114.319,37.441,0.0062
M037,2025-05-29 16:00:00,169.103,474.217,102.785,39.869,0.0062
M037,2025-05-29 17:00:00,170.304,431.647,89.418,35.465,0.0062
M037,2025-05-29 18:00:00,174.55,372.986,79.808,44.434,0.01407
M037,2025-05-29 19:00:00,167.775,364.408,80.858,40.354,0.0062
M037,2025-05-29 20:00:00,168.951,341.159,86.029,39.712,0.0062
M037,2025-05-29 21:00:00,169.853,409.129,98.573,41.845,0.01407
M037,2025-05-29 22:00:00,169.504,444.929,109.798,39.39,0.01407
M037,2025-05-29 23:00:00,171.088,358.058,100.773,40.939,0.01407
M037,2025-05-30 00:00:00,168.587,460.144,104.508,40.125,0.0062
M037,2025-05-30 01:00:00,163.107,458.304,111.428,47.66,0.0062
M037,2025-05-30 02:00:00,159.033,501.751,110.754,44.794,0.0062
M037,2025-05-30 03:00:00,164.561,442.117,91.544,38.936,0.0062
M037,2025-05-30 04:00:00,166.378,440.051,86.249,39.253,0.0062
M037,2025-05-30 05:00:00,167.84,454.014,96.956,43.538,0.0062
M037,2025-05-30 06:00:00,163.13,404.876,105.796,43.299,0.0062
M037,2025-05-30 07:00:00,160.104,380.214,95.866,53.062,0.0062
M037,2025-05-30 08:00:00,160.757,379.342,119.466,46.108,0.01407
M037,2025-05-30 09:00:00,159.744,445.204,115.221,42.339,0.0062
M037,2025-05-30 10:00:00,161.167,452.516,119.874,38.17,0.0062
M037,2025-05-30 11:00:00,169.805,470.755,111.986,37.199,0.0062
M037,2025-05-30 12:00:00,170.744,509.771,104.986,40.12,0.01407
M037,2025-05-30 13:00:00,151.802,496.521,101.745,46.67,0.01407
M037,2025-05-30 14:00:00,162.573,526.531,100.529,47.898,0.01407
M037,2025-05-30 15:00:00,151.6,485.962,88.201,46.41,0.01407
M037,2025-05-30 16:00:00,156.138,405.361,84.147,42.585,0.01407
M037,2025-05-30 17:00:00,166.635,440.145,85.408,42.404,0.0062
M037,2025-05-30 18:00:00,158.819,444.106,94.237,38.913,0.0062
M037,2025-05-30 19:00:00,155.39,414.726,90.991,38.28,0.01407
M037,2025-05-30 20:00:00,167.711,503.475,90.683,41.492,0.0062
M037,2025-05-30 21:00:00,174.659,528.253,100.807,42.424,0.0062
M037,2025-05-30 22:00:00,177.996,556.462,92.848,34.598,0.0062
M037,2025-05-30 23:00:00,174.46,509.706,111.081,34.513,0.0062
M038,2025-05-24 00:00:00,150.941,417.667,113.771,42.159,0.02703
M038,2025-05-24 01:00:00,157.297,445.749,109.802,41.342,0.02703
M038,2025-05-24 02:00:00,160.16,429.932,111.412,34.493,0.01633
M038,2025-05-24 03:00:00,160.669,474.055,107.832,40.62,0.01633
M038,2025-05-24 04:00:00,168.375,476.065,93.441,41.659,0.01493
M038,2025-05-24 05:00:00,169.325,440.634,95.432,47.651,0.01653
M038,2025-05-24 06:00:00,176.287,428.785,95.546,46.681,0.01653
M038,2025-05-24 07:00:00,167.331,424.687,95.438,50.71,0.02703
M038,2025-05-24 08:00:00,166.328,411.173,104.613,48.94,0.01653
M038,2025-05-24 09:00:00,171.08,407.655,91.185,54.976,0.02703
M038,2025-05-24 10:00:00,163.431,412.85,81.928,43.38,0.01633
M038,2025-05-24 11:00:00,157.83,518.856,87.924,40.572,0.01407
M038,2025-05-24 12:00:00,163.954,467.907,97.647,37.295,0.0062
M038,2025-05-24 13:00:00,164.504,534.659,99.264,39.627,0.01407
M038,2025-05-24 14:00:00,167.632,508.752,90.822,38.309,0.01407
M038,2025-05-24 15:00:00,162.918,449.889,100.276,34.57,0.01407
M038,2025-05-24 16:00:00,165.713,434.148,110.95,31.198,0.0062
M038,2025-05-24 17:00:00,165.349,429.002,118.695,28.938,0.0062
M038,2025-05-24 18:00:00,172.253,414.689,123.592,40.281,0.0062
M038,2025-05-24 19:00:00,172.78,378.867,116.356,35.709,0.01407
M038,2025-05-24 20:00:00,163.056,366.778,101.476,37.537,0.01407
M038,2025-05-24 21:00:00,166.715,428.362,107.392,37.654,0.01407
M038,2025-05-24 22:00:00,164.395,494.137,78.855,44.052,0.01407
M038,2025-05-24 23:00:00,150.111,504.576,84.719,46.16,0.01407
M038,2025-05-25 00:00:00,153.8,483.907,102.012,41.231,0.01407
M038,2025-05-25 01:00:00,166.815,457.02,102.645,43.48,0.01407
M038,2025-05-25 02:00:00,165.841,468.853,94.929,40.129,0.01407
M038,2025-05-25 03:00:00,175.74,403.599,127.282,38.018,0.01407
M038,2025-05-25 04:00:00,181.079,431.559,137.36,39.56,0.01407
M038,2025-05-25 05:00:00,182.173,518.117,110.323,40.527,0.01407
M038,2025-05-25 06:00:00,169.811,512.737,105.941,43.4,0.0062
M038,2025-05-25 07:00:00,171.409,493.986,117.564,41.016,0.0062
M038,2025-05-25 08:00:00,175.105,451.9,102.782,40.638,0.0062
M038,2025-05-25 09:00:00,172.145,452.727,95.644,41.307,0.0062
M038,2025-05-25 10:00:00,172.206,452.052,107.767,41.178,0.0062
M038,2025-05-25 11:00:00,162.464,431.814,112.177,46.535,0.0062
M038,2025-05-25 12:00:00,178.715,484.633,93.847,50.154,0.0062
M038,2025-05-25 13:00:00,176.815,486.913,99.622,44.293,0.0062
M038,2025-05-25 14:00:00,162.972,468.211,99.753,50.94,0.0062
M038,2025-05-25 15:00:00,165.773,520.406,97.713,48.732,0.0062
M038,2025-05-25 16:00:00,168.031,555.109,108.183,44.596,0.0062
M038,2025-05-25 17:00:00,169.344,518.752,113.644,46.109,0.0062
M038,2025-05-25 18:00:00,166.923,482.256,106.849,40.488,0.0062
M038,2025-05-25 19:00:00,168.031,476.449,119.617,41.416,0.0062
M038,2025-05-25 20:00:00,169.036,494.958,115.354,35.66,0.0062
M038,2025-05-25 21:00:00,173.587,519.179,111.4,37.115,0.0062
M038,2025-05-25 22:00:00,190.093,479.641,96.656,37.84,0.0062
M038,2025-05-25 23:00:00,186.194,493.049,87.426,41.151,0.0062
M038,2025-05-26 00:00:00,167.085,488.086,97.335,46.109,0.0062
M038,2025-05-26 01:00:00,174.041,541.437,96.055,52.973,0.01407
M038,2025-05-26 02:00:00,170.412,453.291,105.979,44.453,0.01407
M038,2025-05-26 03:00:00,161.773,414.175,106.006,50.522,0.01407
M038,2025-05-26 04:00:00,178.062,492.267,109.851,48.621,0.01407
M038,2025-05-26 05:00:00,168.001,442.992,100.03,45.077,0.01407
M038,2025-05-26 06:00:00,165.838,497.075,117.803,52.229,0.01407
M038,2025-05-26 07:00:00,161.913,496.552,107.943,51.212,0.01407
M038,2025-05-26 08:00:00,166.099,515.115,111.944,51.191,0.01407
M038,2025-05-26 09:00:00,179.993,516.03,107.716,39.217,0.01407
M038,2025-05-26 10:00:00,184.1,457.462,110.021,36.012,0.0062
M038,2025-05-26 11:00:00,164.664,456.544,112.691,47.43,0.01407
M038,2025-05-26 12:00:00,155.088,460.601,106.412,42.472,0.01407
M038,2025-05-26 13:00:00,159.549,457.731,92.669,38.098,0.0062
M038,2025-05-26 14:00:00,167.472,462.012,99.741,41.085,0.0062
M038,2025-05-26 15:00:00,174.344,447.546,111.684,41.519,0.0062
M038,2025-05-26 16:00:00,175.441,391.698,93.376,35.178,0.01407
M038,2025-05-26 17:00:00,172.981,339.53,109.328,45.537,0.01407
M038,2025-05-26 18:00:00,184.339,415.83,111.997,49.363,0.01407
M038,2025-05-26 19:00:00,176.894,424.989,100.96,58.43,0.01653
M038,2025-05-26 20:00:00,170.175,482.691,105.709,44.161,0.01653
M038,2025-05-26 21:00:00,163.8,406.142,105.315,44.194,0.01633
M038,2025-05-26 22:00:00,165.916,425.985,114.121,45.859,0.01653
M038,2025-05-26 23:00:00,164.028,521.699,118.948,44.916,0.01653
M038,2025-05-27 00:00:00,174.546,493.195,113.257,40.382,0.01653
M038,2025-05-27 01:00:00,159.33,437.143,118.535,39.806,0.01407
M038,2025-05-27 02:00:00,154.146,428.888,110.768,36.897,0.01407
M038,2025-05-27 03:00:00,163.239,429.453,104.348,41.754,0.01407
M038,2025-05-27 04:00:00,165.443,339.884,98.648,42.864,0.01407
M038,2025-05-27 05:00:00,173.416,371.952,104.306,40.848,0.01407
M038,2025-05-27 06:00:00,165.02,438.945,75.852,45.096,0.01407
M038,2025-05-27 07:00:00,176.519,519.999,73.889,43.607,0.0062
M038,2025-05-27 08:00:00,189.918,430.148,86.541,39.037,0.0062
M038,2025-05-27 09:00:00,188.024,378.362,86.541,36.368,0.0062
M038,2025-05-27 10:00:00,185.859,340.188,87.795,42.394,0.0062
M038,2025-05-27 11:00:00,177.108,348.104,95.427,36.706,0.0062
M038,2025-05-27 12:00:00,168.072,380.245,99.21,44.324,0.0062
M038,2025-05-27 13:00:00,161.716,389.996,99.673,44.903,0.0062
M038,2025-05-27 14:00:00,161.735,421.079,117.126,46.689,0.0062
M038,2025-05-27 15:00:00,164.704,422.673,117.624,38.722,0.0062
M038,2025-05-27 16:00:00,162.442,444.689,120.761,40.932,0.0062
M038,2025-05-27 17:00:00,161.566,466.845,115.332,41.421,0.0062
M038,2025-05-27 18:00:00,156.703,447.88,105.537,35.851,0.0062
M038,2025-05-27 19:00:00,165.354,395.911,114.092,34.499,0.0062
M038,2025-05-27 20:00:00,155.011,354.936,113.668,37.949,0.0062
M038,2025-05-27 21:00:00,163.503,417.593,114.729,38.694,0.0062
M038,2025-05-27 22:00:00,169.657,417.922,114.07,35.528,0.0062
M038,2025-05-27 23:00:00,149.091,392.596,88.121,47.536,0.0062
M038,2025-05-28 00:00:00,154.262,467.598,87.713,48.827,0.0062
M038,2025-05-28 01:00:00,157.872,560.864,93.964,41.859,0.0062
M038,2025-05-28 02:00:00,166.45,559.782,96.215,38.299,0.0062
M038,2025-05-28 03:00:00,165.71,570.767,108.1,36.13,0.0062
M038,2025-05-28 04:00:00,174.712,491.478,102.896,44.982,0.0062
M038,2025-05-28 05:00:00,174.325,496.707,93.802,38.65,0.0062
M038,2025-05-28 06:00:00,192.809,475.293,86.542,38.633,0.0062
M038,2025-05-28 07:00:00,176.512,437.666,112.145,44.582,0.0062
M038,2025-05-28 08:00:00,170.684,421.495,115.521,43.568,0.01407
M038,2025-05-28 09:00:00,166.175,416.488,122.149,44.262,0.01407
M038,2025-05-28 10:00:00,165.138,419.525,114.591,39.027,0.01407
M038,2025-05-28 11:00:00,163.451,445.083,96.766,39.531,0.0062
M038,2025-05-28 12:00:00,164.613,375.845,111.566,38.726,0.01407
M038,2025-05-28 13:00:00,148.482,386.604,111.99,43.81,0.0062
M038,2025-05-28 14:00:00,151.146,417.902,120.226,41.445,0.01407
M038,2025-05-28 15:00:00,158.75,370.274,123.144,38.032,0.0062
M038,2025-05-28 16:00:00,166.909,408.098,102.445,41.813,0.0062
M038,2025-05-28 17:00:00,174.388,428.062,98.088,40.781,0.01407
M038,2025-05-28 18:00:00,174.794,424.514,96.208,48.453,0.01407
M038,2025-05-28 19:00:00,157.984,457.676,110.15,45.072,0.0062
M038,2025-05-28 20:00:00,152.547,388.945,111.075,43.082,0.0062
M038,2025-05-28 21:00:00,153.364,496.76,112.717,44.495,0.0062
M038,2025-05-28 22:00:00,160.248,493.405,107.406,45.176,0.0062
M038,2025-05-28 23:00:00,158.83,516.313,106.124,46.066,0.0062
M038,2025-05-29 00:00:00,160.158,476.318,104.758,43.069,0.0062
M038,2025-05-29 01:00:00,153.827,465.221,100.425,40.824,0.0062
M038,2025-05-29 02:00:00,151.856,437.923,100.415,39.697,0.0062
M038,2025-05-29 03:00:00,163.238,397.942,109.387,46.044,0.0062
M038,2025-05-29 04:00:00,167.457,410.605,100.334,42.957,0.0062
M038,2025-05-29 05:00:00,173.019,408.439,93.054,43.589,0.0062
M038,2025-05-29 06:00:00,176.728,372.396,88.895,41.249,0.0062
M038,2025-05-29 07:00:00,167.036,352.965,96.763,47.023,0.0062
M038,2025-05-29 08:00:00,170.585,419.522,100.866,43.971,0.0062
M038,2025-05-29 09:00:00,167.761,392.161,88.992,42.442,0.0062
M038,2025-05-29 10:00:00,163.993,443.503,99.295,41.465,0.0062
M038,2025-05-29 11:00:00,169.369,474.41,91.599,36.247,0.01407
M038,2025-05-29 12:00:00,163.682,437.119,95.862,35.181,0.0062
M038,2025-05-29 13:00:00,168.993,430.637,77.508,37.303,0.0062
M038,2025-05-29 14:00:00,168.525,438.783,89.514,36.973,0.0062
M038,2025-05-29 15:00:00,173.219,376.668,88.655,38.038,0.0062
M038,2025-05-29 16:00:00,183.124,386.991,90.879,42.112,0.0062
M038,2025-05-29 17:00:00,189.247,439.344,86.35,41.282,0.0062
M038,2025-05-29 18:00:00,186.513,430.125,86.257,37.113,0.0062
M038,2025-05-29 19:00:00,186.224,444.737,82.786,37.393,0.0062
M038,2025-05-29 20:00:00,180.887,454.781,102.441,42.373,0.0062
M038,2025-05-29 21:00:00,189.236,480.421,101.961,35.798,0.0062
M038,2025-05-29 22:00:00,192.868,409.709,100.383,39.716,0.0062
M038,2025-05-29 23:00:00,183.328,474.916,97.621,36.965,0.0062
M038,2025-05-30 00:00:00,172.128,436.205,100.948,34.493,0.0062
M038,2025-05-30 01:00:00,181.699,474.951,109.701,38.384,0.0062
M038,2025-05-30 02:00:00,175.359,460.335,107.226,40.443,0.0062
M038,2025-05-30 03:00:00,170.76,457.345,105.749,36.182,0.0062
M038,2025-05-30 04:00:00,172.135,476.075,103.464,50.107,0.0062
M038,2025-05-30 05:00:00,181.734,411.777,111.055,44.621,0.0062
M038,2025-05-30 06:00:00,169.681,412.796,103.774,47.803,0.01407
M038,2025-05-30 07:00:00,175.364,431.085,100.66,47.978,0.0062
M038,2025-05-30 08:00:00,172.428,487.4,88.716,48.544,0.0062
M038,2025-05-30 09:00:00,170.199,476.193,83.601,44.082,0.0062
M038,2025-05-30 10:00:00,162.565,425.906,92.196,40.383,0.0062
M038,2025-05-30 11:00:00,173.812,471.121,93.47,38.92,0.0062
M038,2025-05-30 12:00:00,172.433,450.067,109.047,38.009,0.0062
M038,2025-05-30 13:00:00,170.281,515.882,107.544,39.151,0.0062
M038,2025-05-30 14:00:00,173.459,511.475,114.66,34.133,0.0062
M038,2025-05-30 15:00:00,167.129,482.445,107.02,43.166,0.0062
M038,2025-05-30 16:00:00,167.15,413.074,116.559,44.969,0.0062
M038,2025-05-30 17:00:00,168.063,421.548,111.845,49.197,0.0062
M038,2025-05-30 18:00:00,169.856,395.573,115.537,43.925,0.0062
M038,2025-05-30 19:00:00,175.969,447.636,108.91,43.209,0.0062
M038,2025-05-30 20:00:00,181.929,539.451,117.579,55.041,0.01407
M038,2025-05-30 21:00:00,173.372,478.484,120.826,46.938,0.01407
M038,2025-05-30 22:00:00,174.678,496.174,126.389,43.462,0.01407
M038,2025-05-30 23:00:00,170.285,429.6,113.219,42.377,0.0062
M039,2025-05-24 00:00:00,181.532,387.015,114.367,60.413,0.01493
M039,2025-05-24 01:00:00,175.75,380.683,97.195,54.449,0.01407
M039,2025-05-24 02:00:00,180.507,485.226,105.555,44.731,0.01407
M039,2025-05-24 03:00:00,186.165,426.653,98.023,39.767,0.0062
M039,2025-05-24 04:00:00,184.601,420.17,105.435,47.217,0.0062
M039,2025-05-24 05:00:00,192.098,404.108,93.501,52.524,0.0062
M039,2025-05-24 06:00:00,185.085,414.639,110.015,45.385,0.0062
M039,2025-05-24 07:00:00,182.559,419.732,117.175,44.677,0.0062
M039,2025-05-24 08:00:00,176.009,396.825,124.302,40.052,0.0062
M039,2025-05-24 09:00:00,186.385,394.572,120.909,37.687,0.0062
M039,2025-05-24 10:00:00,183.051,442.477,115.581,42.054,0.0062
M039,2025-05-24 11:00:00,167.545,478.613,115.629,43.095,0.0062
M039,2025-05-24 12:00:00,174.994,423.126,111.689,45.248,0.0062
M039,2025-05-24 13:00:00,175.96,437.501,103.253,46.11,0.0062
M039,2025-05-24 14:00:00,180.851,477.479,104.05,43.767,0.0062
M039,2025-05-24 15:00:00,182.51,484.247,116.231,48.946,0.0062
M039,2025-05-24 16:00:00,176.408,388.427,117.791,46.235,0.0062
M039,2025-05-24 17:00:00,180.726,403.32,110.408,38.046,0.0062
M039,2025-05-24 18:00:00,180.367,426.527,113.109,33.186,0.0062
M039,2025-05-24 19:00:00,180.623,435.13,113.072,45.87,0.0062
M039,2025-05-24 20:00:00,173.786,478.491,98.847,38.702,0.0062
M039,2025-05-24 21:00:00,162.348,412.48,114.355,37.331,0.0062
M039,2025-05-24 22:00:00,158.772,445.885,119.761,41.52,0.0062
M039,2025-05-24 23:00:00,165.824,465.769,115.899,42.126,0.0062
M039,2025-05-25 00:00:00,178.391,484.328,96.58,43.429,0.0062
M039,2025-05-25 01:00:00,180.775,375.54,89.726,47.479,0.0062
M039,2025-05-25 02:00:00,191.399,464.546,95.637,47.957,0.0062
M039,2025-05-25 03:00:00,193.191,476.173,92.491,44.603,0.0062
M039,2025-05-25 04:00:00,182.833,477.16,93.303,44.474,0.0062
M039,2025-05-25 05:00:00,173.218,500.298,94.613,43.265,0.0062
M039,2025-05-25 06:00:00,185.599,511.285,100.91,44.983,0.0062
M039,2025-05-25 07:00:00,187.03,526.637,109.915,49.166,0.0062
M039,2025-05-25 08:00:00,184.873,465.142,98.88,53.321,0.0062
M039,2025-05-25 09:00:00,189.248,469.699,101.937,47.422,0.0062
M039,2025-05-25 10:00:00,187.831,489.411,111.317,47.103,0.0062
M039,2025-05-25 11:00:00,180.89,526.894,101.083,49.18,0.0062
M039,2025-05-25 12:00:00,178.226,476.868,124.388,46.509,0.0062
M039,2025-05-25 13:00:00,171.8,480.526,115.832,40.305,0.0062
M039,2025-05-25 14:00:00,179.364,533.325,106.14,43.363,0.0062
M039,2025-05-25 15:00:00,188.748,489.788,104.221,50.923,0.0062
M039,2025-05-25 16:00:00,181.837,426.219,103.057,49.427,0.0062
M039,2025-05-25 17:00:00,180.129,373.923,96.01,53.067,0.0062
M039,2025-05-25 18:00:00,169.14,384.977,105.928,56.569,0.0062
M039,2025-05-25 19:00:00,178.442,478.326,106.079,43.562,0.0062
M039,2025-05-25 20:00:00,189.896,401.668,104.78,48.121,0.0062
M039,2025-05-25 21:00:00,186.451,434.218,97.282,52.823,0.0062
M039,2025-05-25 22:00:00,191.74,427.737,112.959,51.574,0.0062
M039,2025-05-25 23:00:00,187.665,464.809,114.113,51.683,0.0062
M039,2025-05-26 00:00:00,180.556,473.512,108.538,44.597,0.0062
M039,2025-05-26 01:00:00,184.063,453.661,96.471,44.759,0.0062
M039,2025-05-26 02:00:00,186.9,459.414,89.732,43.112,0.0062
M039,2025-05-26 03:00:00,177.943,445.664,101.157,43.589,0.0062
M039,2025-05-26 04:00:00,183.871,435.421,105.632,47.359,0.0062
M039,2025-05-26 05:00:00,177.328,483.611,99.968,47.096,0.0062
M039,2025-05-26 06:00:00,177.64,477.215,101.379,38.89,0.0062
M039,2025-05-26 07:00:00,171.435,439.346,113.319,35.148,0.0062
M039,2025-05-26 08:00:00,174.487,510.025,119.478,37.916,0.0062
M039,2025-05-26 09:00:00,174.283,463.961,115.814,43.497,0.0062
M039,2025-05-26 10:00:00,180.773,420.241,119.918,45.703,0.0062
M039,2025-05-26 11:00:00,193.892,443.872,106.512,43.731,0.0062
M039,2025-05-26 12:00:00,198.896,450.074,112.279,45.566,0.0062
M039,2025-05-26 13:00:00,189.663,415.732,120.967,52.128,0.0062
M039,2025-05-26 14:00:00,189.926,417.25,115.627,58.052,0.0062
M039,2025-05-26 15:00:00,176.038,418.057,108.836,53.537,0.01407
M039,2025-05-26 16:00:00,180.708,434.151,104.762,54.666,0.0062
M039,2025-05-26 17:00:00,182.939,361.563,99.45,52.542,0.0062
M039,2025-05-26 18:00:00,192.099,404.519,113.512,55.173,0.0062
M039,2025-05-26 19:00:00,183.764,424.752,96.53,51.064,0.0062
M039,2025-05-26 20:00:00,185.417,459.473,105.712,42.731,0.0062
M039,2025-05-26 21:00:00,179.807,552.974,103.078,41.407,0.0062
M039,2025-05-26 22:00:00,172.567,576.201,102.648,48.646,0.0062
M039,2025-05-26 23:00:00,187.521,554.442,107.374,49.357,0.0062
M039,2025-05-27 00:00:00,183.536,465.234,109.224,55.851,0.0062
M039,2025-05-27 01:00:00,176.022,402.392,106.332,51.638,0.0062
M039,2025-05-27 02:00:00,169.728,432.499,103.99,47.847,0.0062
M039,2025-05-27 03:00:00,178.794,446.505,101.779,50.244,0.0062
M039,2025-05-27 04:00:00,168.008,465.394,99.606,45.671,0.0062
M039,2025-05-27 05:00:00,174.494,429.843,85.969,48.467,0.0062
M039,2025-05-27 06:00:00,185.576,404.712,74.762,51.12,0.0062
M039,2025-05-27 07:00:00,181.976,415.645,87.867,53.945,0.0062
M039,2025-05-27 08:00:00,182.276,435.817,98.035,54.19,0.0062
M039,2025-05-27 09:00:00,185.051,455.797,104.83,48.78,0.0062
M039,2025-05-27 10:00:00,171.639,492.012,115.976,44.078,0.0062
M039,2025-05-27 11:00:00,165.101,474.768,123.273,43.043,0.0062
M039,2025-05-27 12:00:00,174.01,493.721,121.284,47.824,0.0062
M039,2025-05-27 13:00:00,186.341,427.065,106.597,46.449,0.01493
M039,2025-05-27 14:00:00,197.292,456.076,107.046,48.583,0.01407
M039,2025-05-27 15:00:00,189.159,480.655,110.343,52.196,0.01407
M039,2025-05-27 16:00:00,186.543,453.761,116.234,54.771,0.01653
M039,2025-05-27 17:00:00,199.479,426.423,103.161,60.127,0.08333
M039,2025-05-27 18:00:00,177.277,439.364,110.737,52.566,0.08333
M039,2025-05-27 19:00:00,191.997,358.505,104.425,56.451,0.08333
M039,2025-05-27 20:00:00,191.064,375.684,118.338,51.59,0.08333
M039,2025-05-27 21:00:00,193.037,417.298,128.28,59.733,0.66667
M039,2025-05-27 22:00:00,178.661,462.135,121.185,61.494,1.0
M039,2025-05-27 23:00:00,180.87,426.998,109.047,54.212,1.0
M039,2025-05-28 00:00:00,174.583,362.34,100.884,57.105,1.0
M039,2025-05-28 01:00:00,177.94,403.797,99.649,54.608,1.0
M039,2025-05-28 02:00:00,184.811,369.52,105.494,54.862,1.0
M039,2025-05-28 03:00:00,190.59,359.203,115.859,53.724,1.0
M039,2025-05-28 04:00:00,180.04,418.714,131.107,54.925,0.0062
M039,2025-05-28 05:00:00,171.901,529.375,113.23,47.471,0.00505
M039,2025-05-28 06:00:00,165.766,460.804,104.747,46.726,0.0
M039,2025-05-28 07:00:00,186.21,407.441,97.263,50.158,0.0
M039,2025-05-28 08:00:00,188.227,386.844,100.973,48.331,0.0
M039,2025-05-28 09:00:00,176.473,450.149,107.086,41.316,0.0
M039,2025-05-28 10:00:00,176.484,463.739,98.489,39.093,0.0
M039,2025-05-28 11:00:00,179.857,514.199,94.525,44.098,0.0
M039,2025-05-28 12:00:00,166.337,514.838,101.216,41.99,0.0
M039,2025-05-28 13:00:00,176.743,524.653,109.437,45.316,0.0
M039,2025-05-28 14:00:00,184.843,538.397,106.785,43.089,0.0
M039,2025-05-28 15:00:00,173.869,451.306,122.623,42.423,0.0
M039,2025-05-28 16:00:00,172.159,473.272,123.743,46.496,0.0
M039,2025-05-28 17:00:00,173.408,480.646,121.573,44.347,0.0
M039,2025-05-28 18:00:00,173.669,401.174,128.64,48.321,0.0
M039,2025-05-28 19:00:00,180.656,428.19,120.387,43.351,0.0
M039,2025-05-28 20:00:00,183.255,444.221,120.856,43.555,0.0
M039,2025-05-28 21:00:00,177.086,443.007,106.833,47.278,0.0
M039,2025-05-28 22:00:00,179.051,459.71,111.349,47.674,0.0
M039,2025-05-28 23:00:00,191.843,408.439,110.153,45.022,0.0
M039,2025-05-29 00:00:00,203.732,405.624,114.337,57.344,0.0
M039,2025-05-29 01:00:00,193.704,457.888,122.756,59.225,0.0
M039,2025-05-29 02:00:00,190.143,472.72,123.491,56.756,0.0
M039,2025-05-29 03:00:00,181.168,471.936,129.807,52.157,0.0
M039,2025-05-29 04:00:00,190.993,460.914,118.566,56.403,0.0
M039,2025-05-29 05:00:00,191.725,405.056,113.442,53.477,0.0
M039,2025-05-29 06:00:00,178.815,481.419,101.93,46.954,0.0
M039,2025-05-29 07:00:00,185.237,531.72,93.8,46.773,0.0
M039,2025-05-29 08:00:00,176.323,530.164,93.114,47.072,0.0
M039,2025-05-29 09:00:00,191.037,481.7,102.537,48.32,0.0
M039,2025-05-29 10:00:00,175.985,499.611,103.436,48.282,0.0
M039,2025-05-29 11:00:00,188.557,534.9,109.324,53.511,0.0
M039,2025-05-29 12:00:00,189.375,480.221,119.771,52.55,0.0
M039,2025-05-29 13:00:00,190.711,485.854,100.848,53.45,0.0
M039,2025-05-29 14:00:00,181.184,490.423,118.581,52.341,0.0
M039,2025-05-29 15:00:00,179.238,446.752,107.828,48.466,0.0
M039,2025-05-29 16:00:00,181.209,447.323,120.516,50.405,0.0
M039,2025-05-29 17:00:00,179.587,449.143,110.651,45.52,0.0
M039,2025-05-29 18:00:00,193.086,436.539,112.029,46.215,0.0
M039,2025-05-29 19:00:00,186.338,374.451,107.736,44.27,0.0
M039,2025-05-29 20:00:00,185.224,421.43,110.541,41.969,0.0
M039,2025-05-29 21:00:00,177.126,458.874,111.726,44.92,0.0
M039,2025-05-29 22:00:00,184.381,422.986,107.615,44.974,0.0
M039,2025-05-29 23:00:00,181.347,428.192,98.819,39.629,0.0
M039,2025-05-30 00:00:00,187.781,469.24,91.719,49.879,0.0
M039,2025-05-30 01:00:00,170.503,494.618,100.078,51.99,0.0
M039,2025-05-30 02:00:00,184.092,553.662,99.355,55.397,0.0
M039,2025-05-30 03:00:00,192.226,533.578,107.681,50.092,0.00505
M039,2025-05-30 04:00:00,191.282,504.431,117.066,47.036,0.0062
M039,2025-05-30 05:00:00,188.314,508.982,138.009,43.438,0.0062
M039,2025-05-30 06:00:00,179.973,478.581,121.108,49.63,0.0062
M039,2025-05-30 07:00:00,170.644,436.338,116.141,52.586,0.00505
M039,2025-05-30 08:00:00,176.422,411.508,107.233,50.329,0.0
M039,2025-05-30 09:00:00,195.112,346.779,104.455,49.785,0.0062
M039,2025-05-30 10:00:00,184.714,374.9,99.807,54.553,0.0062
M039,2025-05-30 11:00:00,184.856,413.22,106.578,60.4,0.0062
M039,2025-05-30 12:00:00,193.54,470.151,94.502,50.703,0.0062
M039,2025-05-30 13:00:00,197.099,490.408,93.861,49.979,0.0062
M039,2025-05-30 14:00:00,183.553,535.556,96.411,53.746,0.0062
M039,2025-05-30 15:00:00,167.952,537.219,97.662,51.855,0.0062
M039,2025-05-30 16:00:00,174.95,490.993,109.302,51.16,0.0062
M039,2025-05-30 17:00:00,180.968,530.279,119.775,48.605,0.0062
M039,2025-05-30 18:00:00,184.929,597.079,122.481,39.088,0.0
M039,2025-05-30 19:00:00,184.519,585.098,115.979,43.99,0.0
M039,2025-05-30 20:00:00,182.273,604.52,115.965,43.132,0.0
M039,2025-05-30 21:00:00,186.018,524.303,117.996,43.416,0.0
M039,2025-05-30 22:00:00,179.91,463.736,121.613,43.894,0.0
M039,2025-05-30 23:00:00,183.321,460.884,114.619,50.822,0.0
M040,2025-05-24 00:00:00,188.367,464.447,105.551,48.569,0.0062
M040,2025-05-24 01:00:00,191.072,496.479,102.24,50.154,0.0062
M040,2025-05-24 02:00:00,185.053,515.694,99.686,52.706,0.0062
M040,2025-05-24 03:00:00,171.112,480.107,102.65,58.87,0.0062
M040,2025-05-24 04:00:00,183.476,520.934,112.806,51.553,0.0062
M040,2025-05-24 05:00:00,185.493,528.474,124.127,55.68,0.0062
M040,2025-05-24 06:00:00,180.648,505.15,122.2,57.367,0.0062
M040,2025-05-24 07:00:00,183.512,448.528,115.643,54.266,0.0062
M040,2025-05-24 08:00:00,184.032,405.703,112.327,52.191,0.0062
M040,2025-05-24 09:00:00,175.408,459.642,112.864,50.87,0.0062
M040,2025-05-24 10:00:00,177.457,481.998,119.747,48.203,0.0062
M040,2025-05-24 11:00:00,179.966,467.662,125.26,41.35,0.0062
M040,2025-05-24 12:00:00,180.831,527.864,112.202,46.407,0.0062
M040,2025-05-24 13:00:00,178.304,522.507,110.247,52.913,0.0062
M040,2025-05-24 14:00:00,176.796,554.093,108.468,53.239,0.0062
M040,2025-05-24 15:00:00,174.391,537.157,107.975,59.825,0.0062
M040,2025-05-24 16:00:00,183.071,486.586,118.046,52.828,0.0062
M040,2025-05-24 17:00:00,167.596,485.966,106.272,54.746,0.0062
M040,2025-05-24 18:00:00,172.461,440.241,116.548,56.338,0.0062
M040,2025-05-24 19:00:00,180.693,428.774,114.834,59.0,0.0062
M040,2025-05-24 20:00:00,188.965,456.107,110.969,54.869,0.0062
M040,2025-05-24 21:00:00,180.935,468.798,115.469,55.733,0.0062
M040,2025-05-24 22:00:00,166.849,500.359,126.555,56.162,0.0062
M040,2025-05-24 23:00:00,164.051,469.813,120.541,54.798,0.0062
M040,2025-05-25 00:00:00,183.112,435.149,124.414,53.758,0.01407
M040,2025-05-25 01:00:00,185.747,508.821,132.609,45.837,0.01407
M040,2025-05-25 02:00:00,179.778,536.705,128.182,46.422,0.01407
M040,2025-05-25 03:00:00,183.627,532.4,120.835,49.021,0.01407
M040,2025-05-25 04:00:00,188.585,441.897,125.605,52.609,0.01407
M040,2025-05-25 05:00:00,183.183,429.487,117.679,56.755,0.01633
M040,2025-05-25 06:00:00,189.05,473.552,116.031,47.795,0.01407
M040,2025-05-25 07:00:00,182.057,528.235,118.024,46.939,0.01407
M040,2025-05-25 08:00:00,182.81,540.932,122.308,48.142,0.01407
M040,2025-05-25 09:00:00,188.08,478.252,108.129,48.495,0.0062
M040,2025-05-25 10:00:00,188.426,451.526,104.623,45.353,0.0062
M040,2025-05-25 11:00:00,190.983,451.1,109.137,48.947,0.0062
M040,2025-05-25 12:00:00,202.762,335.991,123.875,42.742,0.0062
M040,2025-05-25 13:00:00,191.12,448.082,117.466,51.464,0.0062
M040,2025-05-25 14:00:00,187.803,438.347,126.573,49.561,0.0062
M040,2025-05-25 15:00:00,183.933,416.384,112.119,51.479,0.0062
M040,2025-05-25 16:00:00,185.569,423.925,110.852,46.376,0.0062
M040,2025-05-25 17:00:00,183.915,443.435,107.032,43.164,0.0062
M040,2025-05-25 18:00:00,192.049,442.212,109.106,46.47,0.0062
M040,2025-05-25 19:00:00,183.057,433.846,103.679,51.17,0.0062
M040,2025-05-25 20:00:00,170.513,479.943,101.63,55.731,0.0062
M040,2025-05-25 21:00:00,168.593,491.355,109.564,61.027,0.0062
M040,2025-05-25 22:00:00,169.412,451.085,106.162,55.307,0.0062
M040,2025-05-25 23:00:00,158.761,458.871,117.055,52.865,0.0062
M040,2025-05-26 00:00:00,165.319,508.092,110.923,57.855,0.0062
M040,2025-05-26 01:00:00,179.385,466.424,113.179,47.733,0.0062
M040,2025-05-26 02:00:00,184.698,406.641,107.663,50.854,0.0062
M040,2025-05-26 03:00:00,191.432,374.159,109.468,49.184,0.0062
M040,2025-05-26 04:00:00,191.138,446.631,104.112,48.996,0.0062
M040,2025-05-26 05:00:00,185.888,476.224,108.184,37.265,0.0062
M040,2025-05-26 06:00:00,181.739,527.515,115.253,37.527,0.0062
M040,2025-05-26 07:00:00,171.401,558.196,105.207,39.697,0.0062
M040,2025-05-26 08:00:00,187.484,496.447,104.566,41.113,0.0062
M040,2025-05-26 09:00:00,183.141,491.831,106.525,45.337,0.0062
M040,2025-05-26 10:00:00,182.624,525.69,110.413,49.994,0.0062
M040,2025-05-26 11:00:00,184.629,520.113,104.065,48.062,0.0062
M040,2025-05-26 12:00:00,181.708,475.061,107.814,41.612,0.0062
M040,2025-05-26 13:00:00,188.739,493.205,117.013,40.855,0.0062
M040,2025-05-26 14:00:00,191.333,481.332,115.771,42.063,0.0062
M040,2025-05-26 15:00:00,186.917,493.903,112.133,44.35,0.0062
M040,2025-05-26 16:00:00,188.005,523.385,101.728,41.555,0.0062
M040,2025-05-26 17:00:00,184.437,516.666,97.255,43.123,0.0062
M040,2025-05-26 18:00:00,188.729,453.921,102.28,46.636,0.0062
M040,2025-05-26 19:00:00,186.867,441.914,114.148,49.466,0.0062
M040,2025-05-26 20:00:00,173.875,437.785,117.877,48.156,0.0062
M040,2025-05-26 21:00:00,165.227,488.438,112.381,39.75,0.0062
M040,2025-05-26 22:00:00,176.454,469.189,103.501,40.555,0.0062
M040,2025-05-26 23:00:00,175.627,508.628,97.865,39.113,0.0062
M040,2025-05-27 00:00:00,180.804,406.491,107.833,39.122,0.0062
M040,2025-05-27 01:00:00,181.823,491.26,121.462,49.687,0.0062
M040,2025-05-27 02:00:00,184.638,446.844,125.189,49.559,0.0062
M040,2025-05-27 03:00:00,179.604,410.48,115.487,49.966,0.0062
M040,2025-05-27 04:00:00,178.984,485.65,102.077,50.813,0.0062
M040,2025-05-27 05:00:00,184.998,502.949,117.661,51.122,0.01407
M040,2025-05-27 06:00:00,181.664,483.148,111.979,49.117,0.01407
M040,2025-05-27 07:00:00,191.517,470.165,105.428,50.971,0.01407
M040,2025-05-27 08:00:00,181.023,468.404,103.236,54.775,0.0062
M040,2025-05-27 09:00:00,187.967,506.475,102.77,50.811,0.0062
M040,2025-05-27 10:00:00,173.556,472.988,105.237,48.683,0.0062
M040,2025-05-27 11:00:00,170.184,424.582,101.375,42.661,0.0062
M040,2025-05-27 12:00:00,176.288,459.877,102.801,44.872,0.0062
M040,2025-05-27 13:00:00,172.304,385.975,108.289,43.074,0.01407
M040,2025-05-27 14:00:00,173.106,462.711,101.541,45.517,0.01407
M040,2025-05-27 15:00:00,166.274,449.968,98.582,51.118,0.01407
M040,2025-05-27 16:00:00,174.815,483.665,90.056,59.998,0.0062
M040,2025-05-27 17:00:00,172.726,435.221,94.105,54.018,0.0062
M040,2025-05-27 18:00:00,170.131,455.098,103.805,45.974,0.0062
M040,2025-05-27 19:00:00,180.63,475.885,95.339,46.133,0.0062
M040,2025-05-27 20:00:00,182.907,496.518,97.81,47.051,0.0062
M040,2025-05-27 21:00:00,185.648,461.445,104.451,46.712,0.0062
M040,2025-05-27 22:00:00,178.713,393.156,108.33,51.356,0.0062
M040,2025-05-27 23:00:00,174.27,365.871,125.805,49.61,0.01407
M040,2025-05-28 00:00:00,168.889,389.674,121.067,54.741,0.01407
M040,2025-05-28 01:00:00,168.975,476.119,126.076,47.476,0.01407
M040,2025-05-28 02:00:00,180.689,503.848,120.876,43.668,0.0062
M040,2025-05-28 03:00:00,180.371,449.744,116.349,38.742,0.0062
M040,2025-05-28 04:00:00,189.123,448.514,112.034,40.588,0.0062
M040,2025-05-28 05:00:00,182.341,470.72,124.005,46.891,0.0062
M040,2025-05-28 06:00:00,179.688,472.702,121.702,47.169,0.01407
M040,2025-05-28 07:00:00,182.743,466.565,118.655,44.403,0.01407
M040,2025-05-28 08:00:00,186.939,493.851,135.2,44.278,0.0062
M040,2025-05-28 09:00:00,183.858,471.363,120.682,48.691,0.0062
M040,2025-05-28 10:00:00,183.965,462.5,111.417,48.17,0.0062
M040,2025-05-28 11:00:00,188.722,407.807,110.173,40.956,0.0062
M040,2025-05-28 12:00:00,200.475,514.645,125.705,45.455,0.0062
M040,2025-05-28 13:00:00,196.313,489.608,115.332,46.118,0.0062
M040,2025-05-28 14:00:00,186.228,463.178,103.938,47.475,0.0062
M040,2025-05-28 15:00:00,180.434,465.604,101.502,43.875,0.0062
M040,2025-05-28 16:00:00,186.056,433.562,96.647,47.081,0.0062
M040,2025-05-28 17:00:00,188.034,381.507,111.038,47.157,0.0062
M040,2025-05-28 18:00:00,184.307,396.955,98.741,46.662,0.0062
M040,2025-05-28 19:00:00,179.317,469.44,97.628,50.039,0.0062
M040,2025-05-28 20:00:00,176.872,513.049,95.807,49.771,0.0062
M040,2025-05-28 21:00:00,171.364,562.992,99.398,53.315,0.0062
M040,2025-05-28 22:00:00,169.925,484.048,102.214,47.743,0.0062
M040,2025-05-28 23:00:00,175.14,486.587,103.474,50.029,0.0062
M040,2025-05-29 00:00:00,172.358,470.379,100.538,44.437,0.0062
M040,2025-05-29 01:00:00,179.651,497.789,99.723,46.531,0.0062
M040,2025-05-29 02:00:00,180.558,417.149,102.029,42.443,0.0062
M040,2025-05-29 03:00:00,169.159,401.245,103.481,46.435,0.0062
M040,2025-05-29 04:00:00,179.893,426.502,109.245,55.406,0.0062
M040,2025-05-29 05:00:00,179.966,442.066,109.392,50.098,0.0062
M040,2025-05-29 06:00:00,187.403,483.395,116.305,52.022,0.0062
M040,2025-05-29 07:00:00,185.414,554.293,105.582,53.031,0.0062
M040,2025-05-29 08:00:00,187.362,615.758,111.181,49.566,0.0062
M040,2025-05-29 09:00:00,178.585,557.453,102.865,52.035,0.0062
M040,2025-05-29 10:00:00,172.793,525.674,120.604,51.528,0.0062
M040,2025-05-29 11:00:00,180.924,430.469,120.01,52.76,0.0062
M040,2025-05-29 12:00:00,171.024,459.447,112.237,49.277,0.0062
M040,2025-05-29 13:00:00,179.521,460.859,111.466,49.524,0.0062
M040,2025-05-29 14:00:00,172.469,414.961,112.556,52.21,0.0062
M040,2025-05-29 15:00:00,173.116,398.31,103.88,48.063,0.0062
M040,2025-05-29 16:00:00,175.005,326.622,88.747,46.826,0.0062
M040,2025-05-29 17:00:00,177.984,396.143,90.715,47.231,0.0062
M040,2025-05-29 18:00:00,181.862,417.571,88.859,46.726,0.0062
M040,2025-05-29 19:00:00,187.746,503.002,93.112,51.921,0.0062
M040,2025-05-29 20:00:00,183.375,521.828,103.738,46.691,0.0062
M040,2025-05-29 21:00:00,192.238,513.782,103.314,42.28,0.0062
M040,2025-05-29 22:00:00,184.696,531.261,106.87,39.556,0.0062
M040,2025-05-29 23:00:00,186.187,532.693,122.939,41.509,0.0062
M040,2025-05-30 00:00:00,180.214,487.365,122.563,41.826,0.0062
M040,2025-05-30 01:00:00,184.542,496.341,119.83,45.204,0.0062
M040,2025-05-30 02:00:00,183.676,491.999,127.339,51.126,0.0062
M040,2025-05-30 03:00:00,191.232,479.24,124.088,53.922,0.0062
M040,2025-05-30 04:00:00,196.269,489.178,126.78,47.078,0.0062
M040,2025-05-30 05:00:00,188.17,439.964,127.61,45.295,0.0062
M040,2025-05-30 06:00:00,179.264,490.788,110.823,41.586,0.0062
M040,2025-05-30 07:00:00,182.136,436.43,116.829,49.7,0.0062
M040,2025-05-30 08:00:00,183.856,463.48,119.85,51.382,0.0062
M040,2025-05-30 09:00:00,182.328,451.016,104.35,53.89,0.0062
M040,2025-05-30 10:00:00,188.244,480.754,121.396,50.923,0.0062
M040,2025-05-30 11:00:00,180.704,495.895,117.211,50.374,0.0062
M040,2025-05-30 12:00:00,175.099,562.596,121.779,48.835,0.0062
M040,2025-05-30 13:00:00,181.669,447.166,114.271,40.746,0.0062
M040,2025-05-30 14:00:00,183.897,508.893,114.807,50.7,0.0062
M040,2025-05-30 15:00:00,177.416,457.65,110.56,57.153,0.0062
M040,2025-05-30 16:00:00,181.006,488.286,118.145,52.716,0.0062
M040,2025-05-30 17:00:00,184.876,438.224,124.03,56.745,0.0062
M040,2025-05-30 18:00:00,192.569,449.52,120.079,54.855,0.0062
M040,2025-05-30 19:00:00,189.988,446.664,124.222,48.886,0.0062
M040,2025-05-30 20:00:00,182.968,427.996,110.19,54.941,0.0062
M040,2025-05-30 21:00:00,182.428,477.409,95.585,52.79,0.0062
M040,2025-05-30 22:00:00,175.286,463.136,103.513,51.926,0.0062
M040,2025-05-30 23:00:00,173.967,502.69,99.537,54.136,0.0062
M041,2025-05-24 00:00:00,179.869,356.564,115.218,41.368,0.02703
M041,2025-05-24 01:00:00,185.702,415.358,113.902,39.16,0.02703
M041,2025-05-24 02:00:00,188.726,461.472,110.609,37.53,0.01653
M041,2025-05-24 03:00:00,182.374,429.502,119.442,42.359,0.01653
M041,2025-05-24 04:00:00,183.177,380.771,113.217,44.828,0.01653
M041,2025-05-24 05:00:00,165.345,458.505,101.163,41.899,0.01653
M041,2025-05-24 06:00:00,176.729,451.346,103.687,47.558,0.01653
M041,2025-05-24 07:00:00,174.29,407.67,111.051,47.737,0.01653
M041,2025-05-24 08:00:00,161.771,506.875,101.55,49.235,0.01633
M041,2025-05-24 09:00:00,163.211,488.778,98.908,53.591,0.02703
M041,2025-05-24 10:00:00,164.263,429.013,95.806,48.119,0.01653
M041,2025-05-24 11:00:00,164.872,434.653,91.707,51.676,0.01653
M041,2025-05-24 12:00:00,159.954,418.61,100.423,45.327,0.01633
M041,2025-05-24 13:00:00,159.362,385.78,97.531,43.372,0.01493
M041,2025-05-24 14:00:00,154.627,364.746,93.658,45.834,0.01407
M041,2025-05-24 15:00:00,163.032,433.466,95.766,41.748,0.01407
M041,2025-05-24 16:00:00,166.983,444.48,103.873,40.488,0.01407
M041,2025-05-24 17:00:00,174.807,436.833,116.745,40.596,0.01493
M041,2025-05-24 18:00:00,174.226,422.916,111.803,38.478,0.01633
M041,2025-05-24 19:00:00,170.47,434.211,118.436,43.06,0.01653
M041,2025-05-24 20:00:00,168.534,428.755,106.23,46.351,0.01653
M041,2025-05-24 21:00:00,176.131,463.955,103.668,39.83,0.01633
M041,2025-05-24 22:00:00,172.096,395.974,108.746,34.979,0.01633
M041,2025-05-24 23:00:00,169.83,330.557,108.492,37.534,0.01653
M041,2025-05-25 00:00:00,163.712,369.619,95.782,42.51,0.01653
M041,2025-05-25 01:00:00,161.445,467.597,94.652,39.123,0.01407
M041,2025-05-25 02:00:00,163.861,399.959,99.556,38.568,0.01407
M041,2025-05-25 03:00:00,162.859,433.763,104.283,38.973,0.01407
M041,2025-05-25 04:00:00,157.39,438.427,110.408,42.095,0.01407
M041,2025-05-25 05:00:00,149.17,483.073,105.905,45.902,0.01407
M041,2025-05-25 06:00:00,152.516,459.811,112.344,42.645,0.01407
M041,2025-05-25 07:00:00,150.948,451.344,124.112,43.303,0.01653
M041,2025-05-25 08:00:00,166.109,415.647,114.636,34.08,0.01407
M041,2025-05-25 09:00:00,170.583,438.528,97.824,31.754,0.01407
M041,2025-05-25 10:00:00,182.721,557.211,92.609,36.051,0.01407
M041,2025-05-25 11:00:00,186.567,504.778,99.781,44.461,0.01407
M041,2025-05-25 12:00:00,189.707,535.269,98.286,37.67,0.01407
M041,2025-05-25 13:00:00,185.518,458.78,110.328,42.342,0.01407
M041,2025-05-25 14:00:00,178.454,434.348,107.069,36.55,0.01407
M041,2025-05-25 15:00:00,175.143,411.338,98.797,39.452,0.01407
M041,2025-05-25 16:00:00,167.262,400.392,97.638,34.45,0.01407
M041,2025-05-25 17:00:00,145.965,416.479,98.831,33.692,0.01407
M041,2025-05-25 18:00:00,155.79,362.407,117.691,33.709,0.0062
M041,2025-05-25 19:00:00,164.835,359.046,111.832,32.252,0.0062
M041,2025-05-25 20:00:00,166.193,436.418,109.497,36.102,0.0062
M041,2025-05-25 21:00:00,169.72,461.481,119.826,27.694,0.0062
M041,2025-05-25 22:00:00,173.247,383.097,105.069,28.895,0.0062
M041,2025-05-25 23:00:00,171.563,375.051,88.075,32.594,0.0062
M041,2025-05-26 00:00:00,173.354,416.322,89.565,36.467,0.0062
M041,2025-05-26 01:00:00,169.448,406.168,83.648,45.92,0.01407
M041,2025-05-26 02:00:00,170.338,413.318,93.899,41.116,0.01407
M041,2025-05-26 03:00:00,173.411,501.211,104.709,41.887,0.01407
M041,2025-05-26 04:00:00,171.227,398.369,109.127,37.037,0.01407
M041,2025-05-26 05:00:00,168.517,432.737,93.867,34.012,0.01407
M041,2025-05-26 06:00:00,173.246,419.097,97.596,32.988,0.01407
M041,2025-05-26 07:00:00,158.808,387.816,93.637,33.767,0.0062
M041,2025-05-26 08:00:00,154.563,394.61,100.795,36.906,0.0062
M041,2025-05-26 09:00:00,164.388,418.897,107.518,39.389,0.01407
M041,2025-05-26 10:00:00,176.004,494.372,102.658,40.789,0.01407
M041,2025-05-26 11:00:00,173.59,478.671,102.136,43.557,0.01407
M041,2025-05-26 12:00:00,155.734,431.915,93.1,39.572,0.01407
M041,2025-05-26 13:00:00,169.135,463.661,96.345,38.322,0.01407
M041,2025-05-26 14:00:00,170.51,496.502,96.791,26.238,0.0062
M041,2025-05-26 15:00:00,164.375,529.681,112.102,32.616,0.0062
M041,2025-05-26 16:00:00,155.2,528.286,109.462,42.331,0.0062
M041,2025-05-26 17:00:00,166.913,411.875,103.752,44.039,0.01407
M041,2025-05-26 18:00:00,161.641,396.24,88.722,39.549,0.01407
M041,2025-05-26 19:00:00,162.998,422.477,92.493,38.57,0.01407
M041,2025-05-26 20:00:00,162.12,495.282,106.447,42.323,0.01407
M041,2025-05-26 21:00:00,176.6,478.724,101.701,38.018,0.01407
M041,2025-05-26 22:00:00,172.585,443.136,103.748,35.076,0.01407
M041,2025-05-26 23:00:00,165.161,392.885,106.546,40.27,0.01407
M041,2025-05-27 00:00:00,178.68,476.338,94.486,45.982,0.01633
M041,2025-05-27 01:00:00,178.474,459.428,113.566,49.612,0.08333
M041,2025-05-27 02:00:00,156.189,417.373,100.88,41.344,0.08333
M041,2025-05-27 03:00:00,171.587,396.228,102.746,46.092,0.08333
M041,2025-05-27 04:00:00,168.26,411.445,106.123,47.14,0.02703
M041,2025-05-27 05:00:00,171.572,399.107,101.451,50.423,0.08333
M041,2025-05-27 06:00:00,171.045,490.753,100.99,44.024,0.02703
M041,2025-05-27 07:00:00,178.559,495.068,103.533,40.708,0.01653
M041,2025-05-27 08:00:00,170.581,502.597,90.869,43.037,0.01653
M041,2025-05-27 09:00:00,171.38,497.413,93.687,47.616,0.01633
M041,2025-05-27 10:00:00,164.956,540.139,103.958,43.858,0.01493
M041,2025-05-27 11:00:00,167.381,509.635,115.976,42.923,0.01407
M041,2025-05-27 12:00:00,171.234,482.516,112.603,38.95,0.01407
M041,2025-05-27 13:00:00,165.225,429.167,120.352,42.57,0.01407
M041,2025-05-27 14:00:00,171.076,485.63,105.469,41.144,0.01407
M041,2025-05-27 15:00:00,173.683,451.378,102.114,37.796,0.01407
M041,2025-05-27 16:00:00,163.283,487.132,105.525,38.483,0.0062
M041,2025-05-27 17:00:00,164.966,495.803,99.31,36.347,0.0062
M041,2025-05-27 18:00:00,149.646,492.535,86.448,47.624,0.01407
M041,2025-05-27 19:00:00,142.836,470.567,94.904,44.061,0.01407
M041,2025-05-27 20:00:00,145.119,450.541,98.962,39.865,0.01407
M041,2025-05-27 21:00:00,149.803,419.941,96.532,38.065,0.01407
M041,2025-05-27 22:00:00,150.832,503.895,88.702,39.416,0.0062
M041,2025-05-27 23:00:00,162.159,551.054,96.573,39.12,0.0062
M041,2025-05-28 00:00:00,155.917,515.49,102.86,34.965,0.01407
M041,2025-05-28 01:00:00,166.715,512.13,107.664,41.861,0.0062
M041,2025-05-28 02:00:00,160.183,503.855,103.533,50.529,0.01407
M041,2025-05-28 03:00:00,171.886,491.066,87.991,52.494,0.01407
M041,2025-05-28 04:00:00,169.226,497.237,84.228,53.97,0.01633
M041,2025-05-28 05:00:00,165.752,424.342,99.292,47.083,0.01407
M041,2025-05-28 06:00:00,178.215,470.364,95.574,45.77,0.01407
M041,2025-05-28 07:00:00,178.066,497.581,101.325,43.925,0.01407
M041,2025-05-28 08:00:00,164.831,427.705,110.264,39.31,0.01407
M041,2025-05-28 09:00:00,166.907,395.669,109.692,38.787,0.01407
M041,2025-05-28 10:00:00,165.908,319.276,107.774,37.65,0.01407
M041,2025-05-28 11:00:00,178.718,403.207,122.516,35.661,0.01407
M041,2025-05-28 12:00:00,168.543,371.232,118.168,32.027,0.01407
M041,2025-05-28 13:00:00,176.11,437.937,116.06,34.327,0.0062
M041,2025-05-28 14:00:00,173.451,479.661,107.537,41.417,0.0062
M041,2025-05-28 15:00:00,157.835,456.807,108.236,37.144,0.0062
M041,2025-05-28 16:00:00,163.016,446.546,100.716,36.508,0.0062
M041,2025-05-28 17:00:00,165.105,475.698,84.956,29.255,0.0062
M041,2025-05-28 18:00:00,159.591,442.834,86.097,34.466,0.0062
M041,2025-05-28 19:00:00,162.269,422.454,97.08,36.707,0.0062
M041,2025-05-28 20:00:00,159.306,356.833,83.362,42.73,0.0062
M041,2025-05-28 21:00:00,152.474,329.907,87.583,38.922,0.0062
M041,2025-05-28 22:00:00,152.278,377.901,88.82,37.939,0.0062
M041,2025-05-28 23:00:00,154.094,383.275,92.479,38.56,0.0062
M041,2025-05-29 00:00:00,167.558,323.52,98.142,33.558,0.0062
M041,2025-05-29 01:00:00,160.431,411.787,93.793,43.334,0.0062
M041,2025-05-29 02:00:00,157.29,379.008,90.488,48.251,0.01407
M041,2025-05-29 03:00:00,152.127,460.422,92.466,42.521,0.0062
M041,2025-05-29 04:00:00,147.936,460.422,88.526,33.371,0.0062
M041,2025-05-29 05:00:00,168.39,462.581,98.442,34.892,0.0062
M041,2025-05-29 06:00:00,169.764,524.777,82.175,37.709,0.0062
M041,2025-05-29 07:00:00,173.139,452.889,87.002,45.129,0.0062
M041,2025-05-29 08:00:00,170.351,437.044,88.472,38.709,0.0062
M041,2025-05-29 09:00:00,168.305,452.282,85.298,38.705,0.0062
M041,2025-05-29 10:00:00,163.928,376.583,101.172,42.615,0.0062
M041,2025-05-29 11:00:00,173.572,395.171,88.045,42.173,0.01407
M041,2025-05-29 12:00:00,177.478,415.937,89.334,40.26,0.01407
M041,2025-05-29 13:00:00,179.975,465.491,93.136,43.678,0.0062
M041,2025-05-29 14:00:00,173.773,430.392,100.54,49.022,0.01407
M041,2025-05-29 15:00:00,175.259,452.951,97.282,49.444,0.01407
M041,2025-05-29 16:00:00,185.157,440.609,105.955,44.508,0.01407
M041,2025-05-29 17:00:00,170.649,460.744,99.597,49.39,0.01407
M041,2025-05-29 18:00:00,166.31,494.229,104.64,44.367,0.01407
M041,2025-05-29 19:00:00,172.153,478.167,90.192,43.765,0.01407
M041,2025-05-29 20:00:00,167.781,412.311,89.941,48.211,0.01407
M041,2025-05-29 21:00:00,166.397,448.182,97.216,45.353,0.01407
M041,2025-05-29 22:00:00,158.695,505.825,104.538,45.761,0.01407
M041,2025-05-29 23:00:00,167.106,465.883,100.42,39.68,0.01407
M041,2025-05-30 00:00:00,154.185,461.592,100.801,44.714,0.0062
M041,2025-05-30 01:00:00,156.804,425.237,96.077,36.985,0.0062
M041,2025-05-30 02:00:00,156.26,424.266,94.457,42.821,0.0062
M041,2025-05-30 03:00:00,168.61,451.558,95.794,41.278,0.0062
M041,2025-05-30 04:00:00,161.604,492.64,82.854,45.464,0.0062
M041,2025-05-30 05:00:00,164.067,410.348,86.475,44.28,0.0062
M041,2025-05-30 06:00:00,167.215,394.849,97.844,33.369,0.0062
M041,2025-05-30 07:00:00,162.551,458.48,115.882,37.5,0.0062
M041,2025-05-30 08:00:00,171.784,452.331,110.255,43.582,0.0062
M041,2025-05-30 09:00:00,171.059,425.738,112.015,48.261,0.0062
M041,2025-05-30 10:00:00,176.7,361.874,109.215,41.33,0.01407
M041,2025-05-30 11:00:00,169.71,378.349,104.049,37.661,0.01407
M041,2025-05-30 12:00:00,161.022,363.305,113.206,47.355,0.01493
M041,2025-05-30 13:00:00,163.913,371.492,96.866,38.686,0.01407
M041,2025-05-30 14:00:00,160.889,376.472,92.708,39.431,0.01407
M041,2025-05-30 15:00:00,171.102,429.706,91.79,40.512,0.01407
M041,2025-05-30 16:00:00,154.465,339.966,96.379,45.418,0.01407
M041,2025-05-30 17:00:00,147.475,396.202,88.334,45.195,0.01407
M041,2025-05-30 18:00:00,153.813,327.355,90.788,44.539,0.01407
M041,2025-05-30 19:00:00,158.494,334.212,99.534,42.784,0.01407
M041,2025-05-30 20:00:00,160.813,376.526,98.935,37.807,0.01407
M041,2025-05-30 21:00:00,165.932,455.144,99.497,31.603,0.01407
M041,2025-05-30 22:00:00,172.313,544.146,101.701,32.961,0.01407
M041,2025-05-30 23:00:00,165.87,504.791,90.881,35.583,0.0062
M042,2025-05-24 00:00:00,167.213,423.966,80.023,54.237,0.0062
M042,2025-05-24 01:00:00,162.223,420.22,89.285,58.136,0.0062
M042,2025-05-24 02:00:00,175.547,472.157,117.779,55.366,0.0062
M042,2025-05-24 03:00:00,171.374,440.445,118.474,53.113,0.0062
M042,2025-05-24 04:00:00,167.983,420.96,97.081,51.072,0.0062
M042,2025-05-24 05:00:00,186.022,400.434,92.542,48.35,0.0062
M042,2025-05-24 06:00:00,185.444,426.642,86.456,47.022,0.0062
M042,2025-05-24 07:00:00,188.133,372.701,87.876,47.149,0.0062
M042,2025-05-24 08:00:00,196.042,422.424,96.342,48.302,0.0062
M042,2025-05-24 09:00:00,189.866,415.716,91.662,55.931,0.0062
M042,2025-05-24 10:00:00,184.645,445.532,91.925,55.779,0.0062
M042,2025-05-24 11:00:00,177.068,422.549,88.135,55.591,0.01407
M042,2025-05-24 12:00:00,183.752,444.683,97.227,53.293,0.01407
M042,2025-05-24 13:00:00,185.832,473.408,101.082,46.695,0.0062
M042,2025-05-24 14:00:00,175.338,417.543,79.961,46.557,0.0062
M042,2025-05-24 15:00:00,180.228,409.867,83.458,43.294,0.0062
M042,2025-05-24 16:00:00,186.645,451.79,94.471,40.608,0.0062
M042,2025-05-24 17:00:00,183.3,456.583,92.911,48.649,0.0062
M042,2025-05-24 18:00:00,174.182,418.959,83.471,45.739,0.0062
M042,2025-05-24 19:00:00,177.837,425.486,81.784,50.311,0.0062
M042,2025-05-24 20:00:00,169.439,422.706,93.113,52.928,0.0062
M042,2025-05-24 21:00:00,175.996,448.827,85.698,52.636,0.0062
M042,2025-05-24 22:00:00,189.874,481.528,96.592,49.107,0.0062
M042,2025-05-24 23:00:00,187.613,429.31,100.937,55.355,0.0062
M042,2025-05-25 00:00:00,169.745,443.78,90.364,49.534,0.0062
M042,2025-05-25 01:00:00,176.931,413.789,90.519,49.985,0.01633
M042,2025-05-25 02:00:00,172.5,358.624,99.109,48.963,0.02703
M042,2025-05-25 03:00:00,172.761,414.397,79.679,44.498,0.01407
M042,2025-05-25 04:00:00,161.881,448.219,87.04,43.064,0.01407
M042,2025-05-25 05:00:00,172.268,456.355,99.622,50.429,0.0062
M042,2025-05-25 06:00:00,181.895,455.043,103.428,51.928,0.0062
M042,2025-05-25 07:00:00,176.963,535.702,92.006,50.595,0.01407
M042,2025-05-25 08:00:00,181.753,547.258,94.128,58.88,0.02703
M042,2025-05-25 09:00:00,184.307,530.172,102.998,59.91,0.01653
M042,2025-05-25 10:00:00,178.197,446.907,113.248,54.292,0.01653
M042,2025-05-25 11:00:00,177.55,524.455,108.406,54.154,0.02703
M042,2025-05-25 12:00:00,190.909,550.35,95.932,46.474,0.01633
M042,2025-05-25 13:00:00,176.076,527.406,105.297,47.774,0.01407
M042,2025-05-25 14:00:00,181.97,543.205,99.499,43.896,0.0062
M042,2025-05-25 15:00:00,170.73,511.505,99.956,44.153,0.0062
M042,2025-05-25 16:00:00,165.541,488.665,98.117,45.325,0.0062
M042,2025-05-25 17:00:00,168.576,519.21,95.078,50.145,0.0062
M042,2025-05-25 18:00:00,159.405,476.988,96.55,56.141,0.01633
M042,2025-05-25 19:00:00,157.682,514.953,104.387,48.395,0.01407
M042,2025-05-25 20:00:00,159.655,480.912,95.597,41.763,0.0062
M042,2025-05-25 21:00:00,180.077,443.616,86.889,51.568,0.01407
M042,2025-05-25 22:00:00,182.11,519.497,100.142,46.677,0.01407
M042,2025-05-25 23:00:00,179.669,432.174,97.237,49.522,0.01653
M042,2025-05-26 00:00:00,194.402,501.86,105.762,48.227,0.0062
M042,2025-05-26 01:00:00,187.437,497.458,107.18,53.655,0.0062
M042,2025-05-26 02:00:00,189.961,384.914,92.993,62.038,0.01633
M042,2025-05-26 03:00:00,181.594,383.107,98.285,57.892,0.01407
M042,2025-05-26 04:00:00,173.704,424.012,98.575,56.676,0.01407
M042,2025-05-26 05:00:00,182.465,551.525,105.167,54.38,0.01407
M042,2025-05-26 06:00:00,181.515,581.809,105.36,46.662,0.0062
M042,2025-05-26 07:00:00,176.012,557.858,102.785,52.867,0.0062
M042,2025-05-26 08:00:00,172.767,500.571,110.809,45.134,0.0062
M042,2025-05-26 09:00:00,181.851,446.157,94.478,46.663,0.0062
M042,2025-05-26 10:00:00,187.89,427.021,99.883,48.601,0.0062
M042,2025-05-26 11:00:00,174.587,449.397,103.93,45.557,0.0062
M042,2025-05-26 12:00:00,173.124,420.198,96.624,50.765,0.0062
M042,2025-05-26 13:00:00,172.817,377.043,94.033,47.827,0.01633
M042,2025-05-26 14:00:00,160.683,470.063,84.45,49.88,0.01653
M042,2025-05-26 15:00:00,169.36,486.906,82.286,59.235,0.08333
M042,2025-05-26 16:00:00,170.644,402.062,99.216,52.658,0.08333
M042,2025-05-26 17:00:00,168.627,401.733,121.19,52.716,0.08333
M042,2025-05-26 18:00:00,170.727,407.332,116.552,49.457,0.08333
M042,2025-05-26 19:00:00,164.816,320.248,115.672,43.375,0.02703
M042,2025-05-26 20:00:00,162.194,368.625,101.718,46.137,0.01633
M042,2025-05-26 21:00:00,161.325,353.369,91.713,51.551,0.01407
M042,2025-05-26 22:00:00,166.707,318.018,77.134,48.287,0.01407
M042,2025-05-26 23:00:00,180.126,379.941,83.625,51.585,0.01633
M042,2025-05-27 00:00:00,182.976,377.039,88.073,48.341,0.01633
M042,2025-05-27 01:00:00,183.692,428.486,90.282,52.629,0.01633
M042,2025-05-27 02:00:00,183.244,369.888,101.478,51.766,0.01633
M042,2025-05-27 03:00:00,187.456,496.343,119.313,54.42,0.02703
M042,2025-05-27 04:00:00,178.5,495.53,110.246,42.706,0.01653
M042,2025-05-27 05:00:00,185.781,451.862,102.951,47.638,0.01633
M042,2025-05-27 06:00:00,179.3,496.139,105.629,53.764,0.01407
M042,2025-05-27 07:00:00,175.089,507.15,112.172,48.95,0.01653
M042,2025-05-27 08:00:00,167.228,475.019,90.225,45.748,0.01653
M042,2025-05-27 09:00:00,169.285,424.655,101.373,47.852,0.0062
M042,2025-05-27 10:00:00,170.641,395.423,98.539,44.718,0.0062
M042,2025-05-27 11:00:00,181.68,389.716,110.692,46.294,0.01407
M042,2025-05-27 12:00:00,178.804,417.897,95.174,46.94,0.01407
M042,2025-05-27 13:00:00,174.118,348.259,98.423,42.435,0.01407
M042,2025-05-27 14:00:00,164.241,433.158,76.814,36.093,0.0062
M042,2025-05-27 15:00:00,170.036,479.417,87.0,39.941,0.0062
M042,2025-05-27 16:00:00,173.586,526.732,91.613,41.39,0.0062
M042,2025-05-27 17:00:00,177.408,472.073,96.31,39.742,0.0062
M042,2025-05-27 18:00:00,184.906,490.792,87.659,39.017,0.0062
M042,2025-05-27 19:00:00,182.632,423.773,78.219,44.326,0.0062
M042,2025-05-27 20:00:00,179.984,376.714,72.404,45.127,0.0062
M042,2025-05-27 21:00:00,184.284,411.46,78.677,45.12,0.0062
M042,2025-05-27 22:00:00,190.784,443.878,84.254,46.156,0.0062
M042,2025-05-27 23:00:00,191.261,476.442,96.148,44.938,0.0062
M042,2025-05-28 00:00:00,186.011,420.05,103.113,41.79,0.0062
M042,2025-05-28 01:00:00,182.548,378.443,114.602,40.971,0.0062
M042,2025-05-28 02:00:00,176.672,450.438,96.678,45.95,0.0062
M042,2025-05-28 03:00:00,172.244,500.873,107.11,54.91,0.0062
M042,2025-05-28 04:00:00,176.638,506.92,95.291,43.018,0.0062
M042,2025-05-28 05:00:00,168.514,464.275,94.493,48.332,0.0062
M042,2025-05-28 06:00:00,172.485,545.816,101.178,46.299,0.0062
M042,2025-05-28 07:00:00,178.331,475.737,108.051,46.914,0.0062
M042,2025-05-28 08:00:00,177.507,447.811,91.046,50.251,0.0062
M042,2025-05-28 09:00:00,187.182,428.686,107.38,54.309,0.0062
M042,2025-05-28 10:00:00,188.054,496.31,108.112,55.887,0.0062
M042,2025-05-28 11:00:00,192.174,460.093,104.647,40.375,0.0062
M042,2025-05-28 12:00:00,189.772,484.623,111.084,43.683,0.0062
M042,2025-05-28 13:00:00,189.31,436.693,98.521,51.21,0.0062
M042,2025-05-28 14:00:00,178.483,405.663,104.226,46.132,0.0062
M042,2025-05-28 15:00:00,176.855,467.35,108.572,45.077,0.0062
M042,2025-05-28 16:00:00,177.088,448.283,109.739,41.88,0.0062
M042,2025-05-28 17:00:00,180.972,498.919,96.72,44.236,0.0062
M042,2025-05-28 18:00:00,172.584,418.889,102.794,46.745,0.0062
M042,2025-05-28 19:00:00,172.993,414.798,87.779,44.591,0.0062
M042,2025-05-28 20:00:00,172.127,385.288,98.039,42.269,0.0062
M042,2025-05-28 21:00:00,168.0,449.047,107.831,44.171,0.0062
M042,2025-05-28 22:00:00,173.13,455.761,113.017,44.92,0.0062
M042,2025-05-28 23:00:00,188.751,475.87,107.19,40.218,0.0062
M042,2025-05-29 00:00:00,176.497,479.699,100.414,45.161,0.0062
M042,2025-05-29 01:00:00,174.113,435.167,105.369,40.209,0.0062
M042,2025-05-29 02:00:00,175.732,431.498,123.27,38.311,0.0062
M042,2025-05-29 03:00:00,169.198,450.5,118.457,48.112,0.0062
M042,2025-05-29 04:00:00,169.54,453.252,109.747,45.009,0.0062
M042,2025-05-29 05:00:00,175.361,435.413,98.715,48.496,0.0062
M042,2025-05-29 06:00:00,173.856,420.824,107.502,53.066,0.0062
M042,2025-05-29 07:00:00,175.894,361.418,117.351,56.092,0.0062
M042,2025-05-29 08:00:00,176.111,362.143,115.447,53.95,0.0062
M042,2025-05-29 09:00:00,173.885,395.693,109.177,50.211,0.0062
M042,2025-05-29 10:00:00,176.564,415.394,104.47,45.175,0.0062
M042,2025-05-29 11:00:00,178.995,430.49,111.71,48.052,0.01407
M042,2025-05-29 12:00:00,175.053,392.799,108.822,43.609,0.01407
M042,2025-05-29 13:00:00,170.423,423.56,100.219,37.044,0.0062
M042,2025-05-29 14:00:00,173.837,406.799,97.729,46.87,0.0062
M042,2025-05-29 15:00:00,167.379,491.859,97.618,47.815,0.0062
M042,2025-05-29 16:00:00,177.26,418.541,106.253,49.741,0.0062
M042,2025-05-29 17:00:00,183.587,436.275,92.911,44.223,0.0062
M042,2025-05-29 18:00:00,176.399,409.718,104.251,48.744,0.0062
M042,2025-05-29 19:00:00,181.434,410.313,106.852,44.901,0.0062
M042,2025-05-29 20:00:00,173.401,488.204,95.401,42.803,0.0062
M042,2025-05-29 21:00:00,181.697,458.496,105.95,45.341,0.0062
M042,2025-05-29 22:00:00,165.475,464.21,115.803,49.045,0.0062
M042,2025-05-29 23:00:00,169.88,429.687,113.677,48.891,0.0062
M042,2025-05-30 00:00:00,166.973,460.735,128.261,47.921,0.0062
M042,2025-05-30 01:00:00,171.463,419.843,116.037,44.562,0.0062
M042,2025-05-30 02:00:00,166.912,403.681,117.025,50.525,0.0062
M042,2025-05-30 03:00:00,177.502,399.592,107.355,50.071,0.0062
M042,2025-05-30 04:00:00,175.551,408.786,104.089,44.921,0.0062
M042,2025-05-30 05:00:00,171.946,404.164,99.325,39.941,0.0062
M042,2025-05-30 06:00:00,168.41,417.806,109.966,47.852,0.0062
M042,2025-05-30 07:00:00,173.701,455.513,106.236,43.536,0.0062
M042,2025-05-30 08:00:00,177.169,487.633,110.22,42.185,0.0062
M042,2025-05-30 09:00:00,164.352,441.046,112.242,41.98,0.0062
M042,2025-05-30 10:00:00,164.469,456.026,111.188,47.897,0.0062
M042,2025-05-30 11:00:00,166.917,513.838,106.275,47.26,0.0062
M042,2025-05-30 12:00:00,169.195,443.144,111.152,40.766,0.0062
M042,2025-05-30 13:00:00,169.573,437.998,114.249,42.084,0.0062
M042,2025-05-30 14:00:00,174.331,442.916,112.591,47.032,0.0062
M042,2025-05-30 15:00:00,176.931,495.977,111.501,49.13,0.0062
M042,2025-05-30 16:00:00,171.495,462.69,115.61,52.977,0.0062
M042,2025-05-30 17:00:00,182.106,381.082,110.034,51.165,0.0062
M042,2025-05-30 18:00:00,180.438,439.523,131.889,53.682,0.0062
M042,2025-05-30 19:00:00,191.926,428.546,136.244,48.864,0.0062
M042,2025-05-30 20:00:00,187.117,444.747,119.263,47.566,0.0062
M042,2025-05-30 21:00:00,174.473,508.133,109.549,52.024,0.0062
M042,2025-05-30 22:00:00,167.427,589.967,100.326,50.567,0.0062
M042,2025-05-30 23:00:00,176.82,501.464,100.039,55.631,0.0062
M043,2025-05-24 00:00:00,179.685,435.977,101.929,43.899,0.0062
M043,2025-05-24 01:00:00,180.496,464.077,101.963,47.133,0.0062
M043,2025-05-24 02:00:00,190.361,440.457,101.122,55.373,0.0062
M043,2025-05-24 03:00:00,193.325,433.237,101.857,52.232,0.0062
M043,2025-05-24 04:00:00,188.914,424.119,100.11,47.798,0.0062
M043,2025-05-24 05:00:00,184.351,399.932,88.806,38.066,0.0062
M043,2025-05-24 06:00:00,180.521,403.217,81.157,50.091,0.0062
M043,2025-05-24 07:00:00,189.262,402.833,83.581,50.917,0.0062
M043,2025-05-24 08:00:00,185.747,417.767,81.79,49.665,0.0062
M043,2025-05-24 09:00:00,187.735,354.861,82.23,51.211,0.0062
M043,2025-05-24 10:00:00,198.321,390.539,94.637,48.293,0.0062
M043,2025-05-24 11:00:00,185.137,372.779,105.426,49.166,0.0062
M043,2025-05-24 12:00:00,174.163,385.14,107.119,49.215,0.0062
M043,2025-05-24 13:00:00,190.513,386.971,111.077,44.012,0.0062
M043,2025-05-24 14:00:00,178.287,402.995,100.841,45.593,0.0062
M043,2025-05-24 15:00:00,182.763,405.159,112.338,47.45,0.0062
M043,2025-05-24 16:00:00,197.164,353.249,119.312,55.359,0.0062
M043,2025-05-24 17:00:00,190.993,380.58,110.962,55.047,0.0062
M043,2025-05-24 18:00:00,188.725,343.989,105.716,59.109,0.0062
M043,2025-05-24 19:00:00,198.545,342.205,104.591,54.322,0.01407
M043,2025-05-24 20:00:00,195.688,369.416,105.866,56.688,0.01407
M043,2025-05-24 21:00:00,200.554,370.382,92.065,49.499,0.0062
M043,2025-05-24 22:00:00,184.193,402.211,93.736,49.006,0.0062
M043,2025-05-24 23:00:00,184.521,461.931,103.316,50.703,0.0062
M043,2025-05-25 00:00:00,178.866,474.795,109.273,43.112,0.0062
M043,2025-05-25 01:00:00,180.764,462.187,112.685,55.821,0.0062
M043,2025-05-25 02:00:00,172.239,407.652,97.968,51.84,0.0062
M043,2025-05-25 03:00:00,177.121,401.006,76.417,50.467,0.0062
M043,2025-05-25 04:00:00,182.761,441.996,82.053,51.67,0.0062
M043,2025-05-25 05:00:00,182.978,445.326,87.667,45.535,0.0062
M043,2025-05-25 06:00:00,193.941,436.429,93.138,48.862,0.0062
M043,2025-05-25 07:00:00,202.232,471.242,89.651,45.954,0.0062
M043,2025-05-25 08:00:00,195.944,487.301,89.805,46.36,0.0062
M043,2025-05-25 09:00:00,195.707,479.351,95.761,46.299,0.0062
M043,2025-05-25 10:00:00,186.446,462.662,105.52,44.251,0.0062
M043,2025-05-25 11:00:00,178.994,378.681,109.971,51.822,0.0062
M043,2025-05-25 12:00:00,185.14,442.105,115.852,48.233,0.0062
M043,2025-05-25 13:00:00,186.044,500.917,100.256,43.443,0.0062
M043,2025-05-25 14:00:00,190.876,484.229,102.753,50.803,0.0062
M043,2025-05-25 15:00:00,192.745,464.753,108.612,51.936,0.0062
M043,2025-05-25 16:00:00,195.891,455.315,92.039,51.506,0.0062
M043,2025-05-25 17:00:00,186.789,461.694,111.257,49.751,0.0062
M043,2025-05-25 18:00:00,186.616,496.587,113.344,52.73,0.0062
M043,2025-05-25 19:00:00,185.735,468.486,105.358,56.322,0.0062
M043,2025-05-25 20:00:00,189.697,412.471,102.124,49.272,0.0062
M043,2025-05-25 21:00:00,197.987,472.645,114.066,50.839,0.0062
M043,2025-05-25 22:00:00,192.44,387.69,127.616,53.025,0.0062
M043,2025-05-25 23:00:00,198.216,426.346,119.209,52.039,0.0062
M043,2025-05-26 00:00:00,190.718,442.336,123.648,49.687,0.0062
M043,2025-05-26 01:00:00,184.645,453.671,124.686,59.24,0.0062
M043,2025-05-26 02:00:00,184.497,422.586,106.724,57.283,0.0062
M043,2025-05-26 03:00:00,182.805,363.257,109.881,57.129,0.0062
M043,2025-05-26 04:00:00,184.409,352.552,115.958,56.583,0.0062
M043,2025-05-26 05:00:00,177.919,386.979,119.447,52.673,0.0062
M043,2025-05-26 06:00:00,186.8,432.994,118.767,48.911,0.0062
M043,2025-05-26 07:00:00,191.257,409.935,114.183,56.178,0.0062
M043,2025-05-26 08:00:00,204.988,465.825,114.07,61.271,0.0062
M043,2025-05-26 09:00:00,189.957,454.842,125.425,60.261,0.0062
M043,2025-05-26 10:00:00,190.109,405.394,109.595,56.76,0.0062
M043,2025-05-26 11:00:00,194.798,423.743,84.982,51.496,0.0062
M043,2025-05-26 12:00:00,193.323,443.953,92.596,48.86,0.0062
M043,2025-05-26 13:00:00,192.048,472.997,91.981,52.904,0.0062
M043,2025-05-26 14:00:00,191.468,440.027,91.001,53.235,0.0062
M043,2025-05-26 15:00:00,197.566,373.723,101.577,58.457,0.0062
M043,2025-05-26 16:00:00,195.739,279.478,106.109,54.434,0.0062
M043,2025-05-26 17:00:00,182.535,323.252,107.492,62.161,0.02703
M043,2025-05-26 18:00:00,194.378,339.803,101.919,59.995,0.02703
M043,2025-05-26 19:00:00,187.69,419.396,123.282,52.239,0.08333
M043,2025-05-26 20:00:00,186.649,398.226,119.82,52.673,0.01633
M043,2025-05-26 21:00:00,192.507,339.97,130.129,47.563,0.01407
M043,2025-05-26 22:00:00,193.764,406.756,133.894,44.256,0.0062
M043,2025-05-26 23:00:00,194.667,377.416,127.405,53.392,0.01407
M043,2025-05-27 00:00:00,187.262,437.11,114.617,61.471,0.08333
M043,2025-05-27 01:00:00,181.35,410.212,107.074,57.477,0.33333
M043,2025-05-27 02:00:00,185.623,363.981,106.332,60.87,0.84844
M043,2025-05-27 03:00:00,184.519,310.344,103.404,52.283,0.0062
M043,2025-05-27 04:00:00,178.375,449.877,93.686,43.176,0.0
M043,2025-05-27 05:00:00,177.903,424.925,101.967,51.753,0.0
M043,2025-05-27 06:00:00,187.497,348.405,96.326,52.184,0.0
M043,2025-05-27 07:00:00,194.136,315.575,100.663,41.345,0.0
M043,2025-05-27 08:00:00,193.695,387.862,95.285,48.148,0.0
M043,2025-05-27 09:00:00,188.574,346.032,97.375,49.323,0.0
M043,2025-05-27 10:00:00,188.462,365.075,109.806,56.282,0.0
M043,2025-05-27 11:00:00,191.346,321.962,95.089,50.836,0.0
M043,2025-05-27 12:00:00,187.749,339.508,95.177,54.89,0.0
M043,2025-05-27 13:00:00,194.951,385.3,94.381,45.312,0.0
M043,2025-05-27 14:00:00,188.636,363.805,90.37,49.798,0.0
M043,2025-05-27 15:00:00,182.161,287.981,101.66,46.493,0.0
M043,2025-05-27 16:00:00,187.013,358.416,92.953,46.102,0.0
M043,2025-05-27 17:00:00,180.998,378.457,109.908,50.806,0.0
M043,2025-05-27 18:00:00,183.667,397.474,126.759,55.682,0.0
M043,2025-05-27 19:00:00,179.284,408.262,122.045,49.56,0.0
M043,2025-05-27 20:00:00,184.784,363.364,121.14,44.882,0.0
M043,2025-05-27 21:00:00,183.377,401.312,93.707,48.086,0.0
M043,2025-05-27 22:00:00,180.461,365.399,99.676,51.972,0.0
M043,2025-05-27 23:00:00,183.273,377.76,119.412,52.934,0.0
M043,2025-05-28 00:00:00,188.063,462.501,105.593,41.439,0.0
M043,2025-05-28 01:00:00,182.385,388.505,103.836,44.609,0.0
M043,2025-05-28 02:00:00,186.842,419.283,104.456,43.361,0.0
M043,2025-05-28 03:00:00,176.319,440.719,124.714,39.982,0.0
M043,2025-05-28 04:00:00,177.296,438.173,114.093,49.295,0.0
M043,2025-05-28 05:00:00,186.438,396.513,115.275,50.158,0.0
M043,2025-05-28 06:00:00,179.37,363.298,97.715,49.977,0.0
M043,2025-05-28 07:00:00,194.264,404.878,97.613,47.027,0.0
M043,2025-05-28 08:00:00,185.658,366.536,99.852,46.713,0.0
M043,2025-05-28 09:00:00,191.577,293.549,97.265,49.211,0.0
M043,2025-05-28 10:00:00,186.636,382.153,94.149,50.085,0.0
M043,2025-05-28 11:00:00,185.287,405.436,91.81,52.704,0.0
M043,2025-05-28 12:00:00,194.768,348.576,101.994,48.816,0.0
M043,2025-05-28 13:00:00,199.172,405.792,88.369,51.599,0.0
M043,2025-05-28 14:00:00,204.21,410.782,99.003,53.688,0.0
M043,2025-05-28 15:00:00,192.59,448.238,103.536,54.203,0.0
M043,2025-05-28 16:00:00,191.42,463.494,107.018,48.88,0.0
M043,2025-05-28 17:00:00,203.152,415.739,115.202,46.438,0.0
M043,2025-05-28 18:00:00,191.099,390.707,113.347,48.964,0.0
M043,2025-05-28 19:00:00,184.587,359.259,105.729,50.903,0.00505
M043,2025-05-28 20:00:00,174.198,416.447,105.559,48.445,0.0062
M043,2025-05-28 21:00:00,179.514,400.495,108.529,49.107,0.0062
M043,2025-05-28 22:00:00,178.787,413.228,103.84,45.465,0.0
M043,2025-05-28 23:00:00,189.433,478.2,108.93,48.773,0.0
M043,2025-05-29 00:00:00,187.819,431.657,110.584,44.861,0.0
M043,2025-05-29 01:00:00,194.278,436.152,115.818,47.605,0.0
M043,2025-05-29 02:00:00,178.207,443.274,104.675,44.52,0.0
M043,2025-05-29 03:00:00,181.225,511.345,104.079,43.485,0.0
M043,2025-05-29 04:00:00,179.649,478.087,106.069,42.407,0.0
M043,2025-05-29 05:00:00,182.727,390.391,105.874,48.158,0.0
M043,2025-05-29 06:00:00,180.195,360.284,108.259,52.908,0.0
M043,2025-05-29 07:00:00,185.322,449.975,114.585,54.753,0.0062
M043,2025-05-29 08:00:00,190.137,424.664,107.724,60.147,0.0062
M043,2025-05-29 09:00:00,188.906,462.945,105.826,58.92,0.0062
M043,2025-05-29 10:00:00,185.212,479.223,111.287,47.721,0.0062
M043,2025-05-29 11:00:00,184.077,427.837,111.484,47.807,0.00505
M043,2025-05-29 12:00:00,193.164,530.319,114.945,46.587,0.0
M043,2025-05-29 13:00:00,179.941,428.225,111.149,45.268,0.0
M043,2025-05-29 14:00:00,185.136,345.844,102.606,44.04,0.0
M043,2025-05-29 15:00:00,188.419,384.661,107.782,53.684,0.0062
M043,2025-05-29 16:00:00,191.581,474.514,116.217,50.585,0.0062
M043,2025-05-29 17:00:00,196.885,419.035,107.231,51.891,0.0062
M043,2025-05-29 18:00:00,189.026,379.237,106.215,45.46,0.0062
M043,2025-05-29 19:00:00,190.457,366.53,107.77,46.554,0.0062
M043,2025-05-29 20:00:00,183.368,344.563,118.981,46.412,0.0062
M043,2025-05-29 21:00:00,184.664,375.85,104.278,47.998,0.0062
M043,2025-05-29 22:00:00,177.195,401.986,110.374,43.185,0.0062
M043,2025-05-29 23:00:00,168.571,424.973,107.914,40.233,0.0062
M043,2025-05-30 00:00:00,171.224,457.793,106.928,51.662,0.00505
M043,2025-05-30 01:00:00,175.924,399.759,108.554,46.787,0.0062
M043,2025-05-30 02:00:00,177.393,342.068,111.768,43.278,0.0062
M043,2025-05-30 03:00:00,181.829,407.781,128.421,52.244,0.0062
M043,2025-05-30 04:00:00,184.866,418.783,106.96,52.665,0.0062
M043,2025-05-30 05:00:00,186.99,470.211,124.872,47.273,0.0062
M043,2025-05-30 06:00:00,191.668,474.023,126.429,41.297,0.0062
M043,2025-05-30 07:00:00,187.927,421.319,111.628,42.273,0.0062
M043,2025-05-30 08:00:00,180.257,514.559,111.843,40.74,0.0062
M043,2025-05-30 09:00:00,179.466,476.029,98.011,44.28,0.0062
M043,2025-05-30 10:00:00,179.103,477.121,105.303,44.153,0.0062
M043,2025-05-30 11:00:00,186.138,450.554,87.915,47.461,0.0062
M043,2025-05-30 12:00:00,197.544,427.574,92.827,47.933,0.0062
M043,2025-05-30 13:00:00,193.72,369.323,90.966,51.24,0.0062
M043,2025-05-30 14:00:00,192.696,373.474,97.55,59.575,0.0062
M043,2025-05-30 15:00:00,196.385,447.796,87.55,54.872,0.0062
M043,2025-05-30 16:00:00,194.52,407.654,88.91,50.749,0.0062
M043,2025-05-30 17:00:00,186.339,389.784,95.857,47.257,0.0062
M043,2025-05-30 18:00:00,195.167,385.621,96.197,44.947,0.0062
M043,2025-05-30 19:00:00,187.832,451.246,106.05,44.408,0.0062
M043,2025-05-30 20:00:00,186.252,468.836,117.678,39.009,0.0062
M043,2025-05-30 21:00:00,184.553,502.155,115.407,39.475,0.0062
M043,2025-05-30 22:00:00,187.84,366.341,122.289,42.914,0.0062
M043,2025-05-30 23:00:00,190.569,403.219,101.963,43.972,0.0062
M044,2025-05-24 00:00:00,176.738,421.886,104.233,43.105,0.0
M044,2025-05-24 01:00:00,182.37,387.207,106.789,49.111,0.0062
M044,2025-05-24 02:00:00,186.071,387.583,110.373,49.833,0.0062
M044,2025-05-24 03:00:00,175.806,397.475,97.389,43.663,0.0062
M044,2025-05-24 04:00:00,165.265,374.428,109.21,31.356,0.0
M044,2025-05-24 05:00:00,153.664,308.392,97.879,32.672,0.0
M044,2025-05-24 06:00:00,153.476,337.955,90.941,29.878,0.0
M044,2025-05-24 07:00:00,163.252,388.226,105.18,29.566,0.0062
M044,2025-05-24 08:00:00,162.629,371.19,101.061,32.936,0.0
M044,2025-05-24 09:00:00,167.912,332.656,88.63,35.265,0.0
M044,2025-05-24 10:00:00,162.58,446.381,104.757,39.567,0.0
M044,2025-05-24 11:00:00,161.174,372.247,98.454,44.553,0.00505
M044,2025-05-24 12:00:00,171.175,374.326,100.227,48.225,0.0062
M044,2025-05-24 13:00:00,169.967,390.502,105.091,50.334,0.0062
M044,2025-05-24 14:00:00,177.669,468.857,112.98,50.436,0.0062
M044,2025-05-24 15:00:00,168.393,420.411,99.608,52.76,0.0062
M044,2025-05-24 16:00:00,167.146,435.39,90.244,43.812,0.0062
M044,2025-05-24 17:00:00,162.829,430.205,97.703,44.658,0.0062
M044,2025-05-24 18:00:00,167.895,402.07,94.583,36.873,0.0062
M044,2025-05-24 19:00:00,182.09,401.686,90.685,39.778,0.0062
M044,2025-05-24 20:00:00,176.869,453.884,79.417,39.247,0.0062
M044,2025-05-24 21:00:00,168.227,417.634,80.484,45.766,0.0062
M044,2025-05-24 22:00:00,175.49,397.972,103.252,43.05,0.0062
M044,2025-05-24 23:00:00,175.414,430.838,110.324,38.047,0.0062
M044,2025-05-25 00:00:00,169.913,438.044,109.218,43.447,0.0062
M044,2025-05-25 01:00:00,172.74,467.22,103.073,43.725,0.0062
M044,2025-05-25 02:00:00,177.617,415.416,101.364,45.618,0.0062
M044,2025-05-25 03:00:00,177.832,479.128,101.836,47.446,0.0062
M044,2025-05-25 04:00:00,163.296,442.856,96.096,52.224,0.0062
M044,2025-05-25 05:00:00,160.563,331.598,88.794,45.221,0.0062
M044,2025-05-25 06:00:00,159.695,344.699,98.619,41.866,0.0062
M044,2025-05-25 07:00:00,173.303,422.691,94.821,42.531,0.0062
M044,2025-05-25 08:00:00,169.037,422.15,98.453,46.679,0.0062
M044,2025-05-25 09:00:00,172.454,435.45,104.306,41.741,0.0062
M044,2025-05-25 10:00:00,171.176,476.487,90.043,43.862,0.0062
M044,2025-05-25 11:00:00,170.206,458.902,83.158,42.44,0.0062
M044,2025-05-25 12:00:00,173.686,380.41,97.446,31.124,0.0062
M044,2025-05-25 13:00:00,168.805,459.555,97.094,37.377,0.0062
M044,2025-05-25 14:00:00,167.93,455.015,103.883,45.881,0.0062
M044,2025-05-25 15:00:00,170.739,482.187,100.25,47.412,0.0062
M044,2025-05-25 16:00:00,178.696,394.065,101.771,48.752,0.01407
M044,2025-05-25 17:00:00,177.211,452.469,97.565,50.274,0.01407
M044,2025-05-25 18:00:00,178.948,444.818,82.007,47.76,0.01407
M044,2025-05-25 19:00:00,181.151,417.254,97.315,55.634,0.01633
M044,2025-05-25 20:00:00,178.198,416.656,91.396,48.777,0.01633
M044,2025-05-25 21:00:00,188.803,402.571,105.041,48.084,0.01633
M044,2025-05-25 22:00:00,192.352,431.072,111.891,44.799,0.01653
M044,2025-05-25 23:00:00,183.82,463.594,107.898,53.083,0.01653
M044,2025-05-26 00:00:00,170.402,468.422,106.709,53.823,0.02703
M044,2025-05-26 01:00:00,183.073,459.632,95.611,47.434,0.01633
M044,2025-05-26 02:00:00,173.616,458.567,101.022,53.625,0.01653
M044,2025-05-26 03:00:00,165.938,408.518,88.583,45.633,0.01407
M044,2025-05-26 04:00:00,174.355,481.116,91.409,45.184,0.0062
M044,2025-05-26 05:00:00,184.98,497.818,90.014,50.378,0.0062
M044,2025-05-26 06:00:00,169.33,529.147,100.126,45.077,0.0062
M044,2025-05-26 07:00:00,170.225,473.663,99.403,40.035,0.0062
M044,2025-05-26 08:00:00,167.639,395.483,109.433,47.111,0.0062
M044,2025-05-26 09:00:00,174.804,409.939,98.612,54.4,0.01407
M044,2025-05-26 10:00:00,177.316,413.319,82.722,53.328,0.01429
M044,2025-05-26 11:00:00,180.335,392.411,92.497,48.08,0.01633
M044,2025-05-26 12:00:00,181.722,385.389,79.914,47.086,0.01407
M044,2025-05-26 13:00:00,179.642,413.216,93.207,42.61,0.0062
M044,2025-05-26 14:00:00,183.666,417.29,115.546,39.171,0.0062
M044,2025-05-26 15:00:00,179.504,462.598,115.719,41.711,0.0062
M044,2025-05-26 16:00:00,183.712,505.614,87.585,40.099,0.0062
M044,2025-05-26 17:00:00,174.16,492.324,91.765,41.132,0.0062
M044,2025-05-26 18:00:00,179.047,352.585,90.082,37.106,0.0062
M044,2025-05-26 19:00:00,174.891,376.595,87.705,39.15,0.0062
M044,2025-05-26 20:00:00,180.163,352.797,99.081,45.413,0.0062
M044,2025-05-26 21:00:00,179.149,368.346,86.943,49.403,0.0062
M044,2025-05-26 22:00:00,178.507,386.33,83.193,52.749,0.01407
M044,2025-05-26 23:00:00,179.342,467.719,93.826,51.254,0.0062
M044,2025-05-27 00:00:00,175.235,494.357,94.156,50.579,0.01407
M044,2025-05-27 01:00:00,167.27,411.88,88.007,48.214,0.01407
M044,2025-05-27 02:00:00,171.816,461.351,99.913,50.321,0.0062
M044,2025-05-27 03:00:00,174.301,373.94,113.563,51.148,0.01407
M044,2025-05-27 04:00:00,171.571,389.523,103.51,53.71,0.01407
M044,2025-05-27 05:00:00,165.035,358.408,83.137,50.877,0.08333
M044,2025-05-27 06:00:00,172.7,385.179,99.56,44.553,0.08333
M044,2025-05-27 07:00:00,173.851,441.239,113.189,50.631,0.08333
M044,2025-05-27 08:00:00,159.761,423.846,111.598,42.471,0.08333
M044,2025-05-27 09:00:00,160.001,380.926,109.746,39.318,0.02703
M044,2025-05-27 10:00:00,168.034,301.075,98.815,38.251,0.01407
M044,2025-05-27 11:00:00,163.716,338.779,85.818,40.636,0.01407
M044,2025-05-27 12:00:00,161.212,319.318,93.472,43.729,0.01407
M044,2025-05-27 13:00:00,172.508,346.06,101.863,48.403,0.02703
M044,2025-05-27 14:00:00,174.403,323.28,95.35,39.131,0.02703
M044,2025-05-27 15:00:00,165.903,330.803,93.773,45.289,0.01653
M044,2025-05-27 16:00:00,160.745,370.037,87.468,38.14,0.01407
M044,2025-05-27 17:00:00,159.69,459.111,88.282,38.172,0.0062
M044,2025-05-27 18:00:00,165.741,381.908,87.919,50.602,0.0062
M044,2025-05-27 19:00:00,185.736,359.305,90.625,47.639,0.01407
M044,2025-05-27 20:00:00,192.923,321.818,90.816,46.982,0.01653
M044,2025-05-27 21:00:00,184.019,348.752,93.673,48.434,0.29091
M044,2025-05-27 22:00:00,173.121,372.003,91.219,44.681,0.29091
M044,2025-05-27 23:00:00,174.852,434.433,87.137,42.479,0.29091
M044,2025-05-28 00:00:00,160.996,401.018,86.285,42.073,0.08333
M044,2025-05-28 01:00:00,165.817,419.214,87.387,40.247,0.02703
M044,2025-05-28 02:00:00,169.973,463.679,93.339,34.385,0.01407
M044,2025-05-28 03:00:00,171.962,427.414,92.206,39.612,0.01407
M044,2025-05-28 04:00:00,170.429,430.583,84.472,32.697,0.0062
M044,2025-05-28 05:00:00,165.813,503.49,88.968,39.859,0.0062
M044,2025-05-28 06:00:00,176.356,465.992,100.476,40.634,0.0062
M044,2025-05-28 07:00:00,175.313,481.214,88.482,46.726,0.01407
M044,2025-05-28 08:00:00,179.524,416.867,95.05,52.145,0.01407
M044,2025-05-28 09:00:00,179.94,497.151,86.341,43.916,0.01407
M044,2025-05-28 10:00:00,182.775,433.384,91.086,48.11,0.01407
M044,2025-05-28 11:00:00,181.4,375.877,79.391,41.839,0.0062
M044,2025-05-28 12:00:00,182.929,276.585,82.202,42.151,0.0062
M044,2025-05-28 13:00:00,163.392,275.617,88.328,36.313,0.0062
M044,2025-05-28 14:00:00,165.7,339.974,93.394,31.424,0.0062
M044,2025-05-28 15:00:00,170.366,369.659,94.696,35.851,0.0062
M044,2025-05-28 16:00:00,166.827,353.62,83.957,36.341,0.0062
M044,2025-05-28 17:00:00,176.379,439.027,87.594,40.543,0.0062
M044,2025-05-28 18:00:00,188.222,425.593,92.681,44.648,0.0062
M044,2025-05-28 19:00:00,194.399,474.031,82.597,43.705,0.0062
M044,2025-05-28 20:00:00,201.054,412.889,102.827,49.195,0.0062
M044,2025-05-28 21:00:00,187.421,378.781,102.322,43.509,0.0062
M044,2025-05-28 22:00:00,175.627,379.23,90.594,38.7,0.0062
M044,2025-05-28 23:00:00,169.728,382.318,92.251,40.134,0.0062
M044,2025-05-29 00:00:00,164.072,363.317,88.177,44.096,0.0062
M044,2025-05-29 01:00:00,158.438,413.372,75.792,43.944,0.0062
M044,2025-05-29 02:00:00,162.31,402.72,77.133,43.272,0.0062
M044,2025-05-29 03:00:00,161.939,408.871,86.233,44.068,0.0062
M044,2025-05-29 04:00:00,170.211,362.085,86.362,48.197,0.0062
M044,2025-05-29 05:00:00,169.345,369.297,89.373,51.666,0.0062
M044,2025-05-29 06:00:00,168.791,364.51,87.341,46.581,0.0062
M044,2025-05-29 07:00:00,169.737,338.889,88.924,43.756,0.0062
M044,2025-05-29 08:00:00,185.708,361.32,75.972,44.145,0.0062
M044,2025-05-29 09:00:00,183.534,325.746,61.442,38.395,0.0062
M044,2025-05-29 10:00:00,187.695,448.883,78.631,42.485,0.0062
M044,2025-05-29 11:00:00,176.954,401.368,89.716,39.666,0.0062
M044,2025-05-29 12:00:00,172.727,440.573,83.796,37.92,0.0062
M044,2025-05-29 13:00:00,178.485,487.898,95.585,35.522,0.0062
M044,2025-05-29 14:00:00,179.625,464.474,100.065,33.806,0.0062
M044,2025-05-29 15:00:00,172.922,451.454,82.814,37.072,0.0062
M044,2025-05-29 16:00:00,171.573,438.088,84.376,40.443,0.0062
M044,2025-05-29 17:00:00,181.422,439.485,93.085,36.968,0.0062
M044,2025-05-29 18:00:00,190.76,458.307,87.278,38.104,0.0062
M044,2025-05-29 19:00:00,184.413,436.54,84.018,34.346,0.0062
M044,2025-05-29 20:00:00,177.362,372.242,88.072,40.445,0.0062
M044,2025-05-29 21:00:00,177.072,350.069,79.203,40.545,0.0062
M044,2025-05-29 22:00:00,172.612,374.987,74.208,48.137,0.0062
M044,2025-05-29 23:00:00,167.577,435.576,89.769,39.048,0.0062
M044,2025-05-30 00:00:00,159.449,468.572,89.225,36.612,0.0062
M044,2025-05-30 01:00:00,168.593,551.755,94.247,40.034,0.0062
M044,2025-05-30 02:00:00,183.815,522.865,95.697,47.824,0.0062
M044,2025-05-30 03:00:00,189.187,545.268,86.359,49.257,0.0062
M044,2025-05-30 04:00:00,183.189,462.192,82.552,57.569,0.0062
M044,2025-05-30 05:00:00,193.202,455.533,81.534,57.768,0.0062
M044,2025-05-30 06:00:00,199.804,447.323,84.293,52.05,0.0062
M044,2025-05-30 07:00:00,187.488,462.282,98.196,45.01,0.0062
M044,2025-05-30 08:00:00,193.621,441.87,107.635,36.934,0.0062
M044,2025-05-30 09:00:00,181.625,410.077,94.658,40.302,0.0062
M044,2025-05-30 10:00:00,198.43,473.646,88.524,32.442,0.0062
M044,2025-05-30 11:00:00,190.065,468.679,79.792,36.471,0.0062
M044,2025-05-30 12:00:00,188.278,458.328,86.461,39.024,0.0062
M044,2025-05-30 13:00:00,184.195,469.115,86.256,34.134,0.0062
M044,2025-05-30 14:00:00,170.089,502.004,88.361,40.695,0.0062
M044,2025-05-30 15:00:00,175.194,495.413,89.626,45.899,0.0062
M044,2025-05-30 16:00:00,176.731,417.764,84.052,38.782,0.0062
M044,2025-05-30 17:00:00,172.958,388.315,83.629,42.459,0.0062
M044,2025-05-30 18:00:00,174.356,459.647,92.481,45.177,0.0062
M044,2025-05-30 19:00:00,176.781,473.067,101.14,43.015,0.0062
M044,2025-05-30 20:00:00,177.108,475.614,92.506,41.426,0.0062
M044,2025-05-30 21:00:00,175.834,474.014,87.145,41.513,0.0062
M044,2025-05-30 22:00:00,179.989,505.534,92.717,36.678,0.0062
M044,2025-05-30 23:00:00,172.088,487.447,87.916,41.564,0.0062
M045,2025-05-24 00:00:00,189.667,403.627,89.708,41.112,0.01407
M045,2025-05-24 01:00:00,182.553,483.018,95.63,42.039,0.0062
M045,2025-05-24 02:00:00,175.124,393.552,95.471,50.252,0.0062
M045,2025-05-24 03:00:00,176.915,404.87,98.068,51.518,0.0062
M045,2025-05-24 04:00:00,183.061,418.199,103.051,45.012,0.0062
M045,2025-05-24 05:00:00,192.901,381.486,104.939,47.352,0.0062
M045,2025-05-24 06:00:00,189.078,390.193,107.683,51.746,0.01407
M045,2025-05-24 07:00:00,189.133,455.366,109.589,53.356,0.01407
M045,2025-05-24 08:00:00,184.918,499.622,106.978,54.486,0.01407
M045,2025-05-24 09:00:00,189.586,445.502,107.685,60.508,0.01407
M045,2025-05-24 10:00:00,174.857,425.958,108.219,56.052,0.01407
M045,2025-05-24 11:00:00,178.326,481.657,112.422,51.962,0.0062
M045,2025-05-24 12:00:00,174.955,495.648,117.602,50.123,0.0062
M045,2025-05-24 13:00:00,181.266,450.837,101.721,49.417,0.0062
M045,2025-05-24 14:00:00,187.387,454.749,113.231,56.157,0.0062
M045,2025-05-24 15:00:00,198.565,468.755,102.139,52.419,0.0062
M045,2025-05-24 16:00:00,189.374,474.85,95.132,56.725,0.0062
M045,2025-05-24 17:00:00,186.321,479.798,113.715,54.576,0.01653
M045,2025-05-24 18:00:00,195.563,433.095,111.155,52.823,0.01407
M045,2025-05-24 19:00:00,185.658,403.842,112.92,52.342,0.01407
M045,2025-05-24 20:00:00,182.669,409.938,112.554,47.96,0.0062
M045,2025-05-24 21:00:00,188.858,427.101,100.018,50.124,0.0062
M045,2025-05-24 22:00:00,186.309,408.962,117.664,53.506,0.0062
M045,2025-05-24 23:00:00,183.148,434.402,107.424,55.222,0.0062
M045,2025-05-25 00:00:00,184.1,452.485,111.892,55.996,0.0062
M045,2025-05-25 01:00:00,186.13,448.211,118.225,55.758,0.0062
M045,2025-05-25 02:00:00,180.582,418.127,109.105,52.014,0.0062
M045,2025-05-25 03:00:00,188.798,455.536,122.913,46.593,0.0062
M045,2025-05-25 04:00:00,183.898,466.618,108.015,42.294,0.0062
M045,2025-05-25 05:00:00,185.108,405.316,98.717,44.124,0.0062
M045,2025-05-25 06:00:00,184.21,432.95,90.809,45.244,0.0062
M045,2025-05-25 07:00:00,183.352,431.914,97.45,51.284,0.0062
M045,2025-05-25 08:00:00,194.066,390.556,107.147,49.388,0.0062
M045,2025-05-25 09:00:00,187.214,396.703,102.257,45.523,0.0062
M045,2025-05-25 10:00:00,175.247,418.423,98.659,54.428,0.0062
M045,2025-05-25 11:00:00,188.394,405.654,110.262,58.125,0.0062
M045,2025-05-25 12:00:00,180.407,408.21,96.475,57.631,0.0062
M045,2025-05-25 13:00:00,185.098,419.372,100.166,51.007,0.0062
M045,2025-05-25 14:00:00,192.707,355.888,103.562,44.536,0.0062
M045,2025-05-25 15:00:00,170.823,366.771,82.4,42.892,0.0062
M045,2025-05-25 16:00:00,182.05,405.246,102.201,41.1,0.0062
M045,2025-05-25 17:00:00,183.018,413.82,96.416,46.517,0.0062
M045,2025-05-25 18:00:00,173.294,386.48,105.665,45.47,0.0062
M045,2025-05-25 19:00:00,181.313,295.116,103.063,47.248,0.0062
M045,2025-05-25 20:00:00,188.456,279.298,116.76,45.232,0.0062
M045,2025-05-25 21:00:00,188.168,311.831,120.081,48.012,0.0062
M045,2025-05-25 22:00:00,198.133,297.138,122.314,55.856,0.0062
M045,2025-05-25 23:00:00,199.758,311.441,116.731,59.544,0.01407
M045,2025-05-26 00:00:00,197.674,390.451,120.288,59.372,0.01407
M045,2025-05-26 01:00:00,197.008,430.631,99.089,58.01,0.0062
M045,2025-05-26 02:00:00,195.522,399.319,88.632,47.391,0.0062
M045,2025-05-26 03:00:00,183.711,459.349,100.903,55.142,0.0062
M045,2025-05-26 04:00:00,195.278,428.192,97.713,54.007,0.0062
M045,2025-05-26 05:00:00,186.904,397.418,89.271,53.795,0.0062
M045,2025-05-26 06:00:00,189.676,445.158,110.987,53.021,0.0062
M045,2025-05-26 07:00:00,184.945,417.663,111.16,50.923,0.0062
M045,2025-05-26 08:00:00,192.607,510.641,114.605,55.541,0.0062
M045,2025-05-26 09:00:00,194.51,491.64,112.327,49.138,0.0062
M045,2025-05-26 10:00:00,199.436,492.418,105.203,48.498,0.0062
M045,2025-05-26 11:00:00,192.934,483.117,115.748,49.631,0.0062
M045,2025-05-26 12:00:00,187.566,414.567,111.606,52.884,0.0062
M045,2025-05-26 13:00:00,187.905,374.072,105.962,47.771,0.0062
M045,2025-05-26 14:00:00,184.623,375.054,106.905,51.007,0.0062
M045,2025-05-26 15:00:00,178.193,356.581,107.338,51.383,0.0062
M045,2025-05-26 16:00:00,182.049,418.936,112.305,49.155,0.0062
M045,2025-05-26 17:00:00,180.169,397.55,107.77,48.172,0.0062
M045,2025-05-26 18:00:00,191.426,439.223,103.393,47.597,0.0062
M045,2025-05-26 19:00:00,202.848,371.511,101.135,41.639,0.0062
M045,2025-05-26 20:00:00,192.02,429.936,119.435,46.938,0.0062
M045,2025-05-26 21:00:00,187.327,385.227,122.027,53.131,0.0062
M045,2025-05-26 22:00:00,179.652,464.13,113.344,50.196,0.0
M045,2025-05-26 23:00:00,172.744,534.17,118.736,50.068,0.0
M045,2025-05-27 00:00:00,171.41,499.217,117.464,50.332,0.0
M045,2025-05-27 01:00:00,174.391,396.248,114.159,52.218,0.0
M045,2025-05-27 02:00:00,173.03,419.941,106.31,51.844,0.0
M045,2025-05-27 03:00:00,181.839,368.622,100.155,51.657,0.0
M045,2025-05-27 04:00:00,184.424,384.579,114.585,54.434,0.0
M045,2025-05-27 05:00:00,183.273,360.016,110.563,49.802,0.0
M045,2025-05-27 06:00:00,185.422,341.198,116.557,46.244,0.0
M045,2025-05-27 07:00:00,182.08,417.404,115.132,49.501,0.0
M045,2025-05-27 08:00:00,182.55,400.281,123.392,52.891,0.0
M045,2025-05-27 09:00:00,186.654,424.578,124.109,50.168,0.0
M045,2025-05-27 10:00:00,186.653,405.127,126.417,47.975,0.0
M045,2025-05-27 11:00:00,184.332,406.763,125.388,52.435,0.0
M045,2025-05-27 12:00:00,190.291,437.311,102.615,53.212,0.0
M045,2025-05-27 13:00:00,189.457,473.048,113.726,51.039,0.0
M045,2025-05-27 14:00:00,193.967,441.643,114.837,56.872,0.0
M045,2025-05-27 15:00:00,189.256,409.464,95.533,55.374,0.0
M045,2025-05-27 16:00:00,184.174,426.412,103.891,52.743,0.0
M045,2025-05-27 17:00:00,173.945,434.075,112.672,44.563,0.0
M045,2025-05-27 18:00:00,178.584,498.787,105.22,44.822,0.0
M045,2025-05-27 19:00:00,174.779,505.17,107.835,46.439,0.0
M045,2025-05-27 20:00:00,189.674,484.117,103.818,46.815,0.0
M045,2025-05-27 21:00:00,194.555,412.091,116.702,45.492,0.0
M045,2025-05-27 22:00:00,189.865,436.147,104.579,43.068,0.0
M045,2025-05-27 23:00:00,196.102,458.678,106.564,37.946,0.0
M045,2025-05-28 00:00:00,177.296,454.591,90.483,49.954,0.0
M045,2025-05-28 01:00:00,184.697,425.411,92.846,47.759,0.0
M045,2025-05-28 02:00:00,189.281,392.189,98.475,44.526,0.0
M045,2025-05-28 03:00:00,184.907,319.185,103.507,54.46,0.0
M045,2025-05-28 04:00:00,173.253,394.122,110.367,45.383,0.0
M045,2025-05-28 05:00:00,185.999,379.629,104.144,41.922,0.0
M045,2025-05-28 06:00:00,184.614,351.555,108.067,37.254,0.0
M045,2025-05-28 07:00:00,182.935,317.53,101.598,47.903,0.0
M045,2025-05-28 08:00:00,181.794,422.611,90.591,53.08,0.0
M045,2025-05-28 09:00:00,184.581,397.011,111.328,45.939,0.0
M045,2025-05-28 10:00:00,187.041,398.699,112.303,44.103,0.0
M045,2025-05-28 11:00:00,191.044,389.797,95.79,45.239,0.0
M045,2025-05-28 12:00:00,175.446,469.33,99.03,49.643,0.0
M045,2025-05-28 13:00:00,174.621,495.2,99.315,48.69,0.0
M045,2025-05-28 14:00:00,172.476,473.446,117.083,49.55,0.0
M045,2025-05-28 15:00:00,174.829,339.143,116.251,51.103,0.0
M045,2025-05-28 16:00:00,182.643,417.633,110.561,45.778,0.0
M045,2025-05-28 17:00:00,183.134,470.653,102.291,51.435,0.0
M045,2025-05-28 18:00:00,182.36,455.322,102.249,55.275,0.0
M045,2025-05-28 19:00:00,186.198,412.164,102.637,60.9,0.0
M045,2025-05-28 20:00:00,189.067,381.324,104.524,54.1,0.00505
M045,2025-05-28 21:00:00,197.463,333.917,110.842,48.419,0.00505
M045,2025-05-28 22:00:00,193.173,380.348,118.906,48.399,0.0
M045,2025-05-28 23:00:00,187.701,419.185,91.211,41.111,0.0
M045,2025-05-29 00:00:00,188.645,349.489,109.934,35.62,0.00505
M045,2025-05-29 01:00:00,185.077,363.718,102.611,38.033,0.00505
M045,2025-05-29 02:00:00,173.664,394.218,93.921,40.04,0.0062
M045,2025-05-29 03:00:00,179.275,366.965,97.842,47.622,0.0062
M045,2025-05-29 04:00:00,172.345,346.067,94.192,51.492,0.0062
M045,2025-05-29 05:00:00,170.095,374.738,94.611,58.249,0.00505
M045,2025-05-29 06:00:00,175.746,466.522,112.343,54.609,0.0062
M045,2025-05-29 07:00:00,176.185,465.175,96.242,45.268,0.0
M045,2025-05-29 08:00:00,192.795,483.703,101.968,44.24,0.0
M045,2025-05-29 09:00:00,190.005,522.16,102.657,46.58,0.0
M045,2025-05-29 10:00:00,181.274,476.315,99.363,40.696,0.0
M045,2025-05-29 11:00:00,183.777,402.67,102.997,51.734,0.0
M045,2025-05-29 12:00:00,176.476,421.317,111.719,49.795,0.0
M045,2025-05-29 13:00:00,173.93,349.804,112.961,56.91,0.00505
M045,2025-05-29 14:00:00,180.12,383.558,119.297,54.526,0.0062
M045,2025-05-29 15:00:00,179.76,399.21,111.087,57.089,0.0062
M045,2025-05-29 16:00:00,175.753,487.038,117.791,42.663,0.0
M045,2025-05-29 17:00:00,178.247,502.428,114.689,41.649,0.0
M045,2025-05-29 18:00:00,178.646,449.695,106.371,38.916,0.0
M045,2025-05-29 19:00:00,175.849,449.034,99.121,48.061,0.0
M045,2025-05-29 20:00:00,174.922,452.199,96.447,48.941,0.0
M045,2025-05-29 21:00:00,183.758,459.102,87.512,39.28,0.0062
M045,2025-05-29 22:00:00,172.239,460.939,91.36,52.178,0.00505
M045,2025-05-29 23:00:00,163.585,457.306,95.663,57.981,0.0062
M045,2025-05-30 00:00:00,167.324,413.539,90.218,57.039,0.0062
M045,2025-05-30 01:00:00,183.434,444.323,103.608,53.234,0.0062
M045,2025-05-30 02:00:00,191.631,468.168,107.219,55.653,0.0062
M045,2025-05-30 03:00:00,190.313,433.164,102.235,57.619,0.0062
M045,2025-05-30 04:00:00,192.12,460.511,102.278,53.073,0.0062
M045,2025-05-30 05:00:00,184.876,440.894,102.738,55.093,0.0062
M045,2025-05-30 06:00:00,203.09,514.85,105.763,49.668,0.0062
M045,2025-05-30 07:00:00,188.298,514.126,91.955,53.467,0.0062
M045,2025-05-30 08:00:00,175.461,532.696,98.42,49.961,0.0062
M045,2025-05-30 09:00:00,170.9,491.612,104.155,45.402,0.0062
M045,2025-05-30 10:00:00,176.266,440.347,93.75,44.461,0.0062
M045,2025-05-30 11:00:00,179.154,413.637,92.15,43.243,0.0
M045,2025-05-30 12:00:00,184.305,364.57,95.963,48.593,0.0062
M045,2025-05-30 13:00:00,188.573,445.207,105.241,42.677,0.0062
M045,2025-05-30 14:00:00,177.677,413.716,91.654,50.254,0.0062
M045,2025-05-30 15:00:00,189.887,526.925,104.226,45.549,0.0062
M045,2025-05-30 16:00:00,198.179,502.986,109.301,44.833,0.0062
M045,2025-05-30 17:00:00,188.308,532.511,99.325,46.594,0.0
M045,2025-05-30 18:00:00,188.801,516.167,115.623,51.884,0.0062
M045,2025-05-30 19:00:00,181.174,523.287,108.632,53.799,0.0062
M045,2025-05-30 20:00:00,184.73,500.617,98.411,50.232,0.0062
M045,2025-05-30 21:00:00,177.285,498.408,111.079,51.746,0.00505
M045,2025-05-30 22:00:00,179.468,476.982,107.924,46.349,0.0
M045,2025-05-30 23:00:00,169.278,435.451,105.747,55.529,0.0062
M046,2025-05-24 00:00:00,182.296,449.029,112.454,47.034,0.0062
M046,2025-05-24 01:00:00,174.017,481.091,101.042,44.279,0.0062
M046,2025-05-24 02:00:00,173.59,452.886,95.299,46.222,0.0062
M046,2025-05-24 03:00:00,165.937,416.497,109.786,56.369,0.0062
M046,2025-05-24 04:00:00,176.033,405.84,118.358,63.452,0.0062
M046,2025-05-24 05:00:00,190.082,445.852,112.353,58.9,0.0062
M046,2025-05-24 06:00:00,188.121,530.945,114.627,51.143,0.0062
M046,2025-05-24 07:00:00,184.378,507.77,126.333,44.284,0.0062
M046,2025-05-24 08:00:00,170.195,518.707,124.039,44.026,0.0062
M046,2025-05-24 09:00:00,178.455,531.216,111.476,48.967,0.0062
M046,2025-05-24 10:00:00,167.399,452.261,112.837,50.443,0.0062
M046,2025-05-24 11:00:00,178.096,479.479,105.05,41.711,0.0062
M046,2025-05-24 12:00:00,176.179,528.373,101.991,46.989,0.0062
M046,2025-05-24 13:00:00,178.957,456.666,95.827,52.919,0.0062
M046,2025-05-24 14:00:00,169.338,511.613,99.27,49.261,0.0062
M046,2025-05-24 15:00:00,176.83,418.026,110.126,49.656,0.0062
M046,2025-05-24 16:00:00,180.736,454.812,127.79,40.584,0.0062
M046,2025-05-24 17:00:00,178.638,463.563,103.351,48.693,0.0062
M046,2025-05-24 18:00:00,180.263,489.024,100.91,51.142,0.0062
M046,2025-05-24 19:00:00,172.172,449.566,102.056,45.171,0.0062
M046,2025-05-24 20:00:00,182.752,448.454,101.892,40.334,0.0062
M046,2025-05-24 21:00:00,177.329,485.049,109.744,43.962,0.0062
M046,2025-05-24 22:00:00,183.798,461.292,110.596,44.647,0.0062
M046,2025-05-24 23:00:00,183.722,494.058,106.269,46.46,0.0062
M046,2025-05-25 00:00:00,188.246,532.726,109.301,46.195,0.0062
M046,2025-05-25 01:00:00,189.666,456.633,99.858,45.104,0.0062
M046,2025-05-25 02:00:00,180.04,470.498,93.019,45.08,0.0062
M046,2025-05-25 03:00:00,175.696,529.274,100.766,44.333,0.0062
M046,2025-05-25 04:00:00,175.442,499.047,113.855,42.765,0.0062
M046,2025-05-25 05:00:00,174.131,451.172,113.503,52.734,0.0062
M046,2025-05-25 06:00:00,176.701,440.077,103.378,50.276,0.0062
M046,2025-05-25 07:00:00,178.472,412.059,113.751,49.414,0.0062
M046,2025-05-25 08:00:00,180.164,411.703,115.809,47.133,0.0062
M046,2025-05-25 09:00:00,184.868,467.904,116.857,49.958,0.0062
M046,2025-05-25 10:00:00,176.778,369.501,125.682,43.8,0.0062
M046,2025-05-25 11:00:00,162.423,375.549,111.328,46.852,0.0062
M046,2025-05-25 12:00:00,166.952,359.507,110.349,45.306,0.0062
M046,2025-05-25 13:00:00,160.845,393.742,110.815,44.735,0.0062
M046,2025-05-25 14:00:00,171.144,480.685,113.459,42.876,0.0062
M046,2025-05-25 15:00:00,166.823,473.192,105.241,45.475,0.0062
M046,2025-05-25 16:00:00,165.381,471.366,104.236,47.14,0.0062
M046,2025-05-25 17:00:00,168.904,452.679,96.996,38.655,0.0062
M046,2025-05-25 18:00:00,172.787,464.894,98.652,46.593,0.0062
M046,2025-05-25 19:00:00,177.833,464.472,100.551,49.878,0.0062
M046,2025-05-25 20:00:00,181.007,509.242,103.913,45.939,0.0062
M046,2025-05-25 21:00:00,171.605,421.871,103.425,46.769,0.0062
M046,2025-05-25 22:00:00,175.211,388.636,110.657,39.952,0.0062
M046,2025-05-25 23:00:00,174.118,371.448,111.834,48.475,0.0062
M046,2025-05-26 00:00:00,177.992,344.6,108.498,42.261,0.0062
M046,2025-05-26 01:00:00,167.304,406.346,106.044,48.397,0.0062
M046,2025-05-26 02:00:00,175.391,406.724,100.451,49.175,0.0062
M046,2025-05-26 03:00:00,166.738,407.486,110.653,45.573,0.0062
M046,2025-05-26 04:00:00,168.768,387.165,114.017,52.766,0.0062
M046,2025-05-26 05:00:00,172.325,352.041,93.974,52.238,0.0062
M046,2025-05-26 06:00:00,183.564,412.611,99.321,40.339,0.0062
M046,2025-05-26 07:00:00,175.713,388.424,97.064,47.371,0.0062
M046,2025-05-26 08:00:00,176.112,429.125,89.08,48.069,0.0062
M046,2025-05-26 09:00:00,176.304,421.548,99.57,48.483,0.0062
M046,2025-05-26 10:00:00,184.923,375.27,112.176,49.511,0.0062
M046,2025-05-26 11:00:00,174.366,391.468,109.987,46.016,0.0062
M046,2025-05-26 12:00:00,165.673,450.831,93.357,47.615,0.0062
M046,2025-05-26 13:00:00,181.182,462.497,97.529,37.651,0.0062
M046,2025-05-26 14:00:00,172.45,462.303,101.26,47.661,0.0062
M046,2025-05-26 15:00:00,179.971,456.929,89.471,43.392,0.0062
M046,2025-05-26 16:00:00,184.841,470.685,93.102,46.302,0.0062
M046,2025-05-26 17:00:00,185.42,490.148,92.947,50.501,0.0062
M046,2025-05-26 18:00:00,175.542,518.739,100.552,44.789,0.0062
M046,2025-05-26 19:00:00,174.632,526.596,90.383,43.596,0.0062
M046,2025-05-26 20:00:00,158.584,491.011,79.922,43.899,0.0062
M046,2025-05-26 21:00:00,162.462,487.71,87.292,44.719,0.0062
M046,2025-05-26 22:00:00,169.927,465.765,102.619,42.97,0.0062
M046,2025-05-26 23:00:00,175.36,459.589,107.477,49.668,0.0062
M046,2025-05-27 00:00:00,173.865,508.063,101.213,47.375,0.0062
M046,2025-05-27 01:00:00,176.823,503.659,83.537,43.987,0.0062
M046,2025-05-27 02:00:00,173.204,553.117,82.695,46.9,0.0062
M046,2025-05-27 03:00:00,182.184,493.189,82.077,52.122,0.0062
M046,2025-05-27 04:00:00,181.155,493.868,94.342,56.121,0.0062
M046,2025-05-27 05:00:00,183.217,485.151,95.18,53.912,0.01407
M046,2025-05-27 06:00:00,174.838,422.661,107.668,48.313,0.0062
M046,2025-05-27 07:00:00,172.338,444.359,111.832,45.675,0.0062
M046,2025-05-27 08:00:00,164.774,415.89,120.031,46.161,0.0062
M046,2025-05-27 09:00:00,166.108,462.715,114.498,44.312,0.0062
M046,2025-05-27 10:00:00,155.883,430.82,102.037,49.534,0.0062
M046,2025-05-27 11:00:00,168.052,457.476,98.323,48.268,0.0062
M046,2025-05-27 12:00:00,162.304,425.856,108.443,45.36,0.0062
M046,2025-05-27 13:00:00,164.039,383.781,109.217,42.24,0.0062
M046,2025-05-27 14:00:00,182.99,424.777,96.9,43.869,0.0062
M046,2025-05-27 15:00:00,187.588,412.02,94.752,45.256,0.0062
M046,2025-05-27 16:00:00,169.221,338.99,90.526,47.101,0.0062
M046,2025-05-27 17:00:00,177.746,369.598,90.526,44.06,0.0062
M046,2025-05-27 18:00:00,160.685,450.25,86.665,43.823,0.0062
M046,2025-05-27 19:00:00,156.944,389.959,83.781,42.998,0.0062
M046,2025-05-27 20:00:00,156.806,370.573,95.08,43.275,0.0062
M046,2025-05-27 21:00:00,168.638,419.166,87.668,46.151,0.0062
M046,2025-05-27 22:00:00,160.368,390.188,103.559,40.88,0.0062
M046,2025-05-27 23:00:00,167.525,501.479,107.167,47.62,0.0062
M046,2025-05-28 00:00:00,180.244,514.944,116.891,53.696,0.0062
M046,2025-05-28 01:00:00,183.808,514.568,112.708,44.834,0.0062
M046,2025-05-28 02:00:00,184.01,477.651,107.831,48.243,0.0062
M046,2025-05-28 03:00:00,181.791,481.205,118.102,51.937,0.0062
M046,2025-05-28 04:00:00,179.802,443.419,107.695,51.462,0.0062
M046,2025-05-28 05:00:00,185.894,441.919,102.74,51.095,0.0062
M046,2025-05-28 06:00:00,190.388,396.256,108.516,49.26,0.0062
M046,2025-05-28 07:00:00,179.422,426.75,107.453,52.307,0.0062
M046,2025-05-28 08:00:00,178.617,412.295,114.554,41.511,0.0062
M046,2025-05-28 09:00:00,180.324,431.805,96.579,46.959,0.0062
M046,2025-05-28 10:00:00,179.738,438.887,85.192,46.759,0.0062
M046,2025-05-28 11:00:00,170.54,370.487,100.932,49.305,0.0062
M046,2025-05-28 12:00:00,171.493,450.794,92.217,45.245,0.0062
M046,2025-05-28 13:00:00,182.985,428.674,88.199,46.803,0.0062
M046,2025-05-28 14:00:00,187.495,421.736,100.209,43.202,0.0062
M046,2025-05-28 15:00:00,177.293,378.525,94.505,47.985,0.0062
M046,2025-05-28 16:00:00,181.176,476.918,108.321,44.289,0.0062
M046,2025-05-28 17:00:00,175.528,447.095,101.43,42.812,0.01407
M046,2025-05-28 18:00:00,178.012,460.673,106.038,42.958,0.0062
M046,2025-05-28 19:00:00,184.737,374.269,119.799,39.548,0.0062
M046,2025-05-28 20:00:00,175.534,374.436,105.624,39.498,0.0062
M046,2025-05-28 21:00:00,175.798,382.838,99.326,51.492,0.01407
M046,2025-05-28 22:00:00,176.819,424.338,107.729,50.269,0.0062
M046,2025-05-28 23:00:00,169.039,515.908,101.756,49.395,0.0062
M046,2025-05-29 00:00:00,171.931,492.22,97.954,52.377,0.0062
M046,2025-05-29 01:00:00,168.314,473.455,86.23,50.058,0.0062
M046,2025-05-29 02:00:00,168.423,413.906,91.751,45.143,0.0062
M046,2025-05-29 03:00:00,169.049,480.761,94.61,49.555,0.0062
M046,2025-05-29 04:00:00,159.615,437.229,96.591,42.354,0.0062
M046,2025-05-29 05:00:00,159.797,479.436,101.412,43.157,0.0062
M046,2025-05-29 06:00:00,174.933,457.354,110.209,46.412,0.0062
M046,2025-05-29 07:00:00,179.417,491.958,101.493,49.326,0.0062
M046,2025-05-29 08:00:00,171.738,435.305,107.843,43.731,0.0062
M046,2025-05-29 09:00:00,180.754,449.271,99.745,46.989,0.0062
M046,2025-05-29 10:00:00,181.644,428.22,95.503,50.616,0.0062
M046,2025-05-29 11:00:00,184.517,439.021,97.373,44.531,0.0062
M046,2025-05-29 12:00:00,179.719,402.327,95.879,54.331,0.01407
M046,2025-05-29 13:00:00,193.272,489.923,99.103,49.844,0.01407
M046,2025-05-29 14:00:00,189.446,496.604,92.461,47.038,0.01407
M046,2025-05-29 15:00:00,182.811,474.152,95.317,39.273,0.0062
M046,2025-05-29 16:00:00,186.397,471.804,83.727,38.912,0.0062
M046,2025-05-29 17:00:00,176.709,513.826,97.573,44.31,0.0062
M046,2025-05-29 18:00:00,158.135,496.923,97.195,45.409,0.0062
M046,2025-05-29 19:00:00,168.998,397.138,105.855,45.299,0.0062
M046,2025-05-29 20:00:00,188.889,417.27,116.526,39.557,0.0062
M046,2025-05-29 21:00:00,183.139,439.026,100.595,41.305,0.0062
M046,2025-05-29 22:00:00,182.294,426.96,105.162,50.331,0.0062
M046,2025-05-29 23:00:00,168.929,484.59,106.514,53.602,0.0062
M046,2025-05-30 00:00:00,171.313,500.394,108.085,49.157,0.0062
M046,2025-05-30 01:00:00,178.398,464.602,102.035,44.002,0.0062
M046,2025-05-30 02:00:00,175.381,444.216,97.432,42.883,0.0062
M046,2025-05-30 03:00:00,172.304,357.592,103.371,40.61,0.0062
M046,2025-05-30 04:00:00,161.13,470.914,112.972,46.275,0.0062
M046,2025-05-30 05:00:00,172.55,354.411,99.654,48.419,0.0062
M046,2025-05-30 06:00:00,166.572,362.38,105.868,55.639,0.0062
M046,2025-05-30 07:00:00,165.095,376.624,112.234,52.122,0.01407
M046,2025-05-30 08:00:00,175.719,400.337,114.218,46.705,0.01407
M046,2025-05-30 09:00:00,182.244,409.124,120.186,41.962,0.0062
M046,2025-05-30 10:00:00,158.687,446.122,119.628,43.644,0.01407
M046,2025-05-30 11:00:00,165.813,473.549,109.362,40.309,0.0062
M046,2025-05-30 12:00:00,164.088,528.912,115.135,40.044,0.0062
M046,2025-05-30 13:00:00,172.33,528.464,126.619,41.291,0.0062
M046,2025-05-30 14:00:00,174.103,515.121,119.011,49.751,0.0062
M046,2025-05-30 15:00:00,175.909,489.604,117.153,48.272,0.0062
M046,2025-05-30 16:00:00,174.112,515.12,120.504,50.511,0.0062
M046,2025-05-30 17:00:00,168.678,491.425,110.23,53.362,0.0062
M046,2025-05-30 18:00:00,184.066,500.134,123.321,48.892,0.0062
M046,2025-05-30 19:00:00,188.157,396.761,114.303,50.938,0.0062
M046,2025-05-30 20:00:00,176.84,457.095,113.979,55.633,0.01407
M046,2025-05-30 21:00:00,177.97,376.559,113.114,53.752,0.01407
M046,2025-05-30 22:00:00,180.813,402.282,116.336,44.46,0.01407
M046,2025-05-30 23:00:00,176.48,411.079,111.68,43.476,0.01407
M047,2025-05-24 00:00:00,174.549,485.941,89.595,47.757,0.0062
M047,2025-05-24 01:00:00,171.792,414.343,97.834,48.241,0.0062
M047,2025-05-24 02:00:00,176.466,451.021,93.182,41.99,0.0062
M047,2025-05-24 03:00:00,185.253,482.429,93.186,48.129,0.0062
M047,2025-05-24 04:00:00,177.814,498.174,101.643,45.604,0.0062
M047,2025-05-24 05:00:00,170.399,621.954,96.226,37.634,0.0062
M047,2025-05-24 06:00:00,169.162,485.542,94.263,39.543,0.0062
M047,2025-05-24 07:00:00,185.896,555.175,85.879,29.464,0.0062
M047,2025-05-24 08:00:00,187.447,471.472,89.511,34.119,0.0062
M047,2025-05-24 09:00:00,176.736,517.566,87.39,40.812,0.0062
M047,2025-05-24 10:00:00,179.431,545.368,97.508,38.048,0.0062
M047,2025-05-24 11:00:00,175.589,552.972,89.834,42.146,0.0062
M047,2025-05-24 12:00:00,164.544,594.237,91.735,41.356,0.0062
M047,2025-05-24 13:00:00,157.013,592.771,101.492,39.585,0.0062
M047,2025-05-24 14:00:00,169.429,583.276,125.391,34.787,0.0062
M047,2025-05-24 15:00:00,159.865,484.28,111.501,39.768,0.0062
M047,2025-05-24 16:00:00,157.441,491.972,103.199,37.953,0.0062
M047,2025-05-24 17:00:00,163.124,498.599,107.249,39.092,0.0062
M047,2025-05-24 18:00:00,164.68,493.076,105.247,37.242,0.0062
M047,2025-05-24 19:00:00,162.845,509.963,93.96,41.725,0.0062
M047,2025-05-24 20:00:00,173.384,485.11,103.766,41.477,0.0062
M047,2025-05-24 21:00:00,164.336,547.117,81.202,40.929,0.0062
M047,2025-05-24 22:00:00,178.299,534.257,80.551,38.784,0.0062
M047,2025-05-24 23:00:00,172.493,575.823,86.69,42.875,0.0062
M047,2025-05-25 00:00:00,167.451,467.993,105.876,48.655,0.0062
M047,2025-05-25 01:00:00,165.405,452.248,83.2,45.782,0.0062
M047,2025-05-25 02:00:00,175.201,491.22,88.905,41.392,0.0062
M047,2025-05-25 03:00:00,169.507,516.516,99.723,49.079,0.0062
M047,2025-05-25 04:00:00,165.997,587.186,98.706,44.121,0.0062
M047,2025-05-25 05:00:00,156.076,525.07,98.134,42.701,0.0062
M047,2025-05-25 06:00:00,158.628,505.405,98.436,38.439,0.0062
M047,2025-05-25 07:00:00,159.008,549.153,89.295,41.145,0.0062
M047,2025-05-25 08:00:00,160.512,571.063,93.666,40.624,0.0062
M047,2025-05-25 09:00:00,166.072,596.556,94.254,35.869,0.0062
M047,2025-05-25 10:00:00,162.557,611.275,102.45,34.785,0.0062
M047,2025-05-25 11:00:00,165.867,548.285,96.998,31.106,0.0062
M047,2025-05-25 12:00:00,186.944,555.614,90.043,39.278,0.0062
M047,2025-05-25 13:00:00,181.375,601.224,96.38,44.851,0.0062
M047,2025-05-25 14:00:00,169.244,599.887,110.582,40.566,0.0062
M047,2025-05-25 15:00:00,176.661,511.913,110.097,36.482,0.0062
M047,2025-05-25 16:00:00,178.154,504.155,112.137,36.569,0.0062
M047,2025-05-25 17:00:00,168.662,468.654,96.683,36.547,0.0062
M047,2025-05-25 18:00:00,160.423,481.697,85.551,44.36,0.0062
M047,2025-05-25 19:00:00,171.983,447.794,98.59,42.67,0.0062
M047,2025-05-25 20:00:00,173.1,456.371,99.748,43.193,0.0062
M047,2025-05-25 21:00:00,159.259,377.853,102.125,44.67,0.0062
M047,2025-05-25 22:00:00,173.516,433.411,99.485,42.002,0.0062
M047,2025-05-25 23:00:00,167.274,504.58,95.219,38.185,0.0062
M047,2025-05-26 00:00:00,171.72,484.796,97.978,42.961,0.0062
M047,2025-05-26 01:00:00,170.434,430.958,106.316,47.652,0.0062
M047,2025-05-26 02:00:00,173.288,463.803,114.963,45.334,0.0062
M047,2025-05-26 03:00:00,175.904,504.749,111.636,36.757,0.0062
M047,2025-05-26 04:00:00,165.909,498.066,111.191,42.726,0.0062
M047,2025-05-26 05:00:00,167.798,549.386,106.65,42.37,0.0062
M047,2025-05-26 06:00:00,165.748,446.554,107.68,41.673,0.0062
M047,2025-05-26 07:00:00,165.192,501.645,102.105,38.11,0.0062
M047,2025-05-26 08:00:00,165.364,493.184,93.477,45.133,0.0062
M047,2025-05-26 09:00:00,179.834,478.913,85.825,41.209,0.0062
M047,2025-05-26 10:00:00,183.609,484.731,71.241,35.562,0.0062
M047,2025-05-26 11:00:00,187.722,511.245,85.77,39.901,0.0062
M047,2025-05-26 12:00:00,188.671,459.319,96.236,37.048,0.0062
M047,2025-05-26 13:00:00,176.89,439.528,103.468,40.454,0.0062
M047,2025-05-26 14:00:00,181.95,517.11,103.675,42.672,0.0062
M047,2025-05-26 15:00:00,174.176,480.188,84.209,45.337,0.0062
M047,2025-05-26 16:00:00,164.657,454.21,83.694,40.012,0.0062
M047,2025-05-26 17:00:00,176.737,420.144,81.28,34.216,0.0062
M047,2025-05-26 18:00:00,171.854,373.077,77.46,43.643,0.0062
M047,2025-05-26 19:00:00,173.12,409.373,75.706,45.602,0.0062
M047,2025-05-26 20:00:00,190.711,412.293,88.093,41.905,0.0062
M047,2025-05-26 21:00:00,180.675,418.633,77.215,48.716,0.0062
M047,2025-05-26 22:00:00,170.951,464.525,95.985,40.983,0.0062
M047,2025-05-26 23:00:00,171.48,498.17,91.124,38.064,0.0062
M047,2025-05-27 00:00:00,162.187,526.955,96.106,28.552,0.0062
M047,2025-05-27 01:00:00,167.846,541.179,96.955,38.934,0.0062
M047,2025-05-27 02:00:00,175.705,565.771,89.224,44.678,0.0062
M047,2025-05-27 03:00:00,185.457,502.615,95.43,41.458,0.0062
M047,2025-05-27 04:00:00,178.133,532.972,87.388,49.922,0.01407
M047,2025-05-27 05:00:00,175.987,475.513,91.399,41.724,0.01407
M047,2025-05-27 06:00:00,181.086,428.041,86.643,39.014,0.0062
M047,2025-05-27 07:00:00,172.635,485.137,82.858,35.326,0.0062
M047,2025-05-27 08:00:00,169.056,529.175,90.066,45.219,0.0062
M047,2025-05-27 09:00:00,177.472,521.418,114.527,43.288,0.01407
M047,2025-05-27 10:00:00,164.043,548.966,93.168,46.76,0.01407
M047,2025-05-27 11:00:00,160.199,524.018,79.575,43.834,0.01407
M047,2025-05-27 12:00:00,162.423,534.452,80.991,47.397,0.01407
M047,2025-05-27 13:00:00,165.296,533.962,79.057,47.147,0.01407
M047,2025-05-27 14:00:00,174.399,504.426,89.291,47.524,0.01407
M047,2025-05-27 15:00:00,169.158,490.422,92.33,42.483,0.0062
M047,2025-05-27 16:00:00,178.651,443.307,93.651,41.557,0.0062
M047,2025-05-27 17:00:00,168.419,456.12,105.735,42.54,0.0062
M047,2025-05-27 18:00:00,166.383,433.287,104.732,43.103,0.01407
M047,2025-05-27 19:00:00,169.034,474.343,109.001,40.372,0.0062
M047,2025-05-27 20:00:00,170.599,525.703,99.892,42.059,0.0062
M047,2025-05-27 21:00:00,175.372,512.961,103.916,45.446,0.0062
M047,2025-05-27 22:00:00,166.562,481.153,95.801,45.552,0.0062
M047,2025-05-27 23:00:00,173.526,521.984,89.959,40.408,0.0062
M047,2025-05-28 00:00:00,171.915,499.693,108.976,38.111,0.0062
M047,2025-05-28 01:00:00,167.587,495.399,106.756,41.254,0.0062
M047,2025-05-28 02:00:00,174.749,462.137,99.865,52.503,0.0062
M047,2025-05-28 03:00:00,171.056,489.541,100.433,48.333,0.0062
M047,2025-05-28 04:00:00,163.497,488.562,105.048,43.93,0.0062
M047,2025-05-28 05:00:00,164.934,482.814,100.457,42.384,0.0062
M047,2025-05-28 06:00:00,171.782,538.337,104.818,45.244,0.0062
M047,2025-05-28 07:00:00,170.554,504.55,95.787,34.032,0.0062
M047,2025-05-28 08:00:00,169.246,508.974,93.308,38.933,0.0062
M047,2025-05-28 09:00:00,167.643,496.004,87.02,44.245,0.0062
M047,2025-05-28 10:00:00,174.079,535.963,87.025,39.568,0.0062
M047,2025-05-28 11:00:00,180.974,482.243,103.168,41.217,0.0062
M047,2025-05-28 12:00:00,181.34,516.226,99.862,47.835,0.0062
M047,2025-05-28 13:00:00,174.467,524.434,81.574,49.405,0.0062
M047,2025-05-28 14:00:00,167.406,504.094,81.314,47.681,0.0062
M047,2025-05-28 15:00:00,166.809,527.842,87.617,43.227,0.0062
M047,2025-05-28 16:00:00,170.647,445.999,88.409,47.217,0.0062
M047,2025-05-28 17:00:00,168.145,490.722,87.21,48.808,0.0062
M047,2025-05-28 18:00:00,164.951,451.835,86.894,47.972,0.0062
M047,2025-05-28 19:00:00,165.398,426.746,85.618,55.064,0.01407
M047,2025-05-28 20:00:00,180.823,420.155,91.896,47.647,0.01407
M047,2025-05-28 21:00:00,179.599,427.593,83.342,49.609,0.01633
M047,2025-05-28 22:00:00,173.129,413.335,93.443,48.542,0.01633
M047,2025-05-28 23:00:00,163.365,497.39,105.202,46.536,0.01407
M047,2025-05-29 00:00:00,165.427,519.869,94.106,45.277,0.01407
M047,2025-05-29 01:00:00,169.099,470.331,84.543,43.191,0.0062
M047,2025-05-29 02:00:00,175.705,476.471,93.35,47.453,0.0062
M047,2025-05-29 03:00:00,182.475,523.37,99.172,47.866,0.0062
M047,2025-05-29 04:00:00,168.747,460.449,87.949,47.024,0.0062
M047,2025-05-29 05:00:00,173.875,464.127,77.537,50.647,0.0062
M047,2025-05-29 06:00:00,161.111,423.679,83.412,46.212,0.0062
M047,2025-05-29 07:00:00,166.717,429.44,89.841,43.342,0.0062
M047,2025-05-29 08:00:00,173.899,392.433,91.309,40.791,0.0062
M047,2025-05-29 09:00:00,175.205,394.95,81.731,35.589,0.0062
M047,2025-05-29 10:00:00,171.623,449.157,82.579,29.401,0.0062
M047,2025-05-29 11:00:00,165.944,409.633,80.023,33.19,0.0062
M047,2025-05-29 12:00:00,159.857,422.79,92.574,34.475,0.0062
M047,2025-05-29 13:00:00,166.482,413.5,99.785,37.763,0.0062
M047,2025-05-29 14:00:00,169.748,378.97,104.25,40.099,0.0062
M047,2025-05-29 15:00:00,168.262,418.596,95.867,38.689,0.0062
M047,2025-05-29 16:00:00,180.016,408.029,96.521,35.626,0.0062
M047,2025-05-29 17:00:00,169.405,493.514,96.037,36.811,0.0062
M047,2025-05-29 18:00:00,169.756,486.093,99.204,37.742,0.0062
M047,2025-05-29 19:00:00,178.493,460.611,99.926,33.731,0.0062
M047,2025-05-29 20:00:00,178.233,455.282,110.584,28.099,0.0062
M047,2025-05-29 21:00:00,181.814,440.979,98.307,32.633,0.0062
M047,2025-05-29 22:00:00,187.951,436.837,92.715,42.065,0.0062
M047,2025-05-29 23:00:00,174.045,484.161,101.302,36.458,0.01407
M047,2025-05-30 00:00:00,170.727,492.081,89.961,41.784,0.0062
M047,2025-05-30 01:00:00,172.658,427.619,84.692,44.415,0.01407
M047,2025-05-30 02:00:00,182.189,427.72,96.08,43.033,0.01407
M047,2025-05-30 03:00:00,176.878,461.985,93.217,40.021,0.01407
M047,2025-05-30 04:00:00,166.233,510.936,111.68,44.974,0.01407
M047,2025-05-30 05:00:00,175.816,512.814,101.13,43.058,0.01407
M047,2025-05-30 06:00:00,167.352,521.041,99.536,41.855,0.01407
M047,2025-05-30 07:00:00,167.932,463.069,95.54,48.003,0.01633
M047,2025-05-30 08:00:00,181.831,491.157,104.986,45.655,0.01633
M047,2025-05-30 09:00:00,179.318,429.151,97.683,35.854,0.01407
M047,2025-05-30 10:00:00,174.96,409.462,96.543,39.081,0.01407
M047,2025-05-30 11:00:00,173.662,477.783,88.814,40.145,0.0062
M047,2025-05-30 12:00:00,170.16,500.732,92.672,33.424,0.0062
M047,2025-05-30 13:00:00,178.675,538.2,88.632,33.63,0.0062
M047,2025-05-30 14:00:00,189.161,469.683,88.925,39.461,0.0062
M047,2025-05-30 15:00:00,178.752,479.066,94.509,43.428,0.0062
M047,2025-05-30 16:00:00,167.137,500.093,95.197,39.456,0.0062
M047,2025-05-30 17:00:00,174.367,472.313,87.953,38.909,0.0062
M047,2025-05-30 18:00:00,170.994,426.557,84.091,39.528,0.0062
M047,2025-05-30 19:00:00,168.014,461.681,88.76,39.912,0.01407
M047,2025-05-30 20:00:00,178.981,546.825,84.797,43.643,0.01407
M047,2025-05-30 21:00:00,181.89,470.72,106.707,46.39,0.01493
M047,2025-05-30 22:00:00,179.796,424.116,117.995,46.036,0.08333
M047,2025-05-30 23:00:00,175.612,435.489,103.496,53.259,0.29091
M048,2025-05-24 00:00:00,164.775,425.227,81.311,45.025,0.0062
M048,2025-05-24 01:00:00,150.827,480.776,93.66,40.188,0.0062
M048,2025-05-24 02:00:00,152.968,427.291,97.646,34.519,0.0062
M048,2025-05-24 03:00:00,162.583,492.651,101.002,35.85,0.0062
M048,2025-05-24 04:00:00,165.717,489.712,93.633,48.789,0.0062
M048,2025-05-24 05:00:00,172.833,464.427,101.496,49.256,0.01407
M048,2025-05-24 06:00:00,165.336,427.259,100.075,46.371,0.01407
M048,2025-05-24 07:00:00,176.089,460.089,93.533,41.198,0.01407
M048,2025-05-24 08:00:00,180.113,458.359,97.157,42.928,0.01407
M048,2025-05-24 09:00:00,175.171,476.361,112.082,41.988,0.01407
M048,2025-05-24 10:00:00,177.671,375.349,110.425,42.267,0.01407
M048,2025-05-24 11:00:00,167.964,418.721,103.996,41.135,0.01633
M048,2025-05-24 12:00:00,157.539,449.912,97.851,45.892,0.01407
M048,2025-05-24 13:00:00,156.245,444.659,107.799,41.897,0.01407
M048,2025-05-24 14:00:00,166.571,485.566,113.307,44.598,0.01407
M048,2025-05-24 15:00:00,168.693,490.876,106.456,48.217,0.01407
M048,2025-05-24 16:00:00,173.072,420.398,109.676,42.352,0.01407
M048,2025-05-24 17:00:00,179.141,408.854,109.343,46.281,0.01633
M048,2025-05-24 18:00:00,166.978,477.345,131.2,43.772,0.01633
M048,2025-05-24 19:00:00,174.166,414.057,136.388,46.083,0.01633
M048,2025-05-24 20:00:00,165.151,351.665,115.23,49.543,0.01407
M048,2025-05-24 21:00:00,170.979,381.803,92.453,48.834,0.01407
M048,2025-05-24 22:00:00,163.408,349.083,95.043,45.972,0.01407
M048,2025-05-24 23:00:00,166.632,397.701,91.756,42.523,0.01407
M048,2025-05-25 00:00:00,176.192,482.274,99.536,43.389,0.01407
M048,2025-05-25 01:00:00,168.302,495.32,88.517,43.519,0.0062
M048,2025-05-25 02:00:00,170.321,486.796,79.372,44.955,0.0062
M048,2025-05-25 03:00:00,168.214,558.032,90.08,39.554,0.0062
M048,2025-05-25 04:00:00,171.936,570.408,87.222,45.819,0.0062
M048,2025-05-25 05:00:00,170.103,459.014,89.419,44.27,0.0062
M048,2025-05-25 06:00:00,172.864,484.605,88.921,42.3,0.0062
M048,2025-05-25 07:00:00,169.903,431.433,78.078,48.953,0.0062
M048,2025-05-25 08:00:00,176.295,343.462,98.319,40.724,0.0062
M048,2025-05-25 09:00:00,177.923,398.001,107.45,37.189,0.0062
M048,2025-05-25 10:00:00,178.418,432.829,117.434,36.031,0.0062
M048,2025-05-25 11:00:00,168.365,424.283,100.076,44.725,0.0062
M048,2025-05-25 12:00:00,162.281,409.975,103.933,38.737,0.0062
M048,2025-05-25 13:00:00,180.555,422.906,94.546,35.476,0.0062
M048,2025-05-25 14:00:00,160.932,401.758,98.251,42.41,0.0062
M048,2025-05-25 15:00:00,165.247,429.442,91.74,44.619,0.0062
M048,2025-05-25 16:00:00,165.449,462.266,97.097,39.441,0.0062
M048,2025-05-25 17:00:00,168.902,446.533,75.261,43.649,0.0062
M048,2025-05-25 18:00:00,165.202,417.283,101.998,45.499,0.0062
M048,2025-05-25 19:00:00,166.068,414.133,103.177,43.427,0.0062
M048,2025-05-25 20:00:00,165.106,431.254,106.473,46.481,0.0062
M048,2025-05-25 21:00:00,164.263,452.699,98.867,37.634,0.0062
M048,2025-05-25 22:00:00,158.239,445.589,112.77,39.057,0.0062
M048,2025-05-25 23:00:00,158.968,415.325,102.856,40.867,0.0062
M048,2025-05-26 00:00:00,158.248,469.938,95.772,43.908,0.0062
M048,2025-05-26 01:00:00,160.42,431.714,105.577,44.923,0.0062
M048,2025-05-26 02:00:00,166.712,486.096,98.12,37.888,0.0062
M048,2025-05-26 03:00:00,170.39,432.106,102.858,41.034,0.0062
M048,2025-05-26 04:00:00,152.641,414.041,95.512,36.534,0.0062
M048,2025-05-26 05:00:00,155.854,424.459,103.835,35.552,0.0062
M048,2025-05-26 06:00:00,163.661,516.427,123.375,31.677,0.0062
M048,2025-05-26 07:00:00,160.893,535.135,114.632,39.541,0.0062
M048,2025-05-26 08:00:00,174.325,542.112,109.564,39.064,0.0062
M048,2025-05-26 09:00:00,157.508,560.273,115.458,41.088,0.0062
M048,2025-05-26 10:00:00,150.067,424.941,99.285,38.372,0.0062
M048,2025-05-26 11:00:00,168.227,393.707,104.986,33.734,0.0062
M048,2025-05-26 12:00:00,174.737,443.512,96.382,39.05,0.0062
M048,2025-05-26 13:00:00,171.354,435.514,111.772,42.16,0.0062
M048,2025-05-26 14:00:00,172.672,461.187,105.587,45.892,0.0062
M048,2025-05-26 15:00:00,170.792,459.602,103.031,41.79,0.0062
M048,2025-05-26 16:00:00,151.558,508.035,106.433,34.398,0.0062
M048,2025-05-26 17:00:00,155.29,482.811,105.1,39.502,0.0062
M048,2025-05-26 18:00:00,161.22,422.34,97.311,38.222,0.0062
M048,2025-05-26 19:00:00,162.652,358.649,90.487,38.682,0.0062
M048,2025-05-26 20:00:00,176.351,384.929,99.446,44.793,0.0062
M048,2025-05-26 21:00:00,167.558,421.33,97.126,44.323,0.0062
M048,2025-05-26 22:00:00,167.172,473.286,95.568,42.317,0.0062
M048,2025-05-26 23:00:00,160.057,471.46,109.817,43.636,0.0062
M048,2025-05-27 00:00:00,151.527,421.335,107.641,41.762,0.0062
M048,2025-05-27 01:00:00,164.687,468.569,92.505,43.451,0.0062
M048,2025-05-27 02:00:00,164.61,416.768,96.497,38.284,0.0062
M048,2025-05-27 03:00:00,174.638,459.5,95.021,34.628,0.0062
M048,2025-05-27 04:00:00,168.588,462.456,105.186,40.108,0.0062
M048,2025-05-27 05:00:00,167.461,482.198,112.114,44.385,0.0062
M048,2025-05-27 06:00:00,165.46,464.236,95.578,38.601,0.0062
M048,2025-05-27 07:00:00,165.167,443.386,95.852,43.193,0.0062
M048,2025-05-27 08:00:00,156.312,421.675,102.148,35.835,0.0062
M048,2025-05-27 09:00:00,148.068,404.985,111.368,34.202,0.0062
M048,2025-05-27 10:00:00,157.596,429.242,117.349,33.411,0.0062
M048,2025-05-27 11:00:00,159.213,425.059,113.662,37.459,0.0062
M048,2025-05-27 12:00:00,153.496,394.342,104.258,37.996,0.0062
M048,2025-05-27 13:00:00,147.246,437.82,104.445,45.046,0.0062
M048,2025-05-27 14:00:00,158.044,402.195,100.161,44.65,0.0062
M048,2025-05-27 15:00:00,155.541,344.598,119.07,43.97,0.01407
M048,2025-05-27 16:00:00,162.15,405.463,114.663,50.638,0.01407
M048,2025-05-27 17:00:00,168.749,389.328,113.125,41.868,0.01407
M048,2025-05-27 18:00:00,177.362,420.671,116.223,45.774,0.01407
M048,2025-05-27 19:00:00,174.511,431.27,108.943,37.063,0.01407
M048,2025-05-27 20:00:00,178.509,456.795,110.976,31.141,0.01407
M048,2025-05-27 21:00:00,176.793,479.279,98.693,39.536,0.01407
M048,2025-05-27 22:00:00,173.864,450.278,110.444,40.779,0.01407
M048,2025-05-27 23:00:00,176.753,394.585,99.966,44.245,0.01407
M048,2025-05-28 00:00:00,180.945,429.92,104.534,45.241,0.01407
M048,2025-05-28 01:00:00,161.605,442.634,101.895,40.847,0.01407
M048,2025-05-28 02:00:00,153.064,464.966,110.799,40.718,0.01407
M048,2025-05-28 03:00:00,159.74,477.747,106.631,38.794,0.01407
M048,2025-05-28 04:00:00,164.639,477.966,101.694,39.928,0.01407
M048,2025-05-28 05:00:00,162.872,469.146,104.657,33.571,0.01407
M048,2025-05-28 06:00:00,168.393,536.537,113.194,29.135,0.0062
M048,2025-05-28 07:00:00,167.642,535.372,114.182,29.297,0.0062
M048,2025-05-28 08:00:00,167.806,556.832,108.177,36.858,0.0062
M048,2025-05-28 09:00:00,172.049,474.042,108.765,38.553,0.0062
M048,2025-05-28 10:00:00,156.978,483.106,107.708,40.278,0.0062
M048,2025-05-28 11:00:00,148.534,496.994,102.916,35.135,0.0062
M048,2025-05-28 12:00:00,147.581,475.47,105.64,35.216,0.0062
M048,2025-05-28 13:00:00,150.187,482.511,93.293,35.075,0.0062
M048,2025-05-28 14:00:00,155.491,419.83,103.267,34.434,0.0062
M048,2025-05-28 15:00:00,158.686,473.27,106.748,34.199,0.0062
M048,2025-05-28 16:00:00,156.529,397.406,99.819,37.146,0.0062
M048,2025-05-28 17:00:00,163.076,439.227,100.259,35.23,0.0062
M048,2025-05-28 18:00:00,158.074,488.571,89.541,42.841,0.0062
M048,2025-05-28 19:00:00,156.457,527.582,94.355,41.122,0.0062
M048,2025-05-28 20:00:00,154.529,550.624,94.174,48.901,0.0062
M048,2025-05-28 21:00:00,164.377,492.336,96.802,46.82,0.0062
M048,2025-05-28 22:00:00,163.604,490.486,97.227,34.645,0.0062
M048,2025-05-28 23:00:00,158.752,425.47,119.652,45.984,0.01407
M048,2025-05-29 00:00:00,156.385,367.412,107.325,42.545,0.01407
M048,2025-05-29 01:00:00,161.284,402.766,113.798,41.033,0.01407
M048,2025-05-29 02:00:00,164.284,404.868,112.876,42.469,0.01407
M048,2025-05-29 03:00:00,157.448,377.818,104.547,37.807,0.0062
M048,2025-05-29 04:00:00,154.638,391.67,108.897,33.96,0.0062
M048,2025-05-29 05:00:00,158.963,365.423,104.336,32.994,0.0062
M048,2025-05-29 06:00:00,163.807,375.233,102.948,37.856,0.0062
M048,2025-05-29 07:00:00,164.803,420.063,111.67,42.245,0.0062
M048,2025-05-29 08:00:00,156.969,378.705,112.188,36.267,0.0062
M048,2025-05-29 09:00:00,157.614,420.743,104.673,38.603,0.0062
M048,2025-05-29 10:00:00,166.566,508.041,91.714,34.176,0.0062
M048,2025-05-29 11:00:00,168.753,523.688,110.211,41.861,0.0062
M048,2025-05-29 12:00:00,166.019,464.944,110.757,43.199,0.0062
M048,2025-05-29 13:00:00,160.203,455.422,102.092,41.8,0.0062
M048,2025-05-29 14:00:00,163.438,438.816,89.167,38.304,0.0062
M048,2025-05-29 15:00:00,175.359,488.951,90.317,39.468,0.0062
M048,2025-05-29 16:00:00,178.107,503.109,102.194,35.507,0.0062
M048,2025-05-29 17:00:00,173.73,505.266,102.772,38.38,0.0062
M048,2025-05-29 18:00:00,177.595,481.222,93.126,40.075,0.0062
M048,2025-05-29 19:00:00,175.735,453.009,100.254,36.486,0.0062
M048,2025-05-29 20:00:00,174.156,456.16,108.652,44.05,0.0062
M048,2025-05-29 21:00:00,170.471,416.074,108.944,45.125,0.01407
M048,2025-05-29 22:00:00,160.102,383.634,117.019,47.252,0.01407
M048,2025-05-29 23:00:00,160.475,494.583,99.412,41.703,0.01407
M048,2025-05-30 00:00:00,165.502,501.214,102.189,37.83,0.0062
M048,2025-05-30 01:00:00,178.496,502.19,114.5,35.073,0.0062
M048,2025-05-30 02:00:00,172.717,475.708,106.817,40.058,0.0062
M048,2025-05-30 03:00:00,166.196,415.641,99.652,38.576,0.0062
M048,2025-05-30 04:00:00,168.421,469.414,102.671,39.175,0.0062
M048,2025-05-30 05:00:00,171.333,512.667,112.178,35.609,0.0062
M048,2025-05-30 06:00:00,170.571,439.526,96.256,40.147,0.0062
M048,2025-05-30 07:00:00,173.347,466.732,111.033,37.37,0.0062
M048,2025-05-30 08:00:00,176.832,397.675,103.162,44.025,0.0062
M048,2025-05-30 09:00:00,171.321,341.283,95.184,37.63,0.0062
M048,2025-05-30 10:00:00,166.499,409.465,80.557,36.052,0.0062
M048,2025-05-30 11:00:00,166.263,329.261,73.793,40.032,0.0062
M048,2025-05-30 12:00:00,171.3,277.293,73.908,37.49,0.0062
M048,2025-05-30 13:00:00,179.023,423.666,92.521,36.43,0.0062
M048,2025-05-30 14:00:00,169.888,444.425,88.654,38.527,0.0062
M048,2025-05-30 15:00:00,172.459,409.544,85.719,41.016,0.0062
M048,2025-05-30 16:00:00,166.571,492.963,100.411,44.992,0.0062
M048,2025-05-30 17:00:00,174.402,528.917,101.043,39.446,0.0062
M048,2025-05-30 18:00:00,184.993,520.351,112.586,42.176,0.0062
M048,2025-05-30 19:00:00,173.287,504.721,111.418,41.629,0.0062
M048,2025-05-30 20:00:00,156.845,483.352,97.606,44.407,0.0062
M048,2025-05-30 21:00:00,162.669,490.05,96.131,37.695,0.0062
M048,2025-05-30 22:00:00,159.123,419.077,103.333,36.258,0.0062
M048,2025-05-30 23:00:00,170.444,370.429,100.652,37.741,0.0062
M049,2025-05-24 00:00:00,175.709,355.847,131.001,37.982,0.01493
M049,2025-05-24 01:00:00,170.688,470.069,123.199,42.125,0.01407
M049,2025-05-24 02:00:00,175.133,450.874,111.71,43.174,0.01407
M049,2025-05-24 03:00:00,178.003,429.072,115.276,51.143,0.01407
M049,2025-05-24 04:00:00,175.996,428.086,123.843,54.113,0.01633
M049,2025-05-24 05:00:00,183.335,476.994,119.35,46.469,0.01407
M049,2025-05-24 06:00:00,173.486,470.844,118.969,51.98,0.01407
M049,2025-05-24 07:00:00,187.434,445.69,124.194,47.734,0.0062
M049,2025-05-24 08:00:00,177.459,499.464,124.363,53.409,0.01407
M049,2025-05-24 09:00:00,171.864,504.623,110.905,46.778,0.0062
M049,2025-05-24 10:00:00,182.105,465.15,117.556,48.554,0.0062
M049,2025-05-24 11:00:00,182.198,392.451,102.348,46.253,0.0062
M049,2025-05-24 12:00:00,180.792,311.483,119.041,47.811,0.01407
M049,2025-05-24 13:00:00,178.706,364.803,140.34,40.817,0.0062
M049,2025-05-24 14:00:00,185.097,331.975,133.627,45.96,0.0062
M049,2025-05-24 15:00:00,182.516,385.102,125.198,47.188,0.01407
M049,2025-05-24 16:00:00,172.73,386.71,107.163,50.109,0.01407
M049,2025-05-24 17:00:00,173.48,433.816,113.38,50.522,0.01407
M049,2025-05-24 18:00:00,178.46,473.214,113.607,49.441,0.0062
M049,2025-05-24 19:00:00,178.008,421.297,109.186,52.225,0.0062
M049,2025-05-24 20:00:00,184.962,434.906,85.924,48.913,0.0062
M049,2025-05-24 21:00:00,185.184,431.059,96.621,46.424,0.0062
M049,2025-05-24 22:00:00,189.998,376.224,103.492,50.863,0.01407
M049,2025-05-24 23:00:00,188.941,333.399,109.685,49.484,0.01407
M049,2025-05-25 00:00:00,193.86,465.466,99.808,43.721,0.0062
M049,2025-05-25 01:00:00,193.272,384.038,118.01,40.268,0.0062
M049,2025-05-25 02:00:00,186.769,310.295,108.753,39.854,0.0062
M049,2025-05-25 03:00:00,186.045,367.697,134.257,50.744,0.0062
M049,2025-05-25 04:00:00,185.73,369.534,122.061,50.949,0.0062
M049,2025-05-25 05:00:00,188.726,415.109,107.812,55.268,0.0062
M049,2025-05-25 06:00:00,181.546,413.212,120.557,46.111,0.0062
M049,2025-05-25 07:00:00,177.209,426.659,121.803,48.204,0.0062
M049,2025-05-25 08:00:00,176.564,443.752,117.044,50.129,0.0062
M049,2025-05-25 09:00:00,178.89,403.081,125.382,44.009,0.0062
M049,2025-05-25 10:00:00,184.629,454.305,110.84,52.731,0.0062
M049,2025-05-25 11:00:00,185.439,406.796,107.103,48.771,0.0062
M049,2025-05-25 12:00:00,200.466,401.525,111.831,42.877,0.0062
M049,2025-05-25 13:00:00,188.676,379.406,107.449,39.65,0.0062
M049,2025-05-25 14:00:00,185.254,396.399,108.788,44.411,0.0062
M049,2025-05-25 15:00:00,189.041,386.041,109.204,54.825,0.0062
M049,2025-05-25 16:00:00,185.175,448.143,127.387,52.322,0.0062
M049,2025-05-25 17:00:00,185.512,422.277,116.827,56.42,0.01407
M049,2025-05-25 18:00:00,173.944,475.475,118.799,54.69,0.01407
M049,2025-05-25 19:00:00,181.799,426.315,114.349,55.702,0.01407
M049,2025-05-25 20:00:00,185.002,398.7,113.056,52.615,0.01407
M049,2025-05-25 21:00:00,177.862,444.834,103.779,52.401,0.01407
M049,2025-05-25 22:00:00,182.498,389.923,126.568,47.233,0.0062
M049,2025-05-25 23:00:00,177.699,432.373,128.356,44.859,0.0062
M049,2025-05-26 00:00:00,175.867,344.894,130.589,49.4,0.0062
M049,2025-05-26 01:00:00,184.643,314.606,119.804,48.123,0.0062
M049,2025-05-26 02:00:00,180.767,318.981,116.428,45.166,0.0062
M049,2025-05-26 03:00:00,181.477,301.32,102.135,47.086,0.0062
M049,2025-05-26 04:00:00,168.255,415.914,102.908,53.066,0.0062
M049,2025-05-26 05:00:00,165.226,397.057,123.549,57.078,0.01407
M049,2025-05-26 06:00:00,176.926,448.966,122.668,55.02,0.01633
M049,2025-05-26 07:00:00,181.817,400.302,123.126,55.131,0.01633
M049,2025-05-26 08:00:00,177.367,388.94,119.71,45.281,0.01407
M049,2025-05-26 09:00:00,172.704,325.343,124.885,49.289,0.01407
M049,2025-05-26 10:00:00,180.609,404.529,112.134,55.071,0.01407
M049,2025-05-26 11:00:00,168.12,444.856,127.568,45.641,0.01407
M049,2025-05-26 12:00:00,170.579,436.354,108.693,53.157,0.01407
M049,2025-05-26 13:00:00,177.5,466.068,118.172,59.635,0.01407
M049,2025-05-26 14:00:00,177.68,425.826,120.76,52.48,0.01633
M049,2025-05-26 15:00:00,177.964,462.558,126.757,47.626,0.01407
M049,2025-05-26 16:00:00,174.484,465.596,110.942,50.893,0.01407
M049,2025-05-26 17:00:00,183.299,493.895,122.825,48.012,0.01407
M049,2025-05-26 18:00:00,189.348,493.956,104.449,49.726,0.01407
M049,2025-05-26 19:00:00,188.992,448.924,106.928,50.748,0.01407
M049,2025-05-26 20:00:00,189.663,401.552,104.915,50.516,0.0062
M049,2025-05-26 21:00:00,196.361,363.798,104.945,47.022,0.01407
M049,2025-05-26 22:00:00,187.529,418.179,101.458,47.743,0.0062
M049,2025-05-26 23:00:00,176.662,419.011,123.796,42.217,0.01407
M049,2025-05-27 00:00:00,177.42,342.004,120.222,48.852,0.01407
M049,2025-05-27 01:00:00,171.806,310.341,119.047,47.608,0.01407
M049,2025-05-27 02:00:00,174.618,342.007,132.565,50.354,0.01407
M049,2025-05-27 03:00:00,176.867,317.467,118.932,45.875,0.01407
M049,2025-05-27 04:00:00,173.082,363.406,128.117,49.093,0.01407
M049,2025-05-27 05:00:00,177.518,459.223,114.182,47.62,0.0062
M049,2025-05-27 06:00:00,178.942,432.554,113.914,53.186,0.0062
M049,2025-05-27 07:00:00,171.251,350.9,115.231,48.884,0.0062
M049,2025-05-27 08:00:00,169.326,357.08,123.869,45.094,0.0062
M049,2025-05-27 09:00:00,178.224,446.175,135.909,44.381,0.0062
M049,2025-05-27 10:00:00,177.17,411.95,144.262,49.278,0.0062
M049,2025-05-27 11:00:00,187.158,395.395,131.284,51.691,0.0062
M049,2025-05-27 12:00:00,182.846,401.572,130.364,51.81,0.0062
M049,2025-05-27 13:00:00,171.364,400.492,126.962,49.127,0.0062
M049,2025-05-27 14:00:00,180.056,420.515,119.896,48.612,0.0062
M049,2025-05-27 15:00:00,179.256,364.688,133.591,50.613,0.0062
M049,2025-05-27 16:00:00,176.695,376.674,136.698,54.684,0.0062
M049,2025-05-27 17:00:00,183.837,403.755,121.206,59.178,0.01407
M049,2025-05-27 18:00:00,176.707,423.365,104.969,58.558,0.01407
M049,2025-05-27 19:00:00,173.056,439.641,125.003,51.874,0.01407
M049,2025-05-27 20:00:00,169.994,416.967,123.458,49.774,0.0062
M049,2025-05-27 21:00:00,168.682,460.142,109.06,46.753,0.01407
M049,2025-05-27 22:00:00,182.102,474.378,113.716,47.983,0.01407
M049,2025-05-27 23:00:00,174.559,421.954,117.475,42.343,0.0062
M049,2025-05-28 00:00:00,163.666,406.564,127.767,42.941,0.0062
M049,2025-05-28 01:00:00,180.314,428.874,122.493,37.542,0.0062
M049,2025-05-28 02:00:00,175.451,431.605,118.146,44.356,0.0062
M049,2025-05-28 03:00:00,174.376,460.75,111.773,42.136,0.0062
M049,2025-05-28 04:00:00,167.863,469.145,104.787,42.957,0.0062
M049,2025-05-28 05:00:00,173.323,422.29,124.446,52.101,0.0062
M049,2025-05-28 06:00:00,174.296,391.373,119.895,54.192,0.0062
M049,2025-05-28 07:00:00,176.33,468.078,105.202,56.434,0.01633
M049,2025-05-28 08:00:00,180.219,468.741,109.766,59.69,0.01633
M049,2025-05-28 09:00:00,181.664,437.115,113.902,52.044,0.01633
M049,2025-05-28 10:00:00,189.153,414.22,122.831,50.434,0.01633
M049,2025-05-28 11:00:00,178.975,401.761,123.254,53.719,0.01407
M049,2025-05-28 12:00:00,180.427,454.889,116.862,54.39,0.01653
M049,2025-05-28 13:00:00,176.189,459.901,104.532,55.171,0.01653
M049,2025-05-28 14:00:00,180.03,491.63,99.262,46.073,0.01407
M049,2025-05-28 15:00:00,179.511,430.005,106.149,46.123,0.01407
M049,2025-05-28 16:00:00,190.045,392.482,114.491,48.788,0.0062
M049,2025-05-28 17:00:00,189.975,391.164,115.277,48.732,0.01407
M049,2025-05-28 18:00:00,185.55,445.727,123.903,39.601,0.01407
M049,2025-05-28 19:00:00,177.044,437.527,116.832,39.449,0.01407
M049,2025-05-28 20:00:00,172.961,473.762,123.862,46.967,0.01407
M049,2025-05-28 21:00:00,164.805,437.074,121.752,53.009,0.0062
M049,2025-05-28 22:00:00,172.828,442.78,115.209,48.077,0.01407
M049,2025-05-28 23:00:00,180.022,499.631,114.812,50.823,0.0062
M049,2025-05-29 00:00:00,171.625,452.301,115.963,47.307,0.0062
M049,2025-05-29 01:00:00,185.38,475.407,120.421,48.986,0.0062
M049,2025-05-29 02:00:00,179.698,514.527,114.893,43.505,0.0062
M049,2025-05-29 03:00:00,174.283,444.629,126.788,47.348,0.0062
M049,2025-05-29 04:00:00,172.009,416.425,122.541,39.535,0.01407
M049,2025-05-29 05:00:00,169.162,483.314,119.826,45.929,0.01407
M049,2025-05-29 06:00:00,167.016,410.413,114.779,44.591,0.01407
M049,2025-05-29 07:00:00,165.795,417.359,108.372,48.626,0.01653
M049,2025-05-29 08:00:00,165.157,442.737,114.008,52.428,0.02703
M049,2025-05-29 09:00:00,161.74,468.588,118.413,51.754,0.08333
M049,2025-05-29 10:00:00,161.174,450.398,122.038,45.19,0.08333
M049,2025-05-29 11:00:00,175.549,454.097,118.994,43.703,0.02703
M049,2025-05-29 12:00:00,184.559,497.777,111.179,46.567,0.01653
M049,2025-05-29 13:00:00,186.12,478.937,119.087,50.026,0.01653
M049,2025-05-29 14:00:00,185.065,424.797,120.422,48.892,0.01653
M049,2025-05-29 15:00:00,178.57,415.182,121.507,52.648,0.02703
M049,2025-05-29 16:00:00,168.861,412.134,125.323,50.776,0.01653
M049,2025-05-29 17:00:00,174.123,359.548,121.211,55.739,0.08333
M049,2025-05-29 18:00:00,174.563,358.511,127.808,54.283,0.29091
M049,2025-05-29 19:00:00,180.906,399.288,131.43,58.824,0.29091
M049,2025-05-29 20:00:00,167.637,349.646,138.443,58.851,0.29091
M049,2025-05-29 21:00:00,172.942,342.02,136.0,58.7,0.29091
M049,2025-05-29 22:00:00,168.047,358.187,132.754,59.079,0.29091
M049,2025-05-29 23:00:00,174.34,409.464,129.487,59.834,0.29091
M049,2025-05-30 00:00:00,167.669,426.05,113.004,60.909,0.08333
M049,2025-05-30 01:00:00,164.751,421.49,114.877,58.583,0.08333
M049,2025-05-30 02:00:00,165.133,364.773,118.471,56.282,0.08333
M049,2025-05-30 03:00:00,170.028,402.551,125.24,62.643,0.08333
M049,2025-05-30 04:00:00,165.293,485.104,113.735,64.371,0.02703
M049,2025-05-30 05:00:00,173.63,452.216,115.61,63.857,0.02703
M049,2025-05-30 06:00:00,174.654,445.344,119.785,63.455,0.01653
M049,2025-05-30 07:00:00,179.34,468.209,121.394,61.839,0.01653
M049,2025-05-30 08:00:00,175.578,427.827,112.471,60.688,0.01653
M049,2025-05-30 09:00:00,180.154,436.272,105.739,63.765,0.08333
M049,2025-05-30 10:00:00,176.438,467.685,108.804,57.257,0.0062
M049,2025-05-30 11:00:00,183.705,504.353,113.377,52.078,0.0062
M049,2025-05-30 12:00:00,178.096,490.641,116.497,49.193,0.0062
M049,2025-05-30 13:00:00,181.274,523.464,106.738,47.648,0.0062
M049,2025-05-30 14:00:00,173.158,506.869,112.788,47.985,0.01407
M049,2025-05-30 15:00:00,180.544,495.904,114.399,48.964,0.01407
M049,2025-05-30 16:00:00,183.236,369.76,111.151,52.023,0.01407
M049,2025-05-30 17:00:00,190.957,378.318,122.555,47.144,0.01407
M049,2025-05-30 18:00:00,184.482,387.699,113.611,52.82,0.01633
M049,2025-05-30 19:00:00,188.837,458.656,109.045,50.009,0.01407
M049,2025-05-30 20:00:00,178.88,414.532,106.91,53.235,0.01407
M049,2025-05-30 21:00:00,176.432,452.258,107.326,55.983,0.0062
M049,2025-05-30 22:00:00,175.372,453.1,106.761,49.837,0.0062
M049,2025-05-30 23:00:00,172.157,483.849,102.74,41.207,0.0062
M050,2025-05-24 00:00:00,183.891,482.053,116.414,33.364,0.0062
M050,2025-05-24 01:00:00,186.629,459.6,128.178,37.697,0.0062
M050,2025-05-24 02:00:00,194.555,475.901,128.244,41.018,0.0062
M050,2025-05-24 03:00:00,204.377,450.273,118.473,36.276,0.0062
M050,2025-05-24 04:00:00,188.243,390.331,93.801,36.578,0.0062
M050,2025-05-24 05:00:00,198.372,399.025,109.745,40.903,0.0062
M050,2025-05-24 06:00:00,197.931,445.66,103.802,43.15,0.0062
M050,2025-05-24 07:00:00,196.466,396.534,107.948,45.94,0.0062
M050,2025-05-24 08:00:00,185.518,398.498,101.886,45.491,0.0062
M050,2025-05-24 09:00:00,183.667,403.59,115.637,47.921,0.0062
M050,2025-05-24 10:00:00,184.62,388.273,124.258,46.421,0.0062
M050,2025-05-24 11:00:00,187.736,394.154,118.429,44.733,0.0062
M050,2025-05-24 12:00:00,195.623,337.082,123.1,49.703,0.0062
M050,2025-05-24 13:00:00,194.695,368.672,119.752,45.306,0.0062
M050,2025-05-24 14:00:00,186.405,343.986,122.004,45.366,0.0062
M050,2025-05-24 15:00:00,180.292,431.798,115.922,45.366,0.0062
M050,2025-05-24 16:00:00,187.641,400.533,115.092,47.082,0.0062
M050,2025-05-24 17:00:00,186.89,449.989,121.16,48.373,0.0062
M050,2025-05-24 18:00:00,192.108,450.951,128.042,53.159,0.0062
M050,2025-05-24 19:00:00,183.473,489.826,118.373,48.244,0.0062
M050,2025-05-24 20:00:00,173.138,475.578,116.097,54.115,0.0062
M050,2025-05-24 21:00:00,179.7,421.21,114.683,47.621,0.0062
M050,2025-05-24 22:00:00,174.505,385.784,115.838,46.209,0.0062
M050,2025-05-24 23:00:00,183.781,466.479,106.156,46.429,0.0062
M050,2025-05-25 00:00:00,177.382,475.204,111.136,43.009,0.0062
M050,2025-05-25 01:00:00,175.353,476.903,101.761,38.239,0.0062
M050,2025-05-25 02:00:00,184.576,503.163,101.054,42.084,0.0062
M050,2025-05-25 03:00:00,179.133,479.735,108.384,37.874,0.0062
M050,2025-05-25 04:00:00,166.133,497.677,103.108,46.155,0.0062
M050,2025-05-25 05:00:00,173.407,441.713,114.839,41.558,0.0062
M050,2025-05-25 06:00:00,179.267,433.99,129.1,45.176,0.01633
M050,2025-05-25 07:00:00,188.826,489.483,118.959,42.912,0.01407
M050,2025-05-25 08:00:00,193.804,495.351,113.328,43.508,0.01407
M050,2025-05-25 09:00:00,197.157,483.467,113.038,35.766,0.0062
M050,2025-05-25 10:00:00,198.877,454.768,110.128,40.415,0.0062
M050,2025-05-25 11:00:00,197.603,445.193,105.193,40.275,0.0062
M050,2025-05-25 12:00:00,183.741,446.055,105.959,34.871,0.0062
M050,2025-05-25 13:00:00,176.972,468.738,115.851,37.861,0.0062
M050,2025-05-25 14:00:00,173.157,530.351,109.103,45.029,0.0062
M050,2025-05-25 15:00:00,178.722,493.844,106.868,46.872,0.01653
M050,2025-05-25 16:00:00,189.174,520.579,109.241,38.726,0.01633
M050,2025-05-25 17:00:00,184.624,544.028,105.409,44.125,0.01633
M050,2025-05-25 18:00:00,189.153,530.989,105.261,42.771,0.01407
M050,2025-05-25 19:00:00,196.672,499.213,95.698,41.275,0.01407
M050,2025-05-25 20:00:00,185.011,473.28,99.626,36.937,0.0062
M050,2025-05-25 21:00:00,185.582,419.307,100.006,41.28,0.0062
M050,2025-05-25 22:00:00,186.947,425.505,90.328,50.346,0.01407
M050,2025-05-25 23:00:00,190.387,404.494,93.943,48.533,0.01407
M050,2025-05-26 00:00:00,191.202,407.202,113.066,47.144,0.0062
M050,2025-05-26 01:00:00,204.557,398.787,108.138,43.037,0.01407
M050,2025-05-26 02:00:00,194.518,452.719,109.592,40.839,0.0062
M050,2025-05-26 03:00:00,185.951,497.632,109.969,43.16,0.0062
M050,2025-05-26 04:00:00,173.498,467.991,100.453,46.422,0.0062
M050,2025-05-26 05:00:00,175.655,466.707,102.05,44.592,0.01633
M050,2025-05-26 06:00:00,176.513,499.867,129.862,48.502,0.01653
M050,2025-05-26 07:00:00,182.887,442.276,117.231,44.112,0.02703
M050,2025-05-26 08:00:00,178.902,463.755,110.682,43.197,0.02703
M050,2025-05-26 09:00:00,178.222,416.669,94.16,40.637,0.02703
M050,2025-05-26 10:00:00,186.396,405.3,105.778,39.964,0.01653
M050,2025-05-26 11:00:00,179.35,437.925,108.322,43.318,0.01653
M050,2025-05-26 12:00:00,177.187,491.207,119.62,46.526,0.0062
M050,2025-05-26 13:00:00,171.706,428.8,108.629,48.757,0.0062
M050,2025-05-26 14:00:00,193.281,511.911,115.612,48.417,0.0062
M050,2025-05-26 15:00:00,185.335,531.123,110.812,44.343,0.0062
M050,2025-05-26 16:00:00,190.683,531.524,117.06,41.332,0.0062
M050,2025-05-26 17:00:00,176.244,343.617,103.412,42.374,0.0062
M050,2025-05-26 18:00:00,170.143,327.643,113.941,38.774,0.0062
M050,2025-05-26 19:00:00,173.732,361.675,111.206,37.914,0.0062
M050,2025-05-26 20:00:00,174.898,402.986,117.633,51.689,0.01407
M050,2025-05-26 21:00:00,183.217,405.96,122.73,44.803,0.0062
M050,2025-05-26 22:00:00,180.686,354.474,122.0,46.799,0.0062
M050,2025-05-26 23:00:00,180.3,365.327,110.26,43.328,0.0062
M050,2025-05-27 00:00:00,184.129,406.828,111.461,46.807,0.0062
M050,2025-05-27 01:00:00,197.726,422.819,113.412,45.944,0.0062
M050,2025-05-27 02:00:00,184.361,513.531,104.361,49.506,0.0062
M050,2025-05-27 03:00:00,183.175,490.669,110.247,45.329,0.0062
M050,2025-05-27 04:00:00,180.87,459.073,109.181,48.948,0.0062
M050,2025-05-27 05:00:00,176.973,427.532,104.169,47.283,0.0062
M050,2025-05-27 06:00:00,177.546,451.052,102.517,48.237,0.0062
M050,2025-05-27 07:00:00,170.904,460.143,93.279,47.266,0.0062
M050,2025-05-27 08:00:00,181.971,493.766,107.38,52.731,0.0062
M050,2025-05-27 09:00:00,185.847,400.064,112.087,50.603,0.0062
M050,2025-05-27 10:00:00,195.607,372.222,100.775,48.301,0.0062
M050,2025-05-27 11:00:00,187.385,360.457,103.891,48.199,0.0062
M050,2025-05-27 12:00:00,176.076,427.783,111.001,53.155,0.01407
M050,2025-05-27 13:00:00,186.112,402.709,107.335,45.67,0.0062
M050,2025-05-27 14:00:00,193.82,430.342,119.291,50.288,0.0062
M050,2025-05-27 15:00:00,173.438,431.716,118.591,45.871,0.0062
M050,2025-05-27 16:00:00,170.607,398.922,111.476,35.614,0.01407
M050,2025-05-27 17:00:00,173.896,380.453,119.346,44.326,0.01633
M050,2025-05-27 18:00:00,183.595,409.74,116.03,42.744,0.01407
M050,2025-05-27 19:00:00,181.365,429.391,122.613,49.656,0.0062
M050,2025-05-27 20:00:00,194.07,449.252,127.82,54.293,0.0062
M050,2025-05-27 21:00:00,187.209,417.034,129.012,57.313,0.01653
M050,2025-05-27 22:00:00,193.305,331.747,106.754,48.686,0.01653
M050,2025-05-27 23:00:00,185.574,418.851,104.063,45.836,0.01407
M050,2025-05-28 00:00:00,176.075,377.589,118.958,45.805,0.01407
M050,2025-05-28 01:00:00,166.787,338.077,97.402,43.91,0.01407
M050,2025-05-28 02:00:00,165.022,315.782,107.031,45.154,0.01633
M050,2025-05-28 03:00:00,173.921,407.823,107.487,43.637,0.01407
M050,2025-05-28 04:00:00,166.108,371.8,96.323,49.45,0.01407
M050,2025-05-28 05:00:00,174.554,414.262,91.396,48.407,0.01407
M050,2025-05-28 06:00:00,182.399,417.433,94.713,50.323,0.01407
M050,2025-05-28 07:00:00,175.191,406.606,98.914,45.592,0.0062
M050,2025-05-28 08:00:00,178.002,412.098,113.246,48.734,0.01407
M050,2025-05-28 09:00:00,176.16,349.725,104.126,41.588,0.01407
M050,2025-05-28 10:00:00,175.059,373.755,122.871,41.789,0.01407
M050,2025-05-28 11:00:00,177.813,358.442,120.416,47.443,0.01633
M050,2025-05-28 12:00:00,182.197,400.926,98.638,42.15,0.01633
M050,2025-05-28 13:00:00,179.261,423.776,97.717,43.725,0.01407
M050,2025-05-28 14:00:00,182.88,410.266,98.229,41.45,0.0062
M050,2025-05-28 15:00:00,188.378,408.32,104.895,47.415,0.01407
M050,2025-05-28 16:00:00,189.49,457.088,102.927,47.345,0.01407
M050,2025-05-28 17:00:00,184.867,460.004,114.967,45.185,0.01407
M050,2025-05-28 18:00:00,179.417,491.603,122.063,52.817,0.01407
M050,2025-05-28 19:00:00,178.464,450.354,105.805,54.624,0.01493
M050,2025-05-28 20:00:00,178.082,464.88,101.586,46.524,0.01407
M050,2025-05-28 21:00:00,182.423,484.519,101.54,44.111,0.0062
M050,2025-05-28 22:00:00,183.542,525.848,104.695,41.607,0.0062
M050,2025-05-28 23:00:00,187.945,497.043,114.675,41.373,0.0062
M050,2025-05-29 00:00:00,191.524,482.147,110.265,39.581,0.0062
M050,2025-05-29 01:00:00,191.925,461.586,106.972,42.032,0.0062
M050,2025-05-29 02:00:00,178.985,472.624,123.662,48.047,0.0062
M050,2025-05-29 03:00:00,190.077,470.154,122.742,49.81,0.0062
M050,2025-05-29 04:00:00,183.568,440.339,126.583,59.35,0.01407
M050,2025-05-29 05:00:00,182.35,351.558,105.48,58.111,0.01407
M050,2025-05-29 06:00:00,187.059,310.332,111.791,45.877,0.01633
M050,2025-05-29 07:00:00,185.615,396.769,101.628,44.842,0.0062
M050,2025-05-29 08:00:00,173.735,438.531,102.99,40.857,0.0062
M050,2025-05-29 09:00:00,172.557,551.185,114.165,41.272,0.0062
M050,2025-05-29 10:00:00,179.366,557.328,113.745,42.601,0.0062
M050,2025-05-29 11:00:00,176.398,508.566,100.977,41.184,0.0062
M050,2025-05-29 12:00:00,184.567,497.148,111.399,44.594,0.0062
M050,2025-05-29 13:00:00,186.806,422.279,107.961,34.584,0.0062
M050,2025-05-29 14:00:00,172.337,455.211,109.425,42.942,0.0062
M050,2025-05-29 15:00:00,168.983,505.969,107.496,41.186,0.0062
M050,2025-05-29 16:00:00,167.622,480.294,104.787,34.7,0.0062
M050,2025-05-29 17:00:00,167.808,476.218,107.706,38.37,0.0062
M050,2025-05-29 18:00:00,181.66,446.946,116.471,38.858,0.0062
M050,2025-05-29 19:00:00,172.684,353.194,126.27,37.241,0.0062
M050,2025-05-29 20:00:00,171.736,344.383,118.529,43.555,0.0062
M050,2025-05-29 21:00:00,182.582,408.343,111.385,45.805,0.01633
M050,2025-05-29 22:00:00,180.241,412.142,106.032,45.326,0.01633
M050,2025-05-29 23:00:00,175.684,431.787,106.935,42.347,0.01407
M050,2025-05-30 00:00:00,169.579,421.299,114.193,38.378,0.01407
M050,2025-05-30 01:00:00,172.388,440.485,106.071,40.324,0.0062
M050,2025-05-30 02:00:00,176.509,486.393,103.385,36.338,0.0062
M050,2025-05-30 03:00:00,182.357,499.078,107.381,34.886,0.0062
M050,2025-05-30 04:00:00,183.114,560.833,112.798,48.629,0.0062
M050,2025-05-30 05:00:00,187.411,522.909,116.05,50.413,0.0062
M050,2025-05-30 06:00:00,183.772,448.726,118.996,57.984,0.0062
M050,2025-05-30 07:00:00,180.199,419.893,120.623,48.874,0.0062
M050,2025-05-30 08:00:00,187.371,383.633,129.651,46.461,0.01407
M050,2025-05-30 09:00:00,174.08,454.422,125.506,51.041,0.01407
M050,2025-05-30 10:00:00,171.61,516.392,139.054,48.272,0.01407
M050,2025-05-30 11:00:00,170.766,579.614,134.57,47.25,0.0062
M050,2025-05-30 12:00:00,177.256,471.152,131.38,47.013,0.01407
M050,2025-05-30 13:00:00,184.52,456.832,110.885,51.717,0.01407
M050,2025-05-30 14:00:00,182.942,499.228,92.792,45.386,0.0062
M050,2025-05-30 15:00:00,177.096,511.862,97.821,46.675,0.0062
M050,2025-05-30 16:00:00,191.013,438.881,113.176,42.213,0.0062
M050,2025-05-30 17:00:00,197.371,449.313,111.553,46.773,0.0062
M050,2025-05-30 18:00:00,188.289,470.773,106.062,44.822,0.0062
M050,2025-05-30 19:00:00,197.849,443.682,105.243,45.087,0.0062
M050,2025-05-30 20:00:00,190.138,424.178,105.372,45.15,0.0062
M050,2025-05-30 21:00:00,180.095,461.32,116.936,50.271,0.0062
M050,2025-05-30 22:00:00,175.025,408.23,126.091,47.437,0.0062
M050,2025-05-30 23:00:00,183.159,469.169,109.171,46.754,0.0062
M051,2025-05-24 00:00:00,181.058,496.664,124.533,46.431,0.0062
M051,2025-05-24 01:00:00,174.161,512.353,121.266,49.668,0.0062
M051,2025-05-24 02:00:00,172.958,472.976,115.803,51.549,0.0062
M051,2025-05-24 03:00:00,169.772,460.338,134.88,52.552,0.0062
M051,2025-05-24 04:00:00,173.376,499.624,132.763,46.853,0.0062
M051,2025-05-24 05:00:00,175.263,436.452,130.629,48.174,0.0062
M051,2025-05-24 06:00:00,178.064,370.979,140.223,48.447,0.0062
M051,2025-05-24 07:00:00,176.687,408.444,134.656,52.667,0.0062
M051,2025-05-24 08:00:00,170.14,490.269,140.04,47.722,0.0062
M051,2025-05-24 09:00:00,183.93,502.319,144.999,46.952,0.0062
M051,2025-05-24 10:00:00,187.731,472.434,140.265,42.059,0.0062
M051,2025-05-24 11:00:00,178.969,465.62,133.784,42.24,0.0062
M051,2025-05-24 12:00:00,192.39,529.911,134.1,47.82,0.0062
M051,2025-05-24 13:00:00,198.318,558.467,121.543,48.024,0.0062
M051,2025-05-24 14:00:00,191.211,512.08,111.234,50.456,0.0062
M051,2025-05-24 15:00:00,189.155,452.02,125.825,46.816,0.0062
M051,2025-05-24 16:00:00,186.963,523.581,119.258,42.516,0.0062
M051,2025-05-24 17:00:00,182.64,526.208,106.32,41.105,0.0062
M051,2025-05-24 18:00:00,178.268,559.071,111.525,39.453,0.0062
M051,2025-05-24 19:00:00,177.054,517.764,106.361,38.004,0.0062
M051,2025-05-24 20:00:00,185.317,505.442,108.2,38.047,0.0062
M051,2025-05-24 21:00:00,187.89,485.676,119.315,46.668,0.0062
M051,2025-05-24 22:00:00,186.63,463.099,108.758,45.072,0.0062
M051,2025-05-24 23:00:00,184.532,476.098,118.951,44.887,0.0062
M051,2025-05-25 00:00:00,182.525,494.195,138.184,47.34,0.0062
M051,2025-05-25 01:00:00,188.875,484.463,132.104,45.489,0.0062
M051,2025-05-25 02:00:00,182.097,497.606,137.84,47.628,0.0062
M051,2025-05-25 03:00:00,181.607,552.886,127.143,45.545,0.0062
M051,2025-05-25 04:00:00,189.751,484.287,124.348,40.477,0.0062
M051,2025-05-25 05:00:00,190.393,509.531,117.317,34.831,0.0062
M051,2025-05-25 06:00:00,191.413,527.225,116.626,44.856,0.0062
M051,2025-05-25 07:00:00,179.53,532.112,121.942,48.934,0.0062
M051,2025-05-25 08:00:00,175.379,509.197,119.342,55.769,0.0062
M051,2025-05-25 09:00:00,172.944,425.388,128.159,52.778,0.0062
M051,2025-05-25 10:00:00,173.674,511.374,110.174,52.993,0.0062
M051,2025-05-25 11:00:00,175.582,544.248,112.301,47.661,0.0062
M051,2025-05-25 12:00:00,173.003,524.297,109.963,42.192,0.0062
M051,2025-05-25 13:00:00,186.397,547.084,107.932,41.264,0.0062
M051,2025-05-25 14:00:00,184.176,507.186,102.346,39.863,0.0062
M051,2025-05-25 15:00:00,187.786,474.119,117.56,37.721,0.0062
M051,2025-05-25 16:00:00,176.71,489.103,105.792,47.887,0.0062
M051,2025-05-25 17:00:00,180.243,394.219,108.14,40.334,0.0062
M051,2025-05-25 18:00:00,172.059,410.219,92.532,40.926,0.0062
M051,2025-05-25 19:00:00,171.577,400.634,92.942,39.558,0.0062
M051,2025-05-25 20:00:00,179.207,368.013,107.153,36.869,0.0062
M051,2025-05-25 21:00:00,170.37,379.554,96.137,40.763,0.0062
M051,2025-05-25 22:00:00,178.645,355.144,97.922,41.029,0.0062
M051,2025-05-25 23:00:00,175.077,358.545,104.757,37.769,0.0062
M051,2025-05-26 00:00:00,174.609,402.793,95.516,49.622,0.0062
M051,2025-05-26 01:00:00,193.393,428.349,98.549,47.321,0.0062
M051,2025-05-26 02:00:00,178.307,484.238,96.999,51.973,0.0062
M051,2025-05-26 03:00:00,175.024,497.48,91.338,49.62,0.0062
M051,2025-05-26 04:00:00,184.177,465.643,106.437,45.878,0.0062
M051,2025-05-26 05:00:00,190.388,391.691,111.806,35.945,0.0062
M051,2025-05-26 06:00:00,186.797,466.915,112.555,34.031,0.0062
M051,2025-05-26 07:00:00,186.861,451.107,122.951,39.618,0.0062
M051,2025-05-26 08:00:00,199.945,450.017,111.824,47.758,0.01653
M051,2025-05-26 09:00:00,199.565,427.214,97.694,47.581,0.02703
M051,2025-05-26 10:00:00,184.86,453.116,97.453,50.878,0.02703
M051,2025-05-26 11:00:00,186.475,416.35,101.532,50.485,0.02703
M051,2025-05-26 12:00:00,189.579,343.144,107.791,51.25,0.08333
M051,2025-05-26 13:00:00,185.951,417.355,121.116,47.399,0.08333
M051,2025-05-26 14:00:00,171.376,461.604,122.099,43.191,0.02703
M051,2025-05-26 15:00:00,176.575,411.29,129.569,47.971,0.02703
M051,2025-05-26 16:00:00,174.311,415.892,116.596,52.198,0.02703
M051,2025-05-26 17:00:00,177.361,420.574,132.048,43.362,0.01653
M051,2025-05-26 18:00:00,185.008,436.595,122.459,46.608,0.01653
M051,2025-05-26 19:00:00,188.476,452.686,118.93,45.123,0.01653
M051,2025-05-26 20:00:00,187.735,426.467,119.537,46.89,0.01407
M051,2025-05-26 21:00:00,183.065,406.88,109.77,44.187,0.01407
M051,2025-05-26 22:00:00,193.792,382.393,108.042,46.974,0.01407
M051,2025-05-26 23:00:00,188.357,406.718,100.314,49.409,0.0062
M051,2025-05-27 00:00:00,180.776,445.461,108.249,52.47,0.01407
M051,2025-05-27 01:00:00,178.438,494.433,120.797,58.259,0.01653
M051,2025-05-27 02:00:00,180.836,435.939,98.285,56.829,0.01653
M051,2025-05-27 03:00:00,185.469,432.664,104.889,51.697,0.01633
M051,2025-05-27 04:00:00,187.321,424.247,94.146,49.325,0.01407
M051,2025-05-27 05:00:00,183.686,435.88,101.601,47.67,0.0062
M051,2025-05-27 06:00:00,189.376,436.691,104.703,43.905,0.0062
M051,2025-05-27 07:00:00,192.568,457.511,94.385,48.628,0.0062
M051,2025-05-27 08:00:00,191.841,485.763,99.063,50.544,0.0062
M051,2025-05-27 09:00:00,189.188,445.513,100.161,45.745,0.0062
M051,2025-05-27 10:00:00,183.444,402.453,98.378,44.282,0.0062
M051,2025-05-27 11:00:00,186.578,406.758,97.421,49.827,0.0062
M051,2025-05-27 12:00:00,171.053,362.223,95.953,52.627,0.0062
M051,2025-05-27 13:00:00,171.239,408.404,100.107,49.268,0.0062
M051,2025-05-27 14:00:00,181.118,383.189,113.922,47.09,0.0062
M051,2025-05-27 15:00:00,183.854,458.872,102.494,47.742,0.0062
M051,2025-05-27 16:00:00,175.338,381.814,110.673,41.766,0.0062
M051,2025-05-27 17:00:00,188.974,471.49,115.156,38.143,0.0062
M051,2025-05-27 18:00:00,193.948,465.299,99.558,42.371,0.0062
M051,2025-05-27 19:00:00,183.581,467.976,110.82,47.53,0.0062
M051,2025-05-27 20:00:00,183.686,443.121,114.893,47.997,0.0062
M051,2025-05-27 21:00:00,182.08,490.333,100.772,53.512,0.0062
M051,2025-05-27 22:00:00,185.574,469.235,96.949,45.265,0.0062
M051,2025-05-27 23:00:00,193.326,379.521,95.992,44.996,0.0062
M051,2025-05-28 00:00:00,184.885,396.25,106.823,53.498,0.0062
M051,2025-05-28 01:00:00,177.919,477.281,116.191,44.206,0.0062
M051,2025-05-28 02:00:00,174.384,427.231,113.922,50.496,0.0062
M051,2025-05-28 03:00:00,191.209,436.594,117.208,54.566,0.0062
M051,2025-05-28 04:00:00,183.211,417.723,105.365,50.189,0.01407
M051,2025-05-28 05:00:00,182.297,445.772,111.76,46.006,0.01407
M051,2025-05-28 06:00:00,183.722,478.704,92.61,46.629,0.0062
M051,2025-05-28 07:00:00,180.296,526.524,91.936,43.613,0.0062
M051,2025-05-28 08:00:00,183.387,606.853,111.89,45.487,0.0062
M051,2025-05-28 09:00:00,189.578,554.166,106.036,46.213,0.0062
M051,2025-05-28 10:00:00,197.593,502.734,104.966,45.462,0.0062
M051,2025-05-28 11:00:00,196.436,543.688,102.896,44.653,0.0062
M051,2025-05-28 12:00:00,183.708,500.232,111.229,36.198,0.0062
M051,2025-05-28 13:00:00,187.534,521.95,119.953,42.339,0.0062
M051,2025-05-28 14:00:00,179.478,518.917,119.969,39.693,0.0062
M051,2025-05-28 15:00:00,181.926,508.491,127.218,36.426,0.0062
M051,2025-05-28 16:00:00,186.607,453.703,118.468,36.155,0.0062
M051,2025-05-28 17:00:00,185.648,472.116,125.227,38.259,0.0062
M051,2025-05-28 18:00:00,184.81,491.211,109.344,38.338,0.0062
M051,2025-05-28 19:00:00,189.317,533.437,104.632,38.1,0.0062
M051,2025-05-28 20:00:00,189.042,561.232,102.891,38.97,0.0062
M051,2025-05-28 21:00:00,196.509,456.646,101.407,40.693,0.0062
M051,2025-05-28 22:00:00,193.461,471.994,108.547,44.847,0.0062
M051,2025-05-28 23:00:00,190.791,441.809,114.75,45.352,0.0062
M051,2025-05-29 00:00:00,196.442,507.934,116.228,47.622,0.0062
M051,2025-05-29 01:00:00,182.217,428.991,122.546,44.263,0.0062
M051,2025-05-29 02:00:00,179.667,476.273,122.499,48.358,0.0062
M051,2025-05-29 03:00:00,180.774,490.062,116.197,49.477,0.0062
M051,2025-05-29 04:00:00,185.665,437.791,120.908,48.381,0.0062
M051,2025-05-29 05:00:00,191.319,361.523,109.971,47.933,0.0062
M051,2025-05-29 06:00:00,181.682,378.224,109.643,49.601,0.0062
M051,2025-05-29 07:00:00,181.359,372.646,107.81,54.736,0.0062
M051,2025-05-29 08:00:00,175.982,350.302,112.057,51.786,0.01407
M051,2025-05-29 09:00:00,180.237,371.374,125.726,50.404,0.01407
M051,2025-05-29 10:00:00,182.277,480.238,122.427,47.23,0.0062
M051,2025-05-29 11:00:00,187.442,452.865,127.765,46.648,0.0062
M051,2025-05-29 12:00:00,181.682,518.209,116.146,48.241,0.0062
M051,2025-05-29 13:00:00,170.353,443.748,123.399,45.791,0.0062
M051,2025-05-29 14:00:00,177.838,424.507,109.087,46.038,0.0062
M051,2025-05-29 15:00:00,182.762,438.032,121.899,44.889,0.0062
M051,2025-05-29 16:00:00,181.194,369.604,117.139,47.869,0.0062
M051,2025-05-29 17:00:00,187.181,338.293,120.189,53.91,0.0062
M051,2025-05-29 18:00:00,184.13,399.989,108.679,60.56,0.01653
M051,2025-05-29 19:00:00,178.86,388.356,115.032,59.834,0.02703
M051,2025-05-29 20:00:00,183.923,352.727,119.041,58.392,0.02703
M051,2025-05-29 21:00:00,184.097,433.929,122.042,49.493,0.01653
M051,2025-05-29 22:00:00,181.033,468.927,112.176,49.583,0.01407
M051,2025-05-29 23:00:00,183.768,491.16,104.698,47.492,0.0062
M051,2025-05-30 00:00:00,174.112,522.504,115.451,41.006,0.0062
M051,2025-05-30 01:00:00,184.728,445.923,102.179,40.742,0.0062
M051,2025-05-30 02:00:00,184.955,475.081,104.997,33.14,0.0062
M051,2025-05-30 03:00:00,189.31,487.133,118.03,36.165,0.0062
M051,2025-05-30 04:00:00,175.971,485.093,113.175,38.667,0.0062
M051,2025-05-30 05:00:00,170.638,432.094,107.377,46.799,0.0062
M051,2025-05-30 06:00:00,188.715,444.763,106.364,47.545,0.02703
M051,2025-05-30 07:00:00,178.743,412.406,103.103,47.557,0.08333
M051,2025-05-30 08:00:00,168.372,481.445,97.114,44.507,0.02703
M051,2025-05-30 09:00:00,178.403,503.428,113.613,50.325,0.02703
M051,2025-05-30 10:00:00,185.71,528.999,115.194,51.17,0.01653
M051,2025-05-30 11:00:00,187.953,505.007,113.373,50.817,0.02703
M051,2025-05-30 12:00:00,182.219,464.892,122.039,49.793,0.02703
M051,2025-05-30 13:00:00,183.081,452.533,130.352,58.643,0.08333
M051,2025-05-30 14:00:00,172.885,435.597,122.27,51.817,0.08333
M051,2025-05-30 15:00:00,179.558,511.423,128.432,49.412,0.02703
M051,2025-05-30 16:00:00,168.556,525.028,135.937,49.325,0.01653
M051,2025-05-30 17:00:00,179.454,507.101,126.809,50.344,0.01653
M051,2025-05-30 18:00:00,178.348,470.931,113.413,48.202,0.01633
M051,2025-05-30 19:00:00,181.199,434.531,122.634,48.202,0.01633
M051,2025-05-30 20:00:00,187.609,463.049,123.3,48.04,0.01407
M051,2025-05-30 21:00:00,188.112,474.157,114.065,49.07,0.01407
M051,2025-05-30 22:00:00,178.775,424.418,112.944,46.785,0.01407
M051,2025-05-30 23:00:00,178.886,434.869,120.009,52.452,0.01407
M052,2025-05-24 00:00:00,179.786,433.875,103.683,50.076,0.0
M052,2025-05-24 01:00:00,180.516,412.174,115.637,52.683,0.0
M052,2025-05-24 02:00:00,184.063,471.57,98.397,49.763,0.0
M052,2025-05-24 03:00:00,175.919,476.425,97.272,52.594,0.0
M052,2025-05-24 04:00:00,162.755,494.382,105.909,54.94,0.0
M052,2025-05-24 05:00:00,169.239,404.201,128.336,54.333,0.0
M052,2025-05-24 06:00:00,165.628,386.768,113.345,63.827,0.0
M052,2025-05-24 07:00:00,176.818,374.102,122.458,57.501,0.0
M052,2025-05-24 08:00:00,171.733,381.315,121.974,55.141,0.0
M052,2025-05-24 09:00:00,176.136,372.163,108.301,54.687,0.0
M052,2025-05-24 10:00:00,179.778,377.733,114.264,52.413,0.0
M052,2025-05-24 11:00:00,181.761,384.919,111.645,48.073,0.0
M052,2025-05-24 12:00:00,194.465,456.702,109.312,47.906,0.0
M052,2025-05-24 13:00:00,191.415,516.769,104.168,49.138,0.0
M052,2025-05-24 14:00:00,198.034,543.005,117.468,49.682,0.0
M052,2025-05-24 15:00:00,188.868,491.943,114.668,51.266,0.0
M052,2025-05-24 16:00:00,195.445,491.461,108.796,55.375,0.0
M052,2025-05-24 17:00:00,203.612,491.883,109.854,54.538,0.0
M052,2025-05-24 18:00:00,196.484,486.062,104.549,54.807,0.0
M052,2025-05-24 19:00:00,190.499,431.311,103.204,51.602,0.0
M052,2025-05-24 20:00:00,170.042,452.507,121.836,57.161,0.0
M052,2025-05-24 21:00:00,175.706,483.021,139.285,55.856,0.0062
M052,2025-05-24 22:00:00,184.714,495.405,130.493,52.161,0.0062
M052,2025-05-24 23:00:00,182.524,447.245,134.755,53.587,0.0062
M052,2025-05-25 00:00:00,179.766,497.194,132.21,53.596,0.0
M052,2025-05-25 01:00:00,185.05,441.132,114.234,55.241,0.0062
M052,2025-05-25 02:00:00,187.886,420.961,115.66,59.299,0.0062
M052,2025-05-25 03:00:00,181.32,429.453,105.501,59.412,0.0062
M052,2025-05-25 04:00:00,175.016,462.798,100.68,53.356,0.0062
M052,2025-05-25 05:00:00,172.802,481.406,92.235,48.974,0.0062
M052,2025-05-25 06:00:00,166.944,421.477,84.729,47.646,0.0
M052,2025-05-25 07:00:00,170.722,445.448,97.34,53.651,0.0
M052,2025-05-25 08:00:00,179.834,420.486,95.721,51.178,0.0
M052,2025-05-25 09:00:00,194.696,416.662,99.549,55.985,0.0
M052,2025-05-25 10:00:00,179.011,447.239,98.347,54.946,0.0
M052,2025-05-25 11:00:00,164.749,388.317,96.695,54.324,0.0
M052,2025-05-25 12:00:00,173.357,414.98,100.376,56.949,0.0
M052,2025-05-25 13:00:00,176.481,451.721,100.507,55.976,0.0
M052,2025-05-25 14:00:00,177.61,464.348,112.212,57.258,0.0
M052,2025-05-25 15:00:00,183.43,487.851,114.7,58.034,0.0
M052,2025-05-25 16:00:00,188.037,594.201,131.024,57.537,0.0
M052,2025-05-25 17:00:00,189.164,506.847,101.629,51.007,0.0
M052,2025-05-25 18:00:00,192.206,459.385,109.011,56.56,0.0
M052,2025-05-25 19:00:00,183.512,462.266,114.255,55.749,0.0
M052,2025-05-25 20:00:00,187.711,510.458,116.303,57.567,0.0
M052,2025-05-25 21:00:00,179.817,449.551,105.585,53.236,0.0
M052,2025-05-25 22:00:00,187.789,482.189,115.354,50.191,0.0
M052,2025-05-25 23:00:00,190.351,481.856,105.086,57.83,0.0
M052,2025-05-26 00:00:00,184.038,458.775,111.766,58.752,0.0
M052,2025-05-26 01:00:00,183.634,448.145,102.684,55.84,0.0
M052,2025-05-26 02:00:00,179.363,449.554,94.667,54.245,0.0
M052,2025-05-26 03:00:00,176.85,359.003,91.241,52.671,0.00505
M052,2025-05-26 04:00:00,165.277,375.865,107.873,53.283,0.0062
M052,2025-05-26 05:00:00,177.401,406.456,104.548,55.227,0.0062
M052,2025-05-26 06:00:00,181.107,497.482,105.564,57.536,0.0062
M052,2025-05-26 07:00:00,178.052,528.275,109.132,53.836,0.0
M052,2025-05-26 08:00:00,179.71,553.584,118.164,55.887,0.0
M052,2025-05-26 09:00:00,167.679,474.865,123.78,55.021,0.00505
M052,2025-05-26 10:00:00,180.555,528.882,111.222,50.134,0.0
M052,2025-05-26 11:00:00,175.807,486.36,124.692,46.373,0.00505
M052,2025-05-26 12:00:00,169.156,482.485,123.767,45.017,0.00505
M052,2025-05-26 13:00:00,175.905,450.87,126.785,48.611,0.00505
M052,2025-05-26 14:00:00,185.5,408.812,113.913,49.187,0.0062
M052,2025-05-26 15:00:00,185.759,438.451,99.571,59.086,0.0062
M052,2025-05-26 16:00:00,186.132,387.622,102.28,56.067,0.0062
M052,2025-05-26 17:00:00,179.736,429.763,91.261,60.232,0.0062
M052,2025-05-26 18:00:00,173.79,495.523,107.833,59.955,0.0062
M052,2025-05-26 19:00:00,175.208,483.329,101.478,59.817,0.0062
M052,2025-05-26 20:00:00,183.804,444.214,116.761,55.94,0.0062
M052,2025-05-26 21:00:00,185.019,459.815,111.748,55.358,0.0062
M052,2025-05-26 22:00:00,185.085,424.56,102.114,45.052,0.0062
M052,2025-05-26 23:00:00,182.968,405.731,95.455,48.488,0.0062
M052,2025-05-27 00:00:00,181.428,484.72,104.928,48.88,0.0062
M052,2025-05-27 01:00:00,176.526,528.612,114.325,51.622,0.0062
M052,2025-05-27 02:00:00,177.403,488.096,99.471,51.411,0.0062
M052,2025-05-27 03:00:00,176.099,547.299,101.047,45.008,0.0062
M052,2025-05-27 04:00:00,180.973,430.205,120.314,47.283,0.0
M052,2025-05-27 05:00:00,187.101,483.543,123.61,51.363,0.0062
M052,2025-05-27 06:00:00,185.529,447.934,132.028,52.445,0.0062
M052,2025-05-27 07:00:00,183.77,476.569,124.953,46.765,0.0062
M052,2025-05-27 08:00:00,171.081,430.807,127.354,44.965,0.0062
M052,2025-05-27 09:00:00,175.257,451.101,138.772,35.484,0.0
M052,2025-05-27 10:00:00,172.603,501.834,113.606,42.522,0.00505
M052,2025-05-27 11:00:00,190.178,482.416,118.307,46.899,0.00505
M052,2025-05-27 12:00:00,188.876,478.734,110.101,61.053,0.0062
M052,2025-05-27 13:00:00,188.213,512.621,114.802,53.45,0.0062
M052,2025-05-27 14:00:00,189.319,542.232,116.975,52.584,0.0062
M052,2025-05-27 15:00:00,181.508,539.932,107.672,52.674,0.0062
M052,2025-05-27 16:00:00,185.993,481.551,109.864,47.153,0.00505
M052,2025-05-27 17:00:00,184.483,544.244,106.954,53.243,0.0062
M052,2025-05-27 18:00:00,181.44,615.586,115.88,48.723,0.0062
M052,2025-05-27 19:00:00,194.911,504.128,114.517,56.299,0.0062
M052,2025-05-27 20:00:00,191.793,422.568,120.035,56.282,0.0062
M052,2025-05-27 21:00:00,196.731,423.921,121.536,52.24,0.0062
M052,2025-05-27 22:00:00,184.521,466.277,107.497,49.173,0.0062
M052,2025-05-27 23:00:00,184.004,432.809,102.318,46.555,0.0062
M052,2025-05-28 00:00:00,188.424,467.16,103.582,49.435,0.00505
M052,2025-05-28 01:00:00,190.727,460.428,98.223,46.756,0.0062
M052,2025-05-28 02:00:00,178.987,505.665,95.79,49.536,0.0
M052,2025-05-28 03:00:00,171.741,433.955,106.395,51.446,0.0
M052,2025-05-28 04:00:00,181.695,444.697,94.63,50.671,0.0
M052,2025-05-28 05:00:00,184.522,489.658,100.441,52.797,0.0
M052,2025-05-28 06:00:00,180.318,479.663,98.388,50.292,0.0
M052,2025-05-28 07:00:00,176.603,527.687,100.675,54.328,0.0062
M052,2025-05-28 08:00:00,180.747,488.912,99.553,54.121,0.0062
M052,2025-05-28 09:00:00,175.056,474.181,89.946,53.092,0.0062
M052,2025-05-28 10:00:00,187.203,455.26,105.746,50.302,0.0062
M052,2025-05-28 11:00:00,183.745,540.345,107.739,53.07,0.0062
M052,2025-05-28 12:00:00,179.099,526.034,108.634,47.577,0.00505
M052,2025-05-28 13:00:00,183.029,527.047,105.893,50.559,0.0
M052,2025-05-28 14:00:00,189.905,562.548,91.063,51.902,0.0
M052,2025-05-28 15:00:00,181.888,581.442,103.663,49.937,0.0
M052,2025-05-28 16:00:00,176.146,541.429,104.389,47.511,0.0
M052,2025-05-28 17:00:00,185.343,447.436,117.814,49.437,0.0
M052,2025-05-28 18:00:00,186.847,428.677,121.44,56.091,0.0062
M052,2025-05-28 19:00:00,176.964,448.004,106.888,53.227,0.0062
M052,2025-05-28 20:00:00,173.731,506.379,92.551,54.577,0.0
M052,2025-05-28 21:00:00,172.394,534.691,93.675,50.699,0.0
M052,2025-05-28 22:00:00,187.98,470.215,110.148,50.72,0.0
M052,2025-05-28 23:00:00,179.913,461.916,103.166,48.775,0.0
M052,2025-05-29 00:00:00,166.835,463.263,114.339,55.84,0.00505
M052,2025-05-29 01:00:00,183.57,473.491,116.649,56.282,0.00505
M052,2025-05-29 02:00:00,173.359,477.593,117.16,54.488,0.0
M052,2025-05-29 03:00:00,182.5,500.492,107.699,53.042,0.00505
M052,2025-05-29 04:00:00,187.929,535.46,99.886,56.816,0.0
M052,2025-05-29 05:00:00,182.89,508.365,101.418,54.957,0.0
M052,2025-05-29 06:00:00,179.984,471.842,125.719,52.176,0.0062
M052,2025-05-29 07:00:00,169.39,419.149,120.386,46.281,0.0062
M052,2025-05-29 08:00:00,166.777,437.851,134.857,53.382,0.0062
M052,2025-05-29 09:00:00,163.771,478.234,136.509,45.985,0.0062
M052,2025-05-29 10:00:00,171.585,423.421,129.464,54.794,0.0062
M052,2025-05-29 11:00:00,173.187,441.98,117.311,51.892,0.0062
M052,2025-05-29 12:00:00,177.872,416.97,112.152,52.804,0.0062
M052,2025-05-29 13:00:00,182.483,478.937,105.982,57.425,0.0062
M052,2025-05-29 14:00:00,176.352,480.265,116.222,56.504,0.0062
M052,2025-05-29 15:00:00,175.283,465.604,116.678,56.571,0.0062
M052,2025-05-29 16:00:00,166.511,524.815,106.808,52.711,0.0062
M052,2025-05-29 17:00:00,184.223,511.8,115.939,52.877,0.0062
M052,2025-05-29 18:00:00,165.431,524.159,115.92,60.297,0.0062
M052,2025-05-29 19:00:00,179.28,507.695,112.01,51.642,0.0062
M052,2025-05-29 20:00:00,187.056,498.667,116.835,53.025,0.0062
M052,2025-05-29 21:00:00,180.763,533.925,118.147,49.819,0.0062
M052,2025-05-29 22:00:00,178.282,466.333,119.078,50.659,0.0062
M052,2025-05-29 23:00:00,194.457,532.908,119.765,49.588,0.0062
M052,2025-05-30 00:00:00,186.81,486.732,107.867,53.672,0.0062
M052,2025-05-30 01:00:00,195.38,451.432,101.399,48.249,0.0062
M052,2025-05-30 02:00:00,194.568,433.481,95.947,44.429,0.0062
M052,2025-05-30 03:00:00,183.639,462.235,78.941,45.107,0.0062
M052,2025-05-30 04:00:00,188.179,456.31,82.986,47.172,0.0062
M052,2025-05-30 05:00:00,182.162,486.966,104.255,48.397,0.0062
M052,2025-05-30 06:00:00,167.006,392.142,103.768,42.023,0.0062
M052,2025-05-30 07:00:00,174.742,393.863,106.57,42.553,0.0062
M052,2025-05-30 08:00:00,184.648,433.564,123.652,47.647,0.0062
M052,2025-05-30 09:00:00,172.196,449.482,108.958,52.998,0.0062
M052,2025-05-30 10:00:00,176.387,438.627,115.47,55.04,0.0062
M052,2025-05-30 11:00:00,183.302,456.01,104.824,48.762,0.0062
M052,2025-05-30 12:00:00,180.81,486.696,112.576,43.246,0.0062
M052,2025-05-30 13:00:00,167.853,518.981,108.291,49.786,0.0062
M052,2025-05-30 14:00:00,175.169,551.83,103.291,50.585,0.0062
M052,2025-05-30 15:00:00,174.237,550.349,101.221,48.637,0.0062
M052,2025-05-30 16:00:00,189.395,498.154,109.484,52.957,0.0062
M052,2025-05-30 17:00:00,184.656,472.774,119.91,59.921,0.0062
M052,2025-05-30 18:00:00,180.848,426.446,103.007,57.362,0.0062
M052,2025-05-30 19:00:00,170.245,409.674,106.334,58.641,0.0062
M052,2025-05-30 20:00:00,171.567,407.914,100.632,61.805,0.0062
M052,2025-05-30 21:00:00,178.432,496.692,95.624,56.655,0.0062
M052,2025-05-30 22:00:00,183.353,565.241,105.013,52.905,0.0062
M052,2025-05-30 23:00:00,193.582,548.244,125.368,59.948,0.0062
M053,2025-05-24 00:00:00,190.276,508.932,91.465,53.737,0.01653
M053,2025-05-24 01:00:00,188.957,476.944,95.924,49.75,0.01633
M053,2025-05-24 02:00:00,181.676,504.279,92.851,52.784,0.01653
M053,2025-05-24 03:00:00,180.72,519.027,96.39,49.21,0.01407
M053,2025-05-24 04:00:00,178.007,532.796,106.636,47.56,0.0062
M053,2025-05-24 05:00:00,182.874,485.889,117.408,47.851,0.0062
M053,2025-05-24 06:00:00,168.746,527.94,103.146,46.576,0.01407
M053,2025-05-24 07:00:00,177.766,444.043,87.992,46.178,0.01407
M053,2025-05-24 08:00:00,180.011,479.212,96.83,46.944,0.01407
M053,2025-05-24 09:00:00,176.02,527.065,115.164,48.74,0.01407
M053,2025-05-24 10:00:00,179.681,471.766,119.214,47.067,0.01407
M053,2025-05-24 11:00:00,172.553,362.999,119.287,42.624,0.0062
M053,2025-05-24 12:00:00,178.383,311.518,116.937,39.33,0.01407
M053,2025-05-24 13:00:00,175.186,338.078,107.125,40.5,0.01407
M053,2025-05-24 14:00:00,191.71,428.812,117.851,42.272,0.01407
M053,2025-05-24 15:00:00,190.23,477.787,120.139,42.114,0.01407
M053,2025-05-24 16:00:00,196.451,414.655,115.224,50.886,0.0062
M053,2025-05-24 17:00:00,180.371,419.721,122.519,45.04,0.0062
M053,2025-05-24 18:00:00,173.342,411.44,120.533,48.528,0.0062
M053,2025-05-24 19:00:00,175.07,437.794,104.489,46.408,0.0062
M053,2025-05-24 20:00:00,177.005,372.709,101.861,47.608,0.0062
M053,2025-05-24 21:00:00,186.398,419.96,105.845,46.08,0.0062
M053,2025-05-24 22:00:00,177.925,410.376,113.672,50.671,0.0062
M053,2025-05-24 23:00:00,169.104,399.635,104.326,40.167,0.0062
M053,2025-05-25 00:00:00,171.797,438.702,104.982,45.173,0.0062
M053,2025-05-25 01:00:00,169.333,440.938,103.393,48.575,0.01407
M053,2025-05-25 02:00:00,179.215,488.776,109.401,46.478,0.01407
M053,2025-05-25 03:00:00,176.733,492.971,114.055,46.673,0.01407
M053,2025-05-25 04:00:00,177.692,424.817,120.897,51.021,0.01407
M053,2025-05-25 05:00:00,185.016,472.222,104.878,46.7,0.01407
M053,2025-05-25 06:00:00,173.142,437.595,99.046,47.462,0.01407
M053,2025-05-25 07:00:00,174.628,393.546,105.99,41.825,0.01407
M053,2025-05-25 08:00:00,174.718,394.253,108.235,45.783,0.01407
M053,2025-05-25 09:00:00,178.401,448.461,108.798,40.404,0.01407
M053,2025-05-25 10:00:00,171.706,376.693,99.159,45.32,0.01407
M053,2025-05-25 11:00:00,172.951,426.795,104.912,45.774,0.01407
M053,2025-05-25 12:00:00,184.309,452.246,111.453,53.554,0.01407
M053,2025-05-25 13:00:00,188.348,462.093,105.981,51.941,0.0062
M053,2025-05-25 14:00:00,178.744,529.163,112.909,53.235,0.01407
M053,2025-05-25 15:00:00,169.559,434.363,112.414,38.288,0.01407
M053,2025-05-25 16:00:00,178.168,410.507,121.885,37.385,0.01407
M053,2025-05-25 17:00:00,172.726,396.139,124.511,43.821,0.02703
M053,2025-05-25 18:00:00,169.26,460.995,126.583,38.259,0.02703
M053,2025-05-25 19:00:00,160.654,477.939,126.604,45.09,0.02703
M053,2025-05-25 20:00:00,160.336,452.929,125.929,43.849,0.01653
M053,2025-05-25 21:00:00,171.754,376.555,118.931,47.606,0.02703
M053,2025-05-25 22:00:00,177.196,409.916,140.86,46.176,0.02703
M053,2025-05-25 23:00:00,185.794,375.003,132.632,44.696,0.02703
M053,2025-05-26 00:00:00,177.44,370.579,125.411,44.076,0.02703
M053,2025-05-26 01:00:00,177.713,399.237,114.005,42.887,0.02703
M053,2025-05-26 02:00:00,181.958,389.089,106.989,47.61,0.02703
M053,2025-05-26 03:00:00,175.801,442.11,117.445,49.798,0.02703
M053,2025-05-26 04:00:00,169.544,418.81,114.969,46.327,0.02703
M053,2025-05-26 05:00:00,182.218,405.614,119.296,45.421,0.02703
M053,2025-05-26 06:00:00,180.94,442.902,128.994,40.636,0.02703
M053,2025-05-26 07:00:00,178.333,399.895,112.521,42.351,0.02703
M053,2025-05-26 08:00:00,173.78,397.704,113.676,48.123,0.02703
M053,2025-05-26 09:00:00,175.471,424.148,122.206,44.825,0.02703
M053,2025-05-26 10:00:00,169.382,466.812,115.169,40.301,0.02703
M053,2025-05-26 11:00:00,170.892,460.521,107.259,49.914,0.02703
M053,2025-05-26 12:00:00,168.538,451.168,105.798,46.165,0.01653
M053,2025-05-26 13:00:00,175.058,380.134,117.779,44.095,0.01653
M053,2025-05-26 14:00:00,186.726,315.243,120.822,47.762,0.01407
M053,2025-05-26 15:00:00,181.829,396.499,128.581,51.417,0.01407
M053,2025-05-26 16:00:00,183.766,411.682,110.246,51.832,0.01407
M053,2025-05-26 17:00:00,179.106,378.06,100.711,53.123,0.01633
M053,2025-05-26 18:00:00,177.578,430.667,96.537,59.24,0.02703
M053,2025-05-26 19:00:00,186.637,500.651,112.387,55.548,0.01407
M053,2025-05-26 20:00:00,182.875,438.627,109.053,43.758,0.0062
M053,2025-05-26 21:00:00,178.355,456.491,100.822,45.079,0.0062
M053,2025-05-26 22:00:00,179.425,499.554,95.15,45.492,0.0062
M053,2025-05-26 23:00:00,182.31,473.257,93.369,47.618,0.0062
M053,2025-05-27 00:00:00,187.319,486.063,94.316,49.803,0.0062
M053,2025-05-27 01:00:00,180.362,488.128,114.911,48.316,0.0062
M053,2025-05-27 02:00:00,181.06,442.084,121.078,44.946,0.01407
M053,2025-05-27 03:00:00,179.742,504.557,136.299,45.51,0.01407
M053,2025-05-27 04:00:00,184.324,454.392,145.714,52.663,0.0062
M053,2025-05-27 05:00:00,186.894,457.632,125.322,59.498,0.0062
M053,2025-05-27 06:00:00,186.189,350.398,97.044,56.762,0.0062
M053,2025-05-27 07:00:00,179.546,384.815,100.692,51.737,0.0062
M053,2025-05-27 08:00:00,181.054,417.706,96.869,49.353,0.0062
M053,2025-05-27 09:00:00,167.924,498.467,100.413,49.867,0.0062
M053,2025-05-27 10:00:00,176.712,341.649,110.177,48.767,0.0062
M053,2025-05-27 11:00:00,176.052,311.601,118.772,49.895,0.0062
M053,2025-05-27 12:00:00,177.942,334.58,106.463,49.181,0.0062
M053,2025-05-27 13:00:00,181.002,432.769,109.92,41.315,0.0062
M053,2025-05-27 14:00:00,173.869,385.978,93.974,53.073,0.0062
M053,2025-05-27 15:00:00,174.566,384.316,98.571,48.098,0.0062
M053,2025-05-27 16:00:00,176.685,445.199,104.346,46.271,0.0062
M053,2025-05-27 17:00:00,165.773,456.667,116.097,46.708,0.0062
M053,2025-05-27 18:00:00,177.403,473.367,110.211,45.683,0.0062
M053,2025-05-27 19:00:00,175.404,564.831,112.876,45.877,0.0062
M053,2025-05-27 20:00:00,177.592,533.648,117.692,43.69,0.0062
M053,2025-05-27 21:00:00,185.497,492.583,111.418,42.799,0.0062
M053,2025-05-27 22:00:00,182.878,536.555,99.758,46.476,0.0062
M053,2025-05-27 23:00:00,180.408,558.048,81.458,39.804,0.0062
M053,2025-05-28 00:00:00,176.358,535.116,92.93,46.637,0.0062
M053,2025-05-28 01:00:00,171.691,556.251,100.398,47.76,0.0062
M053,2025-05-28 02:00:00,173.168,523.343,107.034,50.971,0.0062
M053,2025-05-28 03:00:00,168.617,490.092,109.432,55.883,0.0062
M053,2025-05-28 04:00:00,176.869,457.512,116.068,56.837,0.0062
M053,2025-05-28 05:00:00,174.18,510.351,110.097,54.338,0.01407
M053,2025-05-28 06:00:00,177.585,432.765,115.412,54.245,0.01633
M053,2025-05-28 07:00:00,182.987,433.605,104.226,50.34,0.01407
M053,2025-05-28 08:00:00,182.155,513.342,110.371,57.212,0.01407
M053,2025-05-28 09:00:00,191.667,491.149,107.112,53.01,0.0062
M053,2025-05-28 10:00:00,180.438,476.199,110.13,54.316,0.0062
M053,2025-05-28 11:00:00,190.483,424.128,115.957,53.325,0.0062
M053,2025-05-28 12:00:00,194.155,413.876,107.902,54.353,0.0062
M053,2025-05-28 13:00:00,187.698,425.58,101.117,41.25,0.0062
M053,2025-05-28 14:00:00,176.071,345.383,96.449,47.016,0.0062
M053,2025-05-28 15:00:00,182.03,386.214,108.107,54.665,0.0062
M053,2025-05-28 16:00:00,183.316,441.192,104.137,58.239,0.0062
M053,2025-05-28 17:00:00,187.678,456.205,112.921,63.306,0.0062
M053,2025-05-28 18:00:00,171.916,461.665,107.29,59.068,0.0062
M053,2025-05-28 19:00:00,179.992,513.118,95.667,55.735,0.0062
M053,2025-05-28 20:00:00,175.841,505.13,92.273,56.594,0.0062
M053,2025-05-28 21:00:00,175.996,454.086,101.995,56.229,0.0062
M053,2025-05-28 22:00:00,173.578,452.032,96.504,54.121,0.0062
M053,2025-05-28 23:00:00,177.299,428.105,114.892,46.613,0.0062
M053,2025-05-29 00:00:00,184.264,416.333,110.623,59.583,0.0062
M053,2025-05-29 01:00:00,173.421,452.89,107.312,45.297,0.0062
M053,2025-05-29 02:00:00,182.67,454.177,97.77,40.965,0.0062
M053,2025-05-29 03:00:00,172.837,437.894,102.579,40.78,0.0062
M053,2025-05-29 04:00:00,169.154,464.309,115.558,43.28,0.0062
M053,2025-05-29 05:00:00,167.576,430.1,95.019,47.077,0.0062
M053,2025-05-29 06:00:00,175.794,417.362,91.914,50.717,0.01407
M053,2025-05-29 07:00:00,167.96,447.71,105.325,52.118,0.02703
M053,2025-05-29 08:00:00,172.105,512.401,104.534,48.716,0.01653
M053,2025-05-29 09:00:00,172.237,555.684,115.007,53.136,0.01653
M053,2025-05-29 10:00:00,167.545,506.742,105.057,52.91,0.01653
M053,2025-05-29 11:00:00,168.642,484.789,112.181,55.416,0.08333
M053,2025-05-29 12:00:00,184.326,473.094,134.323,51.669,0.29091
M053,2025-05-29 13:00:00,182.216,429.683,134.324,48.341,0.08333
M053,2025-05-29 14:00:00,181.073,437.175,118.154,51.098,0.08333
M053,2025-05-29 15:00:00,187.177,471.747,109.652,48.544,0.08333
M053,2025-05-29 16:00:00,195.561,444.053,102.226,35.246,0.01633
M053,2025-05-29 17:00:00,184.768,400.748,115.433,44.814,0.01407
M053,2025-05-29 18:00:00,178.523,367.81,105.535,46.944,0.01407
M053,2025-05-29 19:00:00,184.791,304.658,101.432,54.2,0.01653
M053,2025-05-29 20:00:00,184.999,341.483,108.448,56.994,0.01653
M053,2025-05-29 21:00:00,180.566,345.516,122.115,53.221,0.02703
M053,2025-05-29 22:00:00,175.121,343.775,132.681,50.261,0.01653
M053,2025-05-29 23:00:00,180.89,348.632,113.782,53.59,0.02703
M053,2025-05-30 00:00:00,166.454,407.488,132.09,47.851,0.02703
M053,2025-05-30 01:00:00,169.704,440.681,120.872,45.877,0.01653
M053,2025-05-30 02:00:00,170.036,483.813,117.586,48.416,0.01407
M053,2025-05-30 03:00:00,175.82,539.161,120.606,45.863,0.01407
M053,2025-05-30 04:00:00,186.612,474.714,120.372,43.257,0.0062
M053,2025-05-30 05:00:00,182.284,451.197,102.669,43.978,0.0062
M053,2025-05-30 06:00:00,196.991,455.11,106.57,42.11,0.0062
M053,2025-05-30 07:00:00,187.561,491.052,116.518,39.732,0.0062
M053,2025-05-30 08:00:00,167.946,489.422,112.722,46.081,0.0062
M053,2025-05-30 09:00:00,170.139,440.246,124.853,47.529,0.01407
M053,2025-05-30 10:00:00,183.194,401.289,120.367,51.31,0.01493
M053,2025-05-30 11:00:00,179.679,420.133,128.484,47.492,0.01407
M053,2025-05-30 12:00:00,191.028,465.706,115.656,54.397,0.01407
M053,2025-05-30 13:00:00,183.418,475.89,116.805,53.299,0.01407
M053,2025-05-30 14:00:00,173.935,503.417,101.905,49.676,0.01407
M053,2025-05-30 15:00:00,178.07,468.223,111.374,54.136,0.01407
M053,2025-05-30 16:00:00,176.013,406.777,102.007,48.707,0.01407
M053,2025-05-30 17:00:00,170.803,341.375,113.011,45.16,0.01407
M053,2025-05-30 18:00:00,177.567,422.073,122.679,45.482,0.01407
M053,2025-05-30 19:00:00,178.434,479.573,120.701,48.794,0.01407
M053,2025-05-30 20:00:00,175.885,428.61,119.08,45.767,0.01407
M053,2025-05-30 21:00:00,183.067,475.156,129.49,48.686,0.01407
M053,2025-05-30 22:00:00,183.046,488.135,118.475,47.143,0.01407
M053,2025-05-30 23:00:00,183.415,463.478,123.407,51.548,0.0062
M054,2025-05-24 00:00:00,172.904,424.748,94.079,39.85,0.0062
M054,2025-05-24 01:00:00,165.267,397.237,104.172,40.365,0.0062
M054,2025-05-24 02:00:00,174.149,429.616,108.537,39.947,0.0062
M054,2025-05-24 03:00:00,172.811,395.902,98.336,45.139,0.0062
M054,2025-05-24 04:00:00,167.528,450.72,92.604,39.962,0.0062
M054,2025-05-24 05:00:00,174.959,386.99,96.712,38.459,0.0062
M054,2025-05-24 06:00:00,171.353,400.327,99.629,43.763,0.0062
M054,2025-05-24 07:00:00,174.416,441.466,95.62,45.297,0.0062
M054,2025-05-24 08:00:00,171.958,427.189,84.166,41.365,0.0062
M054,2025-05-24 09:00:00,160.836,411.492,102.57,33.587,0.0062
M054,2025-05-24 10:00:00,165.316,409.409,101.985,34.22,0.0062
M054,2025-05-24 11:00:00,170.222,392.55,92.735,35.986,0.0062
M054,2025-05-24 12:00:00,164.735,457.307,96.701,45.257,0.0062
M054,2025-05-24 13:00:00,163.691,484.518,94.819,41.828,0.0062
M054,2025-05-24 14:00:00,173.359,496.706,95.763,36.407,0.0062
M054,2025-05-24 15:00:00,167.814,414.189,87.543,31.601,0.0062
M054,2025-05-24 16:00:00,162.674,490.754,97.477,35.98,0.0062
M054,2025-05-24 17:00:00,161.032,434.828,85.474,46.151,0.0062
M054,2025-05-24 18:00:00,160.508,442.88,97.675,38.917,0.0062
M054,2025-05-24 19:00:00,164.754,437.475,113.069,41.003,0.0062
M054,2025-05-24 20:00:00,169.869,445.288,121.714,39.086,0.0062
M054,2025-05-24 21:00:00,173.943,482.38,121.113,43.73,0.0062
M054,2025-05-24 22:00:00,167.023,489.515,117.292,41.987,0.0062
M054,2025-05-24 23:00:00,165.098,535.96,106.249,42.64,0.0062
M054,2025-05-25 00:00:00,167.584,448.833,100.524,41.855,0.0062
M054,2025-05-25 01:00:00,174.425,523.005,111.203,40.206,0.0062
M054,2025-05-25 02:00:00,175.322,496.611,110.565,34.38,0.0062
M054,2025-05-25 03:00:00,168.233,467.771,102.883,39.44,0.0062
M054,2025-05-25 04:00:00,170.441,429.332,107.955,38.701,0.0062
M054,2025-05-25 05:00:00,168.023,498.66,102.566,44.638,0.0062
M054,2025-05-25 06:00:00,170.632,541.684,98.479,35.065,0.0062
M054,2025-05-25 07:00:00,166.809,536.952,97.21,43.745,0.0062
M054,2025-05-25 08:00:00,179.256,482.082,99.414,45.013,0.0062
M054,2025-05-25 09:00:00,174.575,384.911,110.3,41.446,0.0062
M054,2025-05-25 10:00:00,165.745,397.029,104.772,48.806,0.0062
M054,2025-05-25 11:00:00,171.86,442.217,96.292,51.187,0.0062
M054,2025-05-25 12:00:00,164.482,530.985,91.322,48.629,0.0062
M054,2025-05-25 13:00:00,159.47,556.259,91.828,43.405,0.0062
M054,2025-05-25 14:00:00,161.496,507.275,86.285,35.817,0.0062
M054,2025-05-25 15:00:00,158.693,494.678,93.193,43.067,0.0062
M054,2025-05-25 16:00:00,166.093,516.262,102.007,36.929,0.0062
M054,2025-05-25 17:00:00,173.542,436.865,111.49,40.969,0.0062
M054,2025-05-25 18:00:00,165.505,423.629,108.023,43.959,0.0062
M054,2025-05-25 19:00:00,163.001,405.004,104.711,44.012,0.0062
M054,2025-05-25 20:00:00,160.942,381.158,107.67,37.067,0.0062
M054,2025-05-25 21:00:00,162.884,383.265,106.953,31.535,0.0062
M054,2025-05-25 22:00:00,170.295,420.463,105.56,29.478,0.0062
M054,2025-05-25 23:00:00,166.149,450.35,96.514,34.731,0.0062
M054,2025-05-26 00:00:00,155.333,427.678,103.144,37.362,0.0062
M054,2025-05-26 01:00:00,165.223,462.092,111.177,29.366,0.0062
M054,2025-05-26 02:00:00,177.169,447.666,111.23,30.671,0.0062
M054,2025-05-26 03:00:00,170.819,439.537,111.813,35.863,0.0062
M054,2025-05-26 04:00:00,167.99,457.958,114.451,36.671,0.0062
M054,2025-05-26 05:00:00,170.311,429.439,111.929,41.391,0.0062
M054,2025-05-26 06:00:00,178.818,461.11,116.622,41.036,0.0062
M054,2025-05-26 07:00:00,177.063,509.108,120.89,42.922,0.0062
M054,2025-05-26 08:00:00,170.068,438.397,117.756,43.389,0.0062
M054,2025-05-26 09:00:00,168.89,451.155,109.327,37.169,0.0062
M054,2025-05-26 10:00:00,173.582,415.571,113.503,38.084,0.0062
M054,2025-05-26 11:00:00,171.533,466.427,110.916,31.257,0.0062
M054,2025-05-26 12:00:00,175.248,440.756,97.773,30.93,0.0062
M054,2025-05-26 13:00:00,175.634,380.694,96.343,26.001,0.0062
M054,2025-05-26 14:00:00,168.793,419.668,102.9,32.342,0.0062
M054,2025-05-26 15:00:00,158.629,445.643,107.588,35.201,0.0062
M054,2025-05-26 16:00:00,153.371,410.459,105.482,39.349,0.0062
M054,2025-05-26 17:00:00,156.42,432.503,87.979,43.779,0.0062
M054,2025-05-26 18:00:00,151.898,460.121,104.709,42.311,0.0062
M054,2025-05-26 19:00:00,151.904,528.272,109.857,42.795,0.0062
M054,2025-05-26 20:00:00,156.506,447.432,109.128,39.987,0.0062
M054,2025-05-26 21:00:00,152.991,444.383,123.581,39.996,0.0062
M054,2025-05-26 22:00:00,156.271,387.707,118.313,39.325,0.0062
M054,2025-05-26 23:00:00,161.819,303.639,110.008,43.104,0.0062
M054,2025-05-27 00:00:00,160.914,308.366,119.112,44.118,0.01407
M054,2025-05-27 01:00:00,160.696,401.246,104.38,40.755,0.01407
M054,2025-05-27 02:00:00,162.254,375.124,99.233,45.637,0.01407
M054,2025-05-27 03:00:00,165.063,423.848,98.533,48.623,0.01407
M054,2025-05-27 04:00:00,163.736,427.724,98.564,42.493,0.01407
M054,2025-05-27 05:00:00,171.393,497.005,88.533,42.94,0.0062
M054,2025-05-27 06:00:00,174.121,475.491,85.725,37.142,0.0062
M054,2025-05-27 07:00:00,173.807,439.678,102.088,37.149,0.0062
M054,2025-05-27 08:00:00,181.303,507.75,107.787,36.022,0.0062
M054,2025-05-27 09:00:00,169.412,521.432,113.946,39.469,0.0062
M054,2025-05-27 10:00:00,163.783,528.636,114.392,40.394,0.0062
M054,2025-05-27 11:00:00,172.285,486.932,95.594,34.906,0.0062
M054,2025-05-27 12:00:00,174.9,481.906,97.801,37.593,0.0062
M054,2025-05-27 13:00:00,179.96,468.784,90.046,37.175,0.0062
M054,2025-05-27 14:00:00,178.012,428.351,87.124,33.969,0.0062
M054,2025-05-27 15:00:00,168.891,431.489,107.923,35.356,0.0062
M054,2025-05-27 16:00:00,167.401,428.058,101.628,36.032,0.0062
M054,2025-05-27 17:00:00,163.035,354.296,104.894,29.772,0.0062
M054,2025-05-27 18:00:00,175.272,408.208,114.723,33.69,0.0062
M054,2025-05-27 19:00:00,169.583,374.518,126.724,30.303,0.0062
M054,2025-05-27 20:00:00,163.022,405.083,129.227,32.062,0.0062
M054,2025-05-27 21:00:00,160.952,461.748,114.134,37.496,0.0062
M054,2025-05-27 22:00:00,162.022,468.583,115.327,38.475,0.0062
M054,2025-05-27 23:00:00,168.679,416.03,101.197,40.067,0.0062
M054,2025-05-28 00:00:00,161.166,359.7,94.363,40.009,0.0062
M054,2025-05-28 01:00:00,168.762,353.091,105.507,40.127,0.0062
M054,2025-05-28 02:00:00,167.381,376.905,124.981,36.719,0.0062
M054,2025-05-28 03:00:00,170.328,402.127,127.734,36.212,0.0062
M054,2025-05-28 04:00:00,167.223,472.728,137.681,43.596,0.0062
M054,2025-05-28 05:00:00,166.656,474.853,118.919,41.45,0.0062
M054,2025-05-28 06:00:00,167.559,487.047,96.201,39.586,0.0062
M054,2025-05-28 07:00:00,169.884,382.04,98.031,35.094,0.0062
M054,2025-05-28 08:00:00,181.496,340.423,90.298,40.127,0.0062
M054,2025-05-28 09:00:00,179.201,419.546,94.161,38.53,0.0062
M054,2025-05-28 10:00:00,181.219,490.463,116.991,40.149,0.0062
M054,2025-05-28 11:00:00,166.188,449.194,107.774,40.449,0.0062
M054,2025-05-28 12:00:00,169.976,426.334,95.459,35.453,0.0062
M054,2025-05-28 13:00:00,169.551,404.337,95.01,33.602,0.0062
M054,2025-05-28 14:00:00,171.662,461.666,109.728,39.743,0.0062
M054,2025-05-28 15:00:00,181.841,465.405,115.048,37.085,0.0062
M054,2025-05-28 16:00:00,175.43,492.556,105.0,32.601,0.0062
M054,2025-05-28 17:00:00,179.652,552.393,111.455,37.349,0.0062
M054,2025-05-28 18:00:00,168.759,501.312,102.156,40.167,0.0062
M054,2025-05-28 19:00:00,175.93,515.989,103.118,41.563,0.0062
M054,2025-05-28 20:00:00,170.302,498.261,96.582,38.504,0.0062
M054,2025-05-28 21:00:00,164.435,445.156,90.779,43.872,0.0062
M054,2025-05-28 22:00:00,163.174,439.887,99.903,44.033,0.0062
M054,2025-05-28 23:00:00,162.39,394.212,102.695,41.192,0.0062
M054,2025-05-29 00:00:00,166.456,471.056,101.707,44.945,0.0062
M054,2025-05-29 01:00:00,165.622,480.357,91.664,38.436,0.0062
M054,2025-05-29 02:00:00,168.392,453.053,84.968,37.049,0.0062
M054,2025-05-29 03:00:00,159.55,405.555,97.945,36.451,0.0062
M054,2025-05-29 04:00:00,155.527,446.537,113.176,37.924,0.0062
M054,2025-05-29 05:00:00,166.143,479.274,112.078,38.04,0.0062
M054,2025-05-29 06:00:00,169.148,448.383,112.373,37.75,0.0062
M054,2025-05-29 07:00:00,173.478,481.979,99.192,44.255,0.0062
M054,2025-05-29 08:00:00,170.395,533.07,110.36,46.197,0.0062
M054,2025-05-29 09:00:00,163.438,438.632,103.3,39.069,0.0062
M054,2025-05-29 10:00:00,168.153,449.529,111.389,34.236,0.0062
M054,2025-05-29 11:00:00,176.821,449.6,104.968,29.873,0.0062
M054,2025-05-29 12:00:00,167.485,485.659,98.523,30.711,0.0062
M054,2025-05-29 13:00:00,162.578,522.459,106.836,31.311,0.0062
M054,2025-05-29 14:00:00,176.341,495.212,115.772,33.29,0.0062
M054,2025-05-29 15:00:00,173.961,532.174,101.929,37.431,0.0062
M054,2025-05-29 16:00:00,173.533,525.676,98.596,44.153,0.0062
M054,2025-05-29 17:00:00,188.752,482.513,103.463,39.185,0.0062
M054,2025-05-29 18:00:00,172.782,495.542,90.985,39.126,0.0062
M054,2025-05-29 19:00:00,178.893,557.777,85.566,36.593,0.0062
M054,2025-05-29 20:00:00,170.038,459.364,91.491,35.92,0.0062
M054,2025-05-29 21:00:00,172.75,489.781,92.726,36.457,0.0062
M054,2025-05-29 22:00:00,164.795,496.04,90.692,41.069,0.0062
M054,2025-05-29 23:00:00,168.976,547.277,88.429,44.234,0.0062
M054,2025-05-30 00:00:00,170.203,515.013,95.341,38.771,0.0062
M054,2025-05-30 01:00:00,173.157,471.193,102.394,37.26,0.0062
M054,2025-05-30 02:00:00,167.057,515.007,92.193,40.839,0.0062
M054,2025-05-30 03:00:00,165.606,453.723,96.124,34.977,0.0062
M054,2025-05-30 04:00:00,162.198,457.855,101.958,43.375,0.0062
M054,2025-05-30 05:00:00,163.363,432.288,98.197,41.757,0.0062
M054,2025-05-30 06:00:00,158.052,407.845,100.745,36.675,0.01407
M054,2025-05-30 07:00:00,164.585,386.527,102.801,41.429,0.01407
M054,2025-05-30 08:00:00,156.03,403.239,106.716,31.992,0.0062
M054,2025-05-30 09:00:00,153.665,400.431,121.496,36.448,0.0062
M054,2025-05-30 10:00:00,162.513,348.643,97.808,35.443,0.0062
M054,2025-05-30 11:00:00,166.723,436.441,100.843,39.387,0.0062
M054,2025-05-30 12:00:00,166.464,374.616,98.481,37.12,0.0062
M054,2025-05-30 13:00:00,190.474,410.073,79.212,34.041,0.0062
M054,2025-05-30 14:00:00,181.401,373.691,71.772,40.214,0.0062
M054,2025-05-30 15:00:00,184.254,402.883,63.407,42.219,0.0062
M054,2025-05-30 16:00:00,187.99,439.876,71.634,36.563,0.0062
M054,2025-05-30 17:00:00,188.633,420.108,85.855,34.994,0.0062
M054,2025-05-30 18:00:00,183.633,436.155,95.096,34.113,0.0062
M054,2025-05-30 19:00:00,165.344,424.423,81.147,38.722,0.0062
M054,2025-05-30 20:00:00,168.475,369.602,83.737,38.658,0.0062
M054,2025-05-30 21:00:00,163.322,391.576,96.597,43.232,0.0062
M054,2025-05-30 22:00:00,161.551,469.783,106.204,37.961,0.0062
M054,2025-05-30 23:00:00,170.274,421.176,109.927,38.01,0.0062
M055,2025-05-24 00:00:00,166.77,473.266,77.194,40.958,0.01407
M055,2025-05-24 01:00:00,163.845,432.798,85.463,40.713,0.01407
M055,2025-05-24 02:00:00,155.126,414.134,94.826,31.724,0.01407
M055,2025-05-24 03:00:00,157.718,452.79,101.28,34.874,0.01407
M055,2025-05-24 04:00:00,160.206,425.109,110.602,40.674,0.0062
M055,2025-05-24 05:00:00,167.472,392.368,102.666,39.79,0.01407
M055,2025-05-24 06:00:00,162.959,457.323,107.619,40.378,0.01407
M055,2025-05-24 07:00:00,159.586,474.044,100.122,38.468,0.01407
M055,2025-05-24 08:00:00,165.496,510.998,106.514,38.193,0.0062
M055,2025-05-24 09:00:00,177.472,498.834,97.183,34.134,0.0062
M055,2025-05-24 10:00:00,170.216,494.641,114.288,38.702,0.0062
M055,2025-05-24 11:00:00,172.853,445.426,113.407,39.868,0.0062
M055,2025-05-24 12:00:00,181.774,392.885,119.09,44.101,0.01407
M055,2025-05-24 13:00:00,177.406,451.561,111.865,43.208,0.01407
M055,2025-05-24 14:00:00,169.631,451.575,107.498,37.729,0.01407
M055,2025-05-24 15:00:00,172.951,506.616,102.964,38.224,0.01407
M055,2025-05-24 16:00:00,175.344,558.464,98.082,30.838,0.0062
M055,2025-05-24 17:00:00,184.053,546.933,97.175,35.212,0.0062
M055,2025-05-24 18:00:00,167.296,528.805,84.598,36.625,0.0062
M055,2025-05-24 19:00:00,173.862,508.748,88.783,41.973,0.01407
M055,2025-05-24 20:00:00,180.643,552.806,92.775,44.319,0.01407
M055,2025-05-24 21:00:00,178.429,535.155,95.588,37.719,0.01407
M055,2025-05-24 22:00:00,167.009,601.934,93.476,39.682,0.01407
M055,2025-05-24 23:00:00,169.479,577.927,95.892,35.199,0.01407
M055,2025-05-25 00:00:00,170.847,527.052,111.373,35.377,0.01407
M055,2025-05-25 01:00:00,164.786,405.52,112.289,38.099,0.01407
M055,2025-05-25 02:00:00,164.994,454.115,120.341,41.726,0.01407
M055,2025-05-25 03:00:00,165.893,521.172,112.428,41.855,0.01407
M055,2025-05-25 04:00:00,170.307,517.548,95.038,41.663,0.01407
M055,2025-05-25 05:00:00,166.618,436.214,92.077,35.543,0.01407
M055,2025-05-25 06:00:00,167.714,455.888,98.251,38.251,0.01407
M055,2025-05-25 07:00:00,168.012,453.214,80.74,50.398,0.01407
M055,2025-05-25 08:00:00,160.942,450.693,90.978,43.44,0.01407
M055,2025-05-25 09:00:00,163.022,444.546,94.416,40.532,0.01407
M055,2025-05-25 10:00:00,164.395,439.208,100.08,38.651,0.0062
M055,2025-05-25 11:00:00,159.825,422.487,111.116,44.848,0.01407
M055,2025-05-25 12:00:00,163.275,450.867,120.849,42.732,0.01407
M055,2025-05-25 13:00:00,176.954,476.227,120.816,39.108,0.01407
M055,2025-05-25 14:00:00,176.745,473.917,114.162,34.321,0.01407
M055,2025-05-25 15:00:00,174.014,441.826,110.738,30.123,0.01407
M055,2025-05-25 16:00:00,164.848,443.93,106.489,38.244,0.01407
M055,2025-05-25 17:00:00,156.891,460.197,110.859,37.977,0.01407
M055,2025-05-25 18:00:00,158.189,446.473,112.024,35.993,0.0062
M055,2025-05-25 19:00:00,152.257,432.863,103.397,32.197,0.01407
M055,2025-05-25 20:00:00,150.129,432.139,89.966,39.141,0.01407
M055,2025-05-25 21:00:00,155.592,371.713,88.808,45.197,0.01407
M055,2025-05-25 22:00:00,175.251,399.229,106.798,40.365,0.01407
M055,2025-05-25 23:00:00,162.259,393.506,110.345,40.385,0.01407
M055,2025-05-26 00:00:00,169.803,333.942,119.199,38.001,0.01653
M055,2025-05-26 01:00:00,168.132,399.991,118.613,41.77,0.01653
M055,2025-05-26 02:00:00,164.434,392.665,102.417,39.77,0.01653
M055,2025-05-26 03:00:00,169.073,415.388,102.209,43.84,0.01633
M055,2025-05-26 04:00:00,167.999,431.542,99.159,39.825,0.01407
M055,2025-05-26 05:00:00,184.84,455.505,104.266,34.264,0.01653
M055,2025-05-26 06:00:00,159.658,478.032,94.889,35.724,0.01633
M055,2025-05-26 07:00:00,163.794,427.044,99.096,35.418,0.01633
M055,2025-05-26 08:00:00,159.865,455.05,103.695,33.848,0.01407
M055,2025-05-26 09:00:00,169.451,360.231,101.086,38.901,0.01407
M055,2025-05-26 10:00:00,170.16,358.743,102.514,31.754,0.01633
M055,2025-05-26 11:00:00,158.261,350.424,95.291,38.439,0.01633
M055,2025-05-26 12:00:00,163.658,380.06,87.285,37.089,0.01633
M055,2025-05-26 13:00:00,162.278,361.216,93.661,41.147,0.01633
M055,2025-05-26 14:00:00,164.02,441.56,103.92,38.468,0.01407
M055,2025-05-26 15:00:00,169.009,484.998,107.358,43.803,0.01407
M055,2025-05-26 16:00:00,165.455,468.308,92.524,45.166,0.01633
M055,2025-05-26 17:00:00,166.647,404.951,97.11,41.23,0.01493
M055,2025-05-26 18:00:00,164.126,443.982,91.689,37.906,0.01407
M055,2025-05-26 19:00:00,165.2,437.102,89.039,37.113,0.01407
M055,2025-05-26 20:00:00,172.159,362.497,89.007,39.575,0.01633
M055,2025-05-26 21:00:00,156.376,396.274,88.829,42.645,0.01633
M055,2025-05-26 22:00:00,157.783,328.058,107.681,40.573,0.01633
M055,2025-05-26 23:00:00,169.04,404.76,105.627,40.59,0.01493
M055,2025-05-27 00:00:00,164.525,387.405,107.08,43.911,0.01633
M055,2025-05-27 01:00:00,168.517,375.885,106.255,44.307,0.01653
M055,2025-05-27 02:00:00,171.604,412.088,112.851,40.629,0.01653
M055,2025-05-27 03:00:00,176.114,471.44,110.047,43.623,0.01653
M055,2025-05-27 04:00:00,174.519,408.372,96.353,45.108,0.01653
M055,2025-05-27 05:00:00,183.913,386.038,93.062,41.126,0.01633
M055,2025-05-27 06:00:00,170.646,379.535,94.743,45.119,0.01653
M055,2025-05-27 07:00:00,179.378,469.057,93.255,36.464,0.01407
M055,2025-05-27 08:00:00,175.534,479.574,113.041,36.942,0.01633
M055,2025-05-27 09:00:00,181.071,527.573,115.258,37.655,0.01633
M055,2025-05-27 10:00:00,181.621,463.529,112.911,31.999,0.01633
M055,2025-05-27 11:00:00,177.859,497.143,109.328,34.02,0.01633
M055,2025-05-27 12:00:00,173.653,497.019,104.013,40.591,0.01407
M055,2025-05-27 13:00:00,176.949,468.509,89.923,40.92,0.01407
M055,2025-05-27 14:00:00,155.557,446.569,91.89,39.567,0.01407
M055,2025-05-27 15:00:00,159.144,442.016,99.634,45.79,0.01407
M055,2025-05-27 16:00:00,161.471,412.703,94.07,54.574,0.01407
M055,2025-05-27 17:00:00,176.573,433.922,102.678,53.423,0.02703
M055,2025-05-27 18:00:00,159.674,389.728,95.691,44.137,0.02703
M055,2025-05-27 19:00:00,154.761,340.261,93.846,41.463,0.01633
M055,2025-05-27 20:00:00,164.782,416.84,99.14,38.15,0.01493
M055,2025-05-27 21:00:00,175.081,375.166,102.149,38.075,0.02703
M055,2025-05-27 22:00:00,175.056,446.383,96.618,44.965,0.01653
M055,2025-05-27 23:00:00,172.118,356.151,107.717,48.701,0.02703
M055,2025-05-28 00:00:00,172.408,345.97,100.61,42.426,0.02703
M055,2025-05-28 01:00:00,168.337,356.951,110.99,38.487,0.02703
M055,2025-05-28 02:00:00,170.582,354.024,110.733,38.507,0.02703
M055,2025-05-28 03:00:00,168.473,378.212,113.314,44.97,0.02703
M055,2025-05-28 04:00:00,169.558,424.812,113.891,46.813,0.02703
M055,2025-05-28 05:00:00,178.938,400.778,115.4,44.205,0.02703
M055,2025-05-28 06:00:00,189.961,499.9,117.881,43.404,0.02703
M055,2025-05-28 07:00:00,183.663,479.522,107.644,38.255,0.01653
M055,2025-05-28 08:00:00,179.773,470.198,101.364,41.21,0.01653
M055,2025-05-28 09:00:00,177.586,448.064,85.767,41.366,0.01633
M055,2025-05-28 10:00:00,173.428,417.53,107.49,40.048,0.01633
M055,2025-05-28 11:00:00,170.711,475.094,99.007,38.323,0.01633
M055,2025-05-28 12:00:00,184.013,438.43,99.361,44.492,0.01633
M055,2025-05-28 13:00:00,181.752,512.25,107.219,46.601,0.01653
M055,2025-05-28 14:00:00,168.976,477.759,112.357,47.063,0.02703
M055,2025-05-28 15:00:00,159.392,363.986,100.204,43.501,0.01653
M055,2025-05-28 16:00:00,173.565,397.224,95.912,38.944,0.01653
M055,2025-05-28 17:00:00,157.958,471.4,93.614,40.964,0.01407
M055,2025-05-28 18:00:00,172.672,504.503,94.877,40.445,0.02703
M055,2025-05-28 19:00:00,170.452,419.989,108.908,44.209,0.02703
M055,2025-05-28 20:00:00,190.493,344.346,120.842,44.397,0.08333
M055,2025-05-28 21:00:00,167.106,433.745,110.58,42.753,0.08333
M055,2025-05-28 22:00:00,177.534,415.716,104.465,41.105,0.08333
M055,2025-05-28 23:00:00,177.504,477.436,99.331,48.203,0.08333
M055,2025-05-29 00:00:00,173.455,470.222,77.48,46.396,0.02703
M055,2025-05-29 01:00:00,170.979,420.634,83.699,34.422,0.01653
M055,2025-05-29 02:00:00,168.844,402.71,103.895,38.978,0.01633
M055,2025-05-29 03:00:00,172.191,352.462,91.318,39.555,0.01653
M055,2025-05-29 04:00:00,172.586,384.718,93.583,42.481,0.01653
M055,2025-05-29 05:00:00,167.5,397.396,107.87,40.212,0.01653
M055,2025-05-29 06:00:00,162.369,405.601,106.131,37.402,0.01407
M055,2025-05-29 07:00:00,168.672,443.177,96.364,39.394,0.01407
M055,2025-05-29 08:00:00,171.38,452.568,105.014,44.658,0.01633
M055,2025-05-29 09:00:00,171.363,431.547,110.572,41.901,0.01407
M055,2025-05-29 10:00:00,174.685,386.245,107.23,35.636,0.01653
M055,2025-05-29 11:00:00,163.48,482.261,105.997,37.238,0.01633
M055,2025-05-29 12:00:00,158.957,436.677,109.567,39.787,0.01407
M055,2025-05-29 13:00:00,164.837,406.293,96.489,40.139,0.01407
M055,2025-05-29 14:00:00,159.502,455.733,84.271,39.579,0.01407
M055,2025-05-29 15:00:00,166.553,439.513,89.046,43.63,0.01407
M055,2025-05-29 16:00:00,166.097,438.477,99.964,42.799,0.01407
M055,2025-05-29 17:00:00,177.822,467.389,92.601,38.032,0.01407
M055,2025-05-29 18:00:00,175.368,435.095,88.541,37.196,0.01407
M055,2025-05-29 19:00:00,176.37,441.899,93.194,41.445,0.01407
M055,2025-05-29 20:00:00,178.55,389.786,107.861,43.839,0.01407
M055,2025-05-29 21:00:00,175.624,391.729,97.685,47.066,0.01407
M055,2025-05-29 22:00:00,169.838,465.565,106.531,41.086,0.01407
M055,2025-05-29 23:00:00,180.892,415.31,92.894,39.121,0.01407
M055,2025-05-30 00:00:00,177.688,473.354,107.689,41.363,0.01407
M055,2025-05-30 01:00:00,168.427,504.769,108.695,39.306,0.0062
M055,2025-05-30 02:00:00,166.741,505.132,107.875,40.421,0.0062
M055,2025-05-30 03:00:00,171.667,408.032,120.803,46.054,0.01407
M055,2025-05-30 04:00:00,152.929,356.835,109.508,41.197,0.01407
M055,2025-05-30 05:00:00,162.474,388.431,97.915,38.059,0.01407
M055,2025-05-30 06:00:00,177.968,353.448,98.031,33.828,0.01407
M055,2025-05-30 07:00:00,170.429,394.107,108.848,36.804,0.01653
M055,2025-05-30 08:00:00,167.201,490.88,90.256,37.097,0.01633
M055,2025-05-30 09:00:00,170.971,483.799,80.132,36.267,0.01407
M055,2025-05-30 10:00:00,165.241,447.416,86.164,32.091,0.01407
M055,2025-05-30 11:00:00,162.658,504.697,103.429,29.549,0.01407
M055,2025-05-30 12:00:00,168.099,481.632,103.839,35.0,0.01407
M055,2025-05-30 13:00:00,175.352,544.394,98.321,39.782,0.01407
M055,2025-05-30 14:00:00,167.807,466.52,89.426,41.376,0.01407
M055,2025-05-30 15:00:00,161.66,433.294,96.792,38.2,0.01407
M055,2025-05-30 16:00:00,172.718,407.131,111.925,38.228,0.01407
M055,2025-05-30 17:00:00,175.25,453.512,95.731,47.169,0.01633
M055,2025-05-30 18:00:00,185.729,438.436,89.341,50.025,0.01633
M055,2025-05-30 19:00:00,191.317,437.436,91.971,51.447,0.01653
M055,2025-05-30 20:00:00,170.993,405.271,105.229,48.77,0.01653
M055,2025-05-30 21:00:00,172.37,469.689,89.984,40.629,0.01633
M055,2025-05-30 22:00:00,173.104,464.235,109.285,44.125,0.01633
M055,2025-05-30 23:00:00,178.528,521.368,109.652,42.243,0.01407
M056,2025-05-24 00:00:00,186.594,554.838,112.9,47.1,0.00505
M056,2025-05-24 01:00:00,178.714,519.817,88.689,51.387,0.00505
M056,2025-05-24 02:00:00,178.172,450.512,98.985,49.434,0.00505
M056,2025-05-24 03:00:00,169.518,462.524,105.954,45.987,0.0062
M056,2025-05-24 04:00:00,183.25,551.944,103.697,48.796,0.0062
M056,2025-05-24 05:00:00,184.688,502.017,108.401,45.099,0.0062
M056,2025-05-24 06:00:00,192.103,465.072,115.247,46.285,0.0062
M056,2025-05-24 07:00:00,184.814,432.31,110.542,44.802,0.0062
M056,2025-05-24 08:00:00,190.051,387.192,114.845,46.008,0.0062
M056,2025-05-24 09:00:00,180.104,392.535,110.839,48.243,0.0062
M056,2025-05-24 10:00:00,180.888,437.745,105.909,48.919,0.0062
M056,2025-05-24 11:00:00,170.261,516.801,87.749,45.383,0.0062
M056,2025-05-24 12:00:00,172.765,495.3,78.621,48.723,0.0062
M056,2025-05-24 13:00:00,172.298,519.708,90.671,53.478,0.0062
M056,2025-05-24 14:00:00,165.737,512.14,112.328,53.669,0.0062
M056,2025-05-24 15:00:00,174.098,486.999,108.04,45.965,0.0062
M056,2025-05-24 16:00:00,171.26,493.767,102.548,45.319,0.0062
M056,2025-05-24 17:00:00,179.852,487.042,106.75,44.195,0.0062
M056,2025-05-24 18:00:00,188.898,383.969,105.149,46.74,0.0062
M056,2025-05-24 19:00:00,185.996,381.713,104.765,46.649,0.0062
M056,2025-05-24 20:00:00,177.146,412.515,117.799,42.831,0.0062
M056,2025-05-24 21:00:00,175.407,485.304,103.602,49.221,0.0062
M056,2025-05-24 22:00:00,169.314,479.348,106.729,43.381,0.0062
M056,2025-05-24 23:00:00,178.334,419.571,105.305,44.837,0.0062
M056,2025-05-25 00:00:00,193.187,414.931,124.56,37.74,0.0062
M056,2025-05-25 01:00:00,188.563,419.723,114.659,42.015,0.01407
M056,2025-05-25 02:00:00,185.721,386.809,113.014,48.861,0.01407
M056,2025-05-25 03:00:00,185.398,433.907,109.511,48.931,0.01407
M056,2025-05-25 04:00:00,183.466,520.333,111.416,50.59,0.0062
M056,2025-05-25 05:00:00,171.265,511.953,99.51,52.226,0.0062
M056,2025-05-25 06:00:00,178.207,478.297,103.345,52.755,0.0062
M056,2025-05-25 07:00:00,191.299,451.319,115.8,51.599,0.0062
M056,2025-05-25 08:00:00,184.668,511.693,118.836,48.11,0.0062
M056,2025-05-25 09:00:00,176.943,544.913,122.069,45.484,0.0062
M056,2025-05-25 10:00:00,177.355,551.795,122.327,45.05,0.0062
M056,2025-05-25 11:00:00,177.219,457.032,122.826,44.12,0.0062
M056,2025-05-25 12:00:00,185.983,414.448,134.783,41.367,0.0062
M056,2025-05-25 13:00:00,189.15,401.248,122.269,39.267,0.0062
M056,2025-05-25 14:00:00,190.968,503.766,116.253,44.055,0.0062
M056,2025-05-25 15:00:00,190.945,488.792,112.748,43.628,0.0062
M056,2025-05-25 16:00:00,206.818,505.811,113.804,47.301,0.0062
M056,2025-05-25 17:00:00,200.606,447.807,120.088,44.512,0.0062
M056,2025-05-25 18:00:00,196.43,391.057,116.624,47.838,0.0062
M056,2025-05-25 19:00:00,198.154,423.661,114.217,58.415,0.0062
M056,2025-05-25 20:00:00,185.709,416.501,119.727,54.1,0.0062
M056,2025-05-25 21:00:00,176.031,423.155,119.04,49.268,0.0062
M056,2025-05-25 22:00:00,176.2,433.671,112.559,49.688,0.0062
M056,2025-05-25 23:00:00,169.103,486.347,108.375,48.626,0.0062
M056,2025-05-26 00:00:00,166.18,466.019,88.361,46.386,0.0062
M056,2025-05-26 01:00:00,183.331,454.808,101.277,50.908,0.0062
M056,2025-05-26 02:00:00,178.475,514.979,109.382,53.624,0.0062
M056,2025-05-26 03:00:00,175.467,506.653,115.237,43.974,0.00505
M056,2025-05-26 04:00:00,168.651,443.864,99.171,38.706,0.00505
M056,2025-05-26 05:00:00,181.367,419.324,107.224,35.363,0.0062
M056,2025-05-26 06:00:00,176.273,461.437,101.744,38.75,0.0062
M056,2025-05-26 07:00:00,177.043,496.986,97.194,45.404,0.0062
M056,2025-05-26 08:00:00,168.736,543.108,118.425,52.96,0.0062
M056,2025-05-26 09:00:00,168.545,537.125,109.67,56.099,0.00505
M056,2025-05-26 10:00:00,179.498,524.01,109.695,49.747,0.0062
M056,2025-05-26 11:00:00,170.665,498.309,110.246,52.256,0.0062
M056,2025-05-26 12:00:00,175.635,545.528,91.581,50.664,0.0062
M056,2025-05-26 13:00:00,173.778,530.958,81.773,45.113,0.0062
M056,2025-05-26 14:00:00,182.416,469.893,96.659,43.426,0.0062
M056,2025-05-26 15:00:00,184.528,430.75,99.887,48.204,0.0062
M056,2025-05-26 16:00:00,176.433,445.73,106.776,49.823,0.0062
M056,2025-05-26 17:00:00,177.065,452.092,97.383,48.258,0.0062
M056,2025-05-26 18:00:00,177.906,481.052,98.336,47.177,0.0062
M056,2025-05-26 19:00:00,182.386,570.207,96.148,49.578,0.0062
M056,2025-05-26 20:00:00,185.195,529.214,103.523,46.337,0.0062
M056,2025-05-26 21:00:00,192.18,567.14,86.645,48.258,0.0062
M056,2025-05-26 22:00:00,195.045,505.786,101.146,45.227,0.0062
M056,2025-05-26 23:00:00,190.151,533.772,99.609,49.195,0.0062
M056,2025-05-27 00:00:00,191.783,441.687,93.582,55.021,0.0062
M056,2025-05-27 01:00:00,194.158,429.604,106.584,49.628,0.0062
M056,2025-05-27 02:00:00,191.82,449.262,118.619,47.63,0.0062
M056,2025-05-27 03:00:00,193.883,482.519,98.727,44.524,0.0062
M056,2025-05-27 04:00:00,189.055,416.166,105.349,45.157,0.0062
M056,2025-05-27 05:00:00,209.941,468.028,105.224,40.883,0.0062
M056,2025-05-27 06:00:00,191.361,442.455,109.916,42.404,0.0062
M056,2025-05-27 07:00:00,189.061,387.62,116.039,47.401,0.0062
M056,2025-05-27 08:00:00,177.239,381.791,111.915,48.029,0.0062
M056,2025-05-27 09:00:00,186.382,455.602,104.213,46.368,0.0062
M056,2025-05-27 10:00:00,186.588,445.836,103.409,49.593,0.0062
M056,2025-05-27 11:00:00,186.506,420.277,108.848,49.306,0.0062
M056,2025-05-27 12:00:00,193.932,427.512,97.755,46.894,0.00505
M056,2025-05-27 13:00:00,187.373,451.233,78.995,49.075,0.00505
M056,2025-05-27 14:00:00,199.229,509.255,91.498,43.011,0.0
M056,2025-05-27 15:00:00,192.503,492.04,96.573,47.188,0.0
M056,2025-05-27 16:00:00,186.776,402.277,87.3,52.886,0.0
M056,2025-05-27 17:00:00,184.873,440.618,94.678,49.838,0.0
M056,2025-05-27 18:00:00,192.314,426.373,105.341,46.318,0.0062
M056,2025-05-27 19:00:00,196.033,359.763,100.697,48.686,0.0062
M056,2025-05-27 20:00:00,187.317,419.987,91.832,48.722,0.0062
M056,2025-05-27 21:00:00,187.932,404.455,89.57,50.782,0.0062
M056,2025-05-27 22:00:00,192.946,471.059,105.614,51.442,0.0062
M056,2025-05-27 23:00:00,190.374,481.175,125.917,51.733,0.0062
M056,2025-05-28 00:00:00,181.432,508.199,119.546,43.662,0.0062
M056,2025-05-28 01:00:00,184.102,520.91,122.384,47.983,0.0062
M056,2025-05-28 02:00:00,179.576,506.535,114.355,50.08,0.0062
M056,2025-05-28 03:00:00,166.002,514.543,134.226,42.935,0.0062
M056,2025-05-28 04:00:00,171.384,480.384,135.294,49.717,0.0062
M056,2025-05-28 05:00:00,171.27,471.404,133.695,48.468,0.0062
M056,2025-05-28 06:00:00,172.604,494.015,125.065,51.542,0.0062
M056,2025-05-28 07:00:00,177.914,500.107,124.895,49.284,0.00505
M056,2025-05-28 08:00:00,183.321,513.67,136.185,43.781,0.0
M056,2025-05-28 09:00:00,187.571,536.699,119.382,48.684,0.0
M056,2025-05-28 10:00:00,181.963,466.928,123.51,51.674,0.0
M056,2025-05-28 11:00:00,177.299,397.217,112.052,56.32,0.0
M056,2025-05-28 12:00:00,185.659,358.001,114.501,54.158,0.0
M056,2025-05-28 13:00:00,178.005,345.595,117.941,53.488,0.0062
M056,2025-05-28 14:00:00,170.543,417.887,116.828,49.604,0.0062
M056,2025-05-28 15:00:00,182.358,484.477,111.382,53.194,0.0062
M056,2025-05-28 16:00:00,183.522,513.087,104.679,53.216,0.0062
M056,2025-05-28 17:00:00,189.514,499.185,84.613,53.501,0.0
M056,2025-05-28 18:00:00,182.638,510.408,99.686,55.517,0.0
M056,2025-05-28 19:00:00,187.036,489.759,108.098,49.649,0.0
M056,2025-05-28 20:00:00,196.315,540.425,98.843,52.059,0.0
M056,2025-05-28 21:00:00,181.682,511.393,108.777,49.668,0.0
M056,2025-05-28 22:00:00,186.91,478.181,108.482,53.979,0.0
M056,2025-05-28 23:00:00,179.837,430.275,118.444,49.373,0.0062
M056,2025-05-29 00:00:00,178.221,478.109,117.669,49.629,0.0062
M056,2025-05-29 01:00:00,175.639,396.619,113.562,52.959,0.0062
M056,2025-05-29 02:00:00,172.179,394.227,115.293,58.454,0.01633
M056,2025-05-29 03:00:00,182.324,359.397,96.406,59.424,0.01633
M056,2025-05-29 04:00:00,182.975,450.235,109.247,58.371,0.01633
M056,2025-05-29 05:00:00,190.925,401.057,98.608,56.377,0.01633
M056,2025-05-29 06:00:00,193.844,403.786,104.289,49.164,0.02703
M056,2025-05-29 07:00:00,202.326,428.284,99.757,60.352,0.08333
M056,2025-05-29 08:00:00,186.893,417.863,116.162,61.344,0.29091
M056,2025-05-29 09:00:00,194.787,455.746,106.793,56.042,0.29091
M056,2025-05-29 10:00:00,182.012,528.994,116.907,63.021,0.08333
M056,2025-05-29 11:00:00,181.731,468.519,105.225,63.226,0.08333
M056,2025-05-29 12:00:00,197.975,424.725,111.151,67.678,0.0
M056,2025-05-29 13:00:00,189.915,509.632,100.666,49.26,0.0
M056,2025-05-29 14:00:00,175.398,501.513,115.689,48.366,0.0
M056,2025-05-29 15:00:00,167.103,497.929,106.538,48.51,0.0
M056,2025-05-29 16:00:00,192.603,444.861,116.776,45.071,0.0
M056,2025-05-29 17:00:00,191.185,462.749,117.533,46.074,0.0
M056,2025-05-29 18:00:00,190.306,471.101,112.602,49.116,0.0
M056,2025-05-29 19:00:00,184.547,424.881,106.761,48.924,0.0
M056,2025-05-29 20:00:00,183.703,487.766,107.33,46.92,0.0
M056,2025-05-29 21:00:00,179.245,445.814,108.687,48.262,0.0
M056,2025-05-29 22:00:00,179.068,418.243,120.206,54.085,0.0
M056,2025-05-29 23:00:00,178.156,349.403,115.734,53.231,0.0
M056,2025-05-30 00:00:00,183.309,421.415,99.616,46.009,0.0
M056,2025-05-30 01:00:00,174.78,441.072,102.936,42.592,0.0
M056,2025-05-30 02:00:00,189.141,449.686,104.013,39.402,0.0
M056,2025-05-30 03:00:00,200.549,498.661,90.716,49.884,0.0
M056,2025-05-30 04:00:00,194.569,480.392,99.775,51.494,0.0
M056,2025-05-30 05:00:00,186.289,408.138,83.949,53.113,0.0
M056,2025-05-30 06:00:00,194.143,447.033,87.668,53.012,0.0
M056,2025-05-30 07:00:00,199.9,477.23,97.055,52.874,0.0
M056,2025-05-30 08:00:00,199.549,522.943,103.167,55.637,0.0
M056,2025-05-30 09:00:00,194.724,532.747,121.308,51.797,0.0
M056,2025-05-30 10:00:00,190.185,470.93,112.052,46.205,0.0
M056,2025-05-30 11:00:00,189.107,570.231,118.25,43.955,0.0
M056,2025-05-30 12:00:00,192.269,499.36,104.556,39.344,0.0
M056,2025-05-30 13:00:00,192.504,506.271,115.757,43.99,0.0
M056,2025-05-30 14:00:00,191.01,453.626,97.716,42.927,0.0
M056,2025-05-30 15:00:00,200.958,485.675,108.783,40.121,0.0
M056,2025-05-30 16:00:00,193.701,487.6,107.839,50.197,0.0
M056,2025-05-30 17:00:00,177.049,468.014,118.256,50.745,0.0
M056,2025-05-30 18:00:00,185.267,524.085,108.794,42.716,0.0
M056,2025-05-30 19:00:00,186.801,598.977,119.903,48.737,0.0
M056,2025-05-30 20:00:00,180.365,497.041,120.765,44.545,0.0
M056,2025-05-30 21:00:00,172.922,535.502,105.706,47.931,0.0
M056,2025-05-30 22:00:00,182.825,572.619,107.333,46.153,0.0
M056,2025-05-30 23:00:00,190.576,524.404,129.085,48.002,0.0
M057,2025-05-24 00:00:00,173.613,418.471,107.443,50.356,0.01653
M057,2025-05-24 01:00:00,184.051,462.786,108.542,44.702,0.01633
M057,2025-05-24 02:00:00,176.884,459.717,125.744,41.683,0.0062
M057,2025-05-24 03:00:00,177.133,493.982,126.148,41.229,0.0062
M057,2025-05-24 04:00:00,174.79,593.899,128.392,44.394,0.0062
M057,2025-05-24 05:00:00,178.743,551.315,115.322,38.257,0.0062
M057,2025-05-24 06:00:00,191.026,513.603,124.636,42.949,0.0062
M057,2025-05-24 07:00:00,190.561,452.488,124.904,52.836,0.0062
M057,2025-05-24 08:00:00,185.577,433.764,128.883,50.709,0.0062
M057,2025-05-24 09:00:00,190.078,361.458,122.717,47.42,0.0062
M057,2025-05-24 10:00:00,190.28,405.654,127.828,49.572,0.0062
M057,2025-05-24 11:00:00,180.041,411.173,136.799,47.788,0.02703
M057,2025-05-24 12:00:00,188.21,420.949,113.644,52.227,0.02703
M057,2025-05-24 13:00:00,188.896,445.062,120.941,57.262,0.02703
M057,2025-05-24 14:00:00,185.304,508.972,114.862,47.102,0.01653
M057,2025-05-24 15:00:00,189.367,428.756,118.248,50.027,0.01653
M057,2025-05-24 16:00:00,190.618,459.8,107.387,50.296,0.0062
M057,2025-05-24 17:00:00,177.079,468.142,106.14,54.45,0.0062
M057,2025-05-24 18:00:00,177.702,424.593,120.645,49.79,0.0062
M057,2025-05-24 19:00:00,182.193,412.85,114.0,51.343,0.01407
M057,2025-05-24 20:00:00,186.109,367.12,115.362,50.781,0.01407
M057,2025-05-24 21:00:00,172.381,369.443,119.665,55.822,0.01407
M057,2025-05-24 22:00:00,177.235,319.897,114.074,46.839,0.0062
M057,2025-05-24 23:00:00,176.076,318.811,118.417,39.094,0.0062
M057,2025-05-25 00:00:00,166.988,360.479,116.43,41.875,0.0062
M057,2025-05-25 01:00:00,175.021,470.477,111.717,38.23,0.0062
M057,2025-05-25 02:00:00,169.037,516.445,109.262,50.072,0.0062
M057,2025-05-25 03:00:00,168.176,509.926,106.552,48.27,0.0062
M057,2025-05-25 04:00:00,177.97,456.595,120.318,50.262,0.0062
M057,2025-05-25 05:00:00,181.547,457.165,112.914,49.07,0.0062
M057,2025-05-25 06:00:00,182.056,462.039,101.664,49.435,0.0062
M057,2025-05-25 07:00:00,188.428,427.54,107.351,54.436,0.0062
M057,2025-05-25 08:00:00,192.112,418.051,100.362,53.485,0.0062
M057,2025-05-25 09:00:00,188.904,437.795,115.537,41.13,0.0062
M057,2025-05-25 10:00:00,173.131,445.944,120.949,52.031,0.0062
M057,2025-05-25 11:00:00,171.336,447.007,111.494,44.28,0.0062
M057,2025-05-25 12:00:00,174.456,466.931,120.193,43.793,0.0062
M057,2025-05-25 13:00:00,184.077,472.462,120.685,41.341,0.0062
M057,2025-05-25 14:00:00,186.615,426.808,124.383,51.957,0.0062
M057,2025-05-25 15:00:00,185.837,462.852,122.002,42.888,0.01407
M057,2025-05-25 16:00:00,183.317,419.226,119.813,43.903,0.01407
M057,2025-05-25 17:00:00,188.007,415.036,115.743,50.204,0.01407
M057,2025-05-25 18:00:00,174.891,414.042,109.17,46.626,0.0062
M057,2025-05-25 19:00:00,170.937,404.674,113.506,48.234,0.01407
M057,2025-05-25 20:00:00,182.548,460.172,100.784,46.462,0.01407
M057,2025-05-25 21:00:00,171.491,458.124,104.642,53.204,0.01407
M057,2025-05-25 22:00:00,165.864,481.99,110.62,50.932,0.0062
M057,2025-05-25 23:00:00,167.129,504.278,107.66,59.283,0.0062
M057,2025-05-26 00:00:00,177.722,504.863,122.818,56.86,0.0062
M057,2025-05-26 01:00:00,169.067,502.999,125.969,52.839,0.01407
M057,2025-05-26 02:00:00,179.127,374.747,110.058,45.957,0.0062
M057,2025-05-26 03:00:00,186.092,417.753,113.98,43.462,0.0062
M057,2025-05-26 04:00:00,180.362,390.786,98.776,52.725,0.0062
M057,2025-05-26 05:00:00,181.326,382.802,110.445,47.03,0.0062
M057,2025-05-26 06:00:00,171.172,389.912,103.235,48.896,0.01407
M057,2025-05-26 07:00:00,177.827,421.526,97.284,47.609,0.0062
M057,2025-05-26 08:00:00,169.868,453.74,108.174,46.705,0.01407
M057,2025-05-26 09:00:00,163.862,404.912,108.235,46.585,0.01407
M057,2025-05-26 10:00:00,164.52,399.135,97.999,46.972,0.01407
M057,2025-05-26 11:00:00,157.149,426.33,97.83,38.071,0.01407
M057,2025-05-26 12:00:00,162.271,450.59,99.948,37.408,0.01407
M057,2025-05-26 13:00:00,171.592,481.86,98.6,45.398,0.01407
M057,2025-05-26 14:00:00,174.919,453.604,116.961,48.482,0.01653
M057,2025-05-26 15:00:00,167.573,477.113,103.899,50.919,0.02703
M057,2025-05-26 16:00:00,165.327,425.234,102.632,44.157,0.02703
M057,2025-05-26 17:00:00,171.088,423.102,109.164,41.753,0.01653
M057,2025-05-26 18:00:00,172.659,365.593,113.096,38.74,0.02703
M057,2025-05-26 19:00:00,168.765,458.034,117.793,45.77,0.01653
M057,2025-05-26 20:00:00,174.465,486.665,110.828,44.226,0.02703
M057,2025-05-26 21:00:00,175.287,446.668,103.677,47.041,0.02703
M057,2025-05-26 22:00:00,182.599,418.914,105.802,43.722,0.01653
M057,2025-05-26 23:00:00,173.135,415.836,98.673,49.227,0.01653
M057,2025-05-27 00:00:00,172.204,456.25,102.025,54.039,0.01653
M057,2025-05-27 01:00:00,161.647,461.747,104.681,50.245,0.01407
M057,2025-05-27 02:00:00,166.032,467.617,113.774,51.981,0.01633
M057,2025-05-27 03:00:00,169.06,422.844,93.555,45.601,0.01633
M057,2025-05-27 04:00:00,176.254,451.743,92.062,48.294,0.01407
M057,2025-05-27 05:00:00,171.524,436.689,91.463,52.762,0.01407
M057,2025-05-27 06:00:00,178.823,441.481,104.369,50.28,0.01407
M057,2025-05-27 07:00:00,178.476,546.817,114.302,49.805,0.01633
M057,2025-05-27 08:00:00,186.076,426.114,105.402,51.476,0.01633
M057,2025-05-27 09:00:00,181.384,419.074,114.383,49.062,0.01633
M057,2025-05-27 10:00:00,171.016,436.803,125.4,53.98,0.01653
M057,2025-05-27 11:00:00,171.99,549.77,117.295,55.63,0.02703
M057,2025-05-27 12:00:00,172.996,496.016,109.956,50.709,0.02703
M057,2025-05-27 13:00:00,159.577,494.592,116.416,49.608,0.02703
M057,2025-05-27 14:00:00,172.811,479.754,113.929,50.632,0.02703
M057,2025-05-27 15:00:00,174.69,381.241,109.926,44.708,0.01653
M057,2025-05-27 16:00:00,171.84,469.95,105.227,48.701,0.01653
M057,2025-05-27 17:00:00,177.049,465.774,125.063,53.326,0.01407
M057,2025-05-27 18:00:00,175.836,558.969,117.253,51.268,0.0062
M057,2025-05-27 19:00:00,182.936,510.917,119.436,46.51,0.0062
M057,2025-05-27 20:00:00,180.203,460.989,101.612,48.42,0.0062
M057,2025-05-27 21:00:00,177.153,467.464,99.391,47.505,0.0062
M057,2025-05-27 22:00:00,168.446,461.764,99.585,47.695,0.0062
M057,2025-05-27 23:00:00,170.181,483.75,100.394,47.701,0.0062
M057,2025-05-28 00:00:00,182.125,451.601,107.512,50.388,0.0062
M057,2025-05-28 01:00:00,163.492,460.881,105.704,52.967,0.0062
M057,2025-05-28 02:00:00,169.253,382.387,116.537,56.763,0.01633
M057,2025-05-28 03:00:00,173.784,366.077,120.853,54.323,0.01633
M057,2025-05-28 04:00:00,174.526,369.611,116.349,51.635,0.01633
M057,2025-05-28 05:00:00,179.916,383.874,117.617,51.77,0.01407
M057,2025-05-28 06:00:00,176.173,351.617,121.676,53.098,0.01407
M057,2025-05-28 07:00:00,171.518,411.947,105.138,51.292,0.01633
M057,2025-05-28 08:00:00,179.362,512.745,95.958,47.699,0.01407
M057,2025-05-28 09:00:00,172.668,468.231,103.742,56.777,0.01633
M057,2025-05-28 10:00:00,169.559,411.498,102.015,55.957,0.01633
M057,2025-05-28 11:00:00,173.084,419.457,99.484,55.372,0.01653
M057,2025-05-28 12:00:00,178.988,411.525,95.311,53.975,0.01633
M057,2025-05-28 13:00:00,178.318,414.82,106.744,45.124,0.01653
M057,2025-05-28 14:00:00,180.468,384.852,109.31,53.86,0.08333
M057,2025-05-28 15:00:00,189.602,355.018,106.06,50.097,0.08333
M057,2025-05-28 16:00:00,191.023,416.026,105.2,46.823,0.08333
M057,2025-05-28 17:00:00,184.978,421.165,108.913,47.843,0.02703
M057,2025-05-28 18:00:00,179.237,411.982,105.786,42.933,0.01653
M057,2025-05-28 19:00:00,182.422,414.179,116.265,43.092,0.01653
M057,2025-05-28 20:00:00,175.475,435.755,96.76,46.233,0.01653
M057,2025-05-28 21:00:00,176.563,366.752,93.912,43.112,0.01653
M057,2025-05-28 22:00:00,173.111,426.424,107.237,40.132,0.01407
M057,2025-05-28 23:00:00,182.08,450.529,108.415,39.999,0.01407
M057,2025-05-29 00:00:00,185.007,432.352,110.663,44.164,0.0062
M057,2025-05-29 01:00:00,183.808,423.903,108.706,49.867,0.0062
M057,2025-05-29 02:00:00,186.659,401.26,108.26,50.487,0.01407
M057,2025-05-29 03:00:00,186.716,442.663,114.832,52.554,0.29091
M057,2025-05-29 04:00:00,182.034,474.744,112.994,43.856,0.08333
M057,2025-05-29 05:00:00,175.82,404.609,118.835,49.791,0.08333
M057,2025-05-29 06:00:00,179.743,411.61,116.958,52.006,0.08333
M057,2025-05-29 07:00:00,181.998,473.486,134.74,49.162,0.29091
M057,2025-05-29 08:00:00,174.145,396.269,122.96,47.676,0.29091
M057,2025-05-29 09:00:00,179.634,431.347,120.943,50.676,0.08333
M057,2025-05-29 10:00:00,187.74,448.428,119.274,50.353,0.08333
M057,2025-05-29 11:00:00,184.4,457.372,115.542,58.288,0.02703
M057,2025-05-29 12:00:00,170.621,454.171,111.509,50.312,0.02703
M057,2025-05-29 13:00:00,167.135,404.398,103.049,50.15,0.01407
M057,2025-05-29 14:00:00,166.397,371.423,99.345,50.791,0.0062
M057,2025-05-29 15:00:00,165.619,348.816,111.132,52.48,0.01407
M057,2025-05-29 16:00:00,167.189,425.697,107.489,46.882,0.01407
M057,2025-05-29 17:00:00,163.696,365.915,99.387,43.268,0.01493
M057,2025-05-29 18:00:00,166.554,380.218,121.525,47.701,0.01633
M057,2025-05-29 19:00:00,174.768,284.657,122.879,39.608,0.01653
M057,2025-05-29 20:00:00,178.069,376.57,116.591,39.976,0.01653
M057,2025-05-29 21:00:00,176.224,400.223,99.127,45.869,0.01633
M057,2025-05-29 22:00:00,176.878,424.751,97.554,41.839,0.01493
M057,2025-05-29 23:00:00,173.937,523.597,103.882,46.533,0.01633
M057,2025-05-30 00:00:00,168.611,503.616,111.891,47.894,0.01407
M057,2025-05-30 01:00:00,167.767,443.542,102.935,44.908,0.01633
M057,2025-05-30 02:00:00,168.828,376.596,101.304,49.354,0.01633
M057,2025-05-30 03:00:00,175.714,313.915,100.784,50.408,0.02703
M057,2025-05-30 04:00:00,167.843,389.735,109.545,47.732,0.08333
M057,2025-05-30 05:00:00,159.527,393.197,112.019,57.914,0.14286
M057,2025-05-30 06:00:00,168.577,288.754,113.584,50.415,0.08333
M057,2025-05-30 07:00:00,169.081,351.793,116.206,53.137,0.29091
M057,2025-05-30 08:00:00,172.335,375.111,116.387,55.52,0.29091
M057,2025-05-30 09:00:00,173.627,366.745,110.404,48.295,0.29091
M057,2025-05-30 10:00:00,171.261,362.494,114.717,52.552,0.29091
M057,2025-05-30 11:00:00,172.306,373.209,108.024,53.019,0.14286
M057,2025-05-30 12:00:00,173.724,393.84,109.104,52.337,0.29091
M057,2025-05-30 13:00:00,163.598,400.957,110.201,55.942,0.14286
M057,2025-05-30 14:00:00,166.168,455.628,110.111,50.143,0.08333
M057,2025-05-30 15:00:00,161.221,475.336,111.748,49.04,0.01633
M057,2025-05-30 16:00:00,178.388,396.064,117.407,56.284,0.08333
M057,2025-05-30 17:00:00,175.445,483.418,113.922,53.313,0.08333
M057,2025-05-30 18:00:00,171.586,474.949,120.404,49.557,0.08333
M057,2025-05-30 19:00:00,167.103,408.994,113.684,59.484,0.08333
M057,2025-05-30 20:00:00,172.071,313.01,107.424,57.049,0.08333
M057,2025-05-30 21:00:00,170.317,409.715,101.406,54.559,0.08333
M057,2025-05-30 22:00:00,169.429,413.194,101.118,46.758,0.08333
M057,2025-05-30 23:00:00,176.635,433.301,104.081,49.043,0.02703
M058,2025-05-24 00:00:00,179.484,402.921,99.132,49.047,0.0062
M058,2025-05-24 01:00:00,182.549,405.141,110.236,50.399,0.0062
M058,2025-05-24 02:00:00,187.017,403.877,112.173,45.249,0.0062
M058,2025-05-24 03:00:00,194.397,385.11,116.934,53.172,0.0062
M058,2025-05-24 04:00:00,191.114,360.682,113.02,46.465,0.0062
M058,2025-05-24 05:00:00,190.703,423.826,118.157,49.499,0.0062
M058,2025-05-24 06:00:00,193.391,479.549,113.287,55.431,0.0062
M058,2025-05-24 07:00:00,192.765,496.728,107.813,56.361,0.0062
M058,2025-05-24 08:00:00,194.299,506.732,102.024,52.587,0.0062
M058,2025-05-24 09:00:00,192.328,555.118,104.808,53.909,0.0062
M058,2025-05-24 10:00:00,194.594,497.184,96.46,53.089,0.0062
M058,2025-05-24 11:00:00,204.329,450.485,120.842,45.785,0.01407
M058,2025-05-24 12:00:00,197.701,405.421,117.303,43.357,0.01407
M058,2025-05-24 13:00:00,190.448,405.153,100.783,48.902,0.01407
M058,2025-05-24 14:00:00,190.527,334.852,91.608,51.405,0.01407
M058,2025-05-24 15:00:00,195.854,316.52,75.778,47.996,0.01653
M058,2025-05-24 16:00:00,188.508,339.473,92.979,51.511,0.01407
M058,2025-05-24 17:00:00,181.844,436.668,87.704,46.923,0.01407
M058,2025-05-24 18:00:00,184.33,404.318,87.405,54.622,0.08333
M058,2025-05-24 19:00:00,190.645,391.886,97.702,52.428,0.08333
M058,2025-05-24 20:00:00,180.575,374.711,112.341,45.838,0.08333
M058,2025-05-24 21:00:00,175.703,298.373,99.919,54.249,0.08333
M058,2025-05-24 22:00:00,171.437,326.097,102.808,50.753,0.08333
M058,2025-05-24 23:00:00,177.746,441.189,101.017,52.907,0.08333
M058,2025-05-25 00:00:00,175.006,448.666,99.826,45.652,0.01653
M058,2025-05-25 01:00:00,178.446,451.311,90.235,49.332,0.01633
M058,2025-05-25 02:00:00,182.105,413.138,89.818,45.466,0.01407
M058,2025-05-25 03:00:00,189.056,393.351,113.395,40.737,0.01407
M058,2025-05-25 04:00:00,189.226,457.348,106.016,45.923,0.01407
M058,2025-05-25 05:00:00,185.426,371.853,124.598,47.558,0.01407
M058,2025-05-25 06:00:00,178.663,440.252,120.561,40.801,0.0062
M058,2025-05-25 07:00:00,176.293,414.659,102.667,42.204,0.0062
M058,2025-05-25 08:00:00,180.186,358.515,115.779,40.115,0.01407
M058,2025-05-25 09:00:00,191.081,281.93,117.785,43.228,0.01407
M058,2025-05-25 10:00:00,190.573,280.371,113.946,41.764,0.01407
M058,2025-05-25 11:00:00,194.291,316.678,108.192,41.167,0.0062
M058,2025-05-25 12:00:00,201.17,344.038,119.013,57.9,0.0062
M058,2025-05-25 13:00:00,187.397,303.985,110.622,59.897,0.0062
M058,2025-05-25 14:00:00,183.643,314.19,105.998,52.771,0.01407
M058,2025-05-25 15:00:00,186.695,335.875,106.47,50.095,0.01407
M058,2025-05-25 16:00:00,187.681,387.307,105.073,44.588,0.0062
M058,2025-05-25 17:00:00,191.407,351.436,102.321,45.487,0.0062
M058,2025-05-25 18:00:00,183.075,423.068,101.059,44.309,0.0062
M058,2025-05-25 19:00:00,182.333,385.525,102.756,52.317,0.0062
M058,2025-05-25 20:00:00,175.212,364.302,93.949,48.516,0.0062
M058,2025-05-25 21:00:00,179.705,381.843,97.721,48.161,0.0062
M058,2025-05-25 22:00:00,184.697,428.167,106.653,50.621,0.0062
M058,2025-05-25 23:00:00,194.025,406.746,116.011,50.301,0.0062
M058,2025-05-26 00:00:00,192.695,361.977,96.524,44.737,0.0062
M058,2025-05-26 01:00:00,187.297,427.721,96.626,50.729,0.0062
M058,2025-05-26 02:00:00,181.981,439.657,95.735,44.653,0.0062
M058,2025-05-26 03:00:00,183.469,486.349,87.128,44.567,0.0062
M058,2025-05-26 04:00:00,184.431,475.874,97.694,42.974,0.0062
M058,2025-05-26 05:00:00,183.659,442.38,109.193,48.711,0.0062
M058,2025-05-26 06:00:00,181.369,400.708,115.341,41.137,0.0062
M058,2025-05-26 07:00:00,177.437,446.658,98.898,43.95,0.0062
M058,2025-05-26 08:00:00,183.857,415.213,105.247,39.716,0.0062
M058,2025-05-26 09:00:00,190.343,429.162,103.689,43.289,0.0062
M058,2025-05-26 10:00:00,190.749,424.129,102.518,42.67,0.0062
M058,2025-05-26 11:00:00,182.795,420.077,112.418,39.741,0.0062
M058,2025-05-26 12:00:00,181.096,460.736,105.686,43.498,0.0062
M058,2025-05-26 13:00:00,182.911,537.208,102.182,52.539,0.0062
M058,2025-05-26 14:00:00,180.108,491.665,109.429,54.014,0.0062
M058,2025-05-26 15:00:00,182.95,436.559,125.68,54.178,0.0062
M058,2025-05-26 16:00:00,176.933,387.526,104.509,49.268,0.0062
M058,2025-05-26 17:00:00,191.733,336.88,119.443,52.277,0.01407
M058,2025-05-26 18:00:00,176.619,395.615,111.743,45.582,0.0062
M058,2025-05-26 19:00:00,181.943,378.348,99.431,46.753,0.0062
M058,2025-05-26 20:00:00,184.196,352.303,110.024,54.189,0.0062
M058,2025-05-26 21:00:00,185.134,429.77,99.87,52.381,0.0062
M058,2025-05-26 22:00:00,201.245,414.289,99.503,52.933,0.0062
M058,2025-05-26 23:00:00,198.246,376.467,85.527,58.918,0.0062
M058,2025-05-27 00:00:00,188.656,373.301,98.863,53.676,0.0062
M058,2025-05-27 01:00:00,188.208,343.278,90.984,52.44,0.0062
M058,2025-05-27 02:00:00,189.133,356.248,94.213,53.512,0.0062
M058,2025-05-27 03:00:00,183.942,390.712,93.325,48.086,0.0062
M058,2025-05-27 04:00:00,185.311,387.241,101.57,48.871,0.0062
M058,2025-05-27 05:00:00,186.539,448.299,92.713,48.927,0.0062
M058,2025-05-27 06:00:00,178.5,464.813,90.031,51.536,0.0062
M058,2025-05-27 07:00:00,181.664,439.369,85.276,45.868,0.0062
M058,2025-05-27 08:00:00,183.129,480.282,100.216,46.134,0.0062
M058,2025-05-27 09:00:00,194.195,422.247,111.287,51.122,0.0062
M058,2025-05-27 10:00:00,195.563,431.564,108.684,49.984,0.0062
M058,2025-05-27 11:00:00,186.59,415.301,118.146,48.233,0.0062
M058,2025-05-27 12:00:00,182.197,378.434,101.319,44.206,0.0062
M058,2025-05-27 13:00:00,176.392,396.007,100.967,38.632,0.0062
M058,2025-05-27 14:00:00,197.365,351.445,96.873,44.888,0.0062
M058,2025-05-27 15:00:00,195.928,394.655,94.963,60.911,0.0062
M058,2025-05-27 16:00:00,193.387,415.341,98.298,48.948,0.0062
M058,2025-05-27 17:00:00,195.579,441.803,99.053,48.778,0.0062
M058,2025-05-27 18:00:00,184.454,529.024,106.577,49.428,0.0062
M058,2025-05-27 19:00:00,184.333,447.037,99.223,51.794,0.0062
M058,2025-05-27 20:00:00,187.216,458.482,101.749,52.079,0.0062
M058,2025-05-27 21:00:00,194.917,395.491,104.232,49.084,0.0062
M058,2025-05-27 22:00:00,190.223,387.544,117.434,48.324,0.0062
M058,2025-05-27 23:00:00,203.61,454.25,104.184,46.635,0.0062
M058,2025-05-28 00:00:00,200.34,401.747,94.122,45.457,0.0062
M058,2025-05-28 01:00:00,190.265,492.584,96.057,45.468,0.0062
M058,2025-05-28 02:00:00,191.924,457.187,103.806,44.852,0.00505
M058,2025-05-28 03:00:00,194.796,483.614,99.403,48.925,0.0062
M058,2025-05-28 04:00:00,200.596,470.806,95.425,47.545,0.0062
M058,2025-05-28 05:00:00,195.605,420.754,95.929,45.658,0.0062
M058,2025-05-28 06:00:00,186.618,438.015,98.213,45.803,0.0062
M058,2025-05-28 07:00:00,188.922,408.721,100.129,56.404,0.0062
M058,2025-05-28 08:00:00,195.646,401.255,78.131,46.566,0.0062
M058,2025-05-28 09:00:00,193.088,452.906,94.361,50.755,0.0062
M058,2025-05-28 10:00:00,191.116,478.073,91.339,47.711,0.0062
M058,2025-05-28 11:00:00,187.795,413.678,69.856,54.628,0.0062
M058,2025-05-28 12:00:00,191.154,417.21,90.954,54.753,0.0062
M058,2025-05-28 13:00:00,194.904,421.326,93.706,55.591,0.0062
M058,2025-05-28 14:00:00,194.616,437.417,84.949,55.165,0.0062
M058,2025-05-28 15:00:00,189.904,408.299,84.929,57.221,0.0062
M058,2025-05-28 16:00:00,186.793,375.352,89.632,45.562,0.0062
M058,2025-05-28 17:00:00,188.241,340.272,91.416,43.171,0.0062
M058,2025-05-28 18:00:00,197.312,412.756,94.194,47.018,0.0062
M058,2025-05-28 19:00:00,196.63,364.012,97.258,42.723,0.0062
M058,2025-05-28 20:00:00,193.86,447.688,100.59,46.468,0.0062
M058,2025-05-28 21:00:00,186.247,443.754,97.823,44.381,0.0062
M058,2025-05-28 22:00:00,188.185,417.998,97.2,46.424,0.00505
M058,2025-05-28 23:00:00,187.399,442.027,96.847,51.896,0.00505
M058,2025-05-29 00:00:00,182.568,443.588,91.849,49.006,0.0062
M058,2025-05-29 01:00:00,180.599,475.895,74.942,43.094,0.00505
M058,2025-05-29 02:00:00,188.911,460.914,81.193,34.867,0.00505
M058,2025-05-29 03:00:00,186.545,402.902,77.523,39.72,0.0062
M058,2025-05-29 04:00:00,185.869,460.628,83.899,37.826,0.0062
M058,2025-05-29 05:00:00,182.898,393.805,89.157,41.296,0.0062
M058,2025-05-29 06:00:00,197.073,408.575,89.881,48.862,0.0062
M058,2025-05-29 07:00:00,188.042,401.225,101.302,48.548,0.0062
M058,2025-05-29 08:00:00,178.103,383.004,95.705,50.036,0.0062
M058,2025-05-29 09:00:00,175.137,401.129,101.5,45.937,0.0062
M058,2025-05-29 10:00:00,179.185,385.82,91.988,48.528,0.0062
M058,2025-05-29 11:00:00,183.745,371.154,85.093,58.278,0.0062
M058,2025-05-29 12:00:00,190.124,431.515,88.299,53.0,0.0062
M058,2025-05-29 13:00:00,191.936,450.07,97.59,50.428,0.0062
M058,2025-05-29 14:00:00,191.835,478.705,91.03,49.521,0.0062
M058,2025-05-29 15:00:00,193.443,419.206,96.765,48.312,0.0062
M058,2025-05-29 16:00:00,188.164,423.991,95.947,45.66,0.0062
M058,2025-05-29 17:00:00,190.176,447.291,98.973,47.77,0.0062
M058,2025-05-29 18:00:00,185.828,459.032,99.229,43.437,0.0062
M058,2025-05-29 19:00:00,176.636,417.674,104.683,40.99,0.0062
M058,2025-05-29 20:00:00,169.115,422.823,106.425,45.886,0.0062
M058,2025-05-29 21:00:00,172.512,362.762,106.775,46.569,0.0062
M058,2025-05-29 22:00:00,178.228,376.384,101.857,44.134,0.0062
M058,2025-05-29 23:00:00,176.36,412.952,88.556,39.442,0.0062
M058,2025-05-30 00:00:00,182.401,434.335,96.459,43.013,0.0062
M058,2025-05-30 01:00:00,182.935,443.457,97.68,53.708,0.0062
M058,2025-05-30 02:00:00,196.629,399.554,99.757,51.922,0.0062
M058,2025-05-30 03:00:00,193.287,441.172,98.322,48.167,0.0062
M058,2025-05-30 04:00:00,185.335,446.38,97.022,46.977,0.0062
M058,2025-05-30 05:00:00,177.393,387.617,95.607,49.144,0.0062
M058,2025-05-30 06:00:00,179.516,466.979,102.419,51.285,0.0062
M058,2025-05-30 07:00:00,189.739,492.949,84.502,46.197,0.0062
M058,2025-05-30 08:00:00,189.268,385.611,98.195,50.693,0.0062
M058,2025-05-30 09:00:00,195.233,348.999,97.778,48.16,0.0062
M058,2025-05-30 10:00:00,197.618,371.477,98.154,54.87,0.0062
M058,2025-05-30 11:00:00,184.495,357.865,96.746,49.112,0.0062
M058,2025-05-30 12:00:00,178.164,397.188,89.672,48.01,0.0062
M058,2025-05-30 13:00:00,178.705,378.568,92.438,46.509,0.0062
M058,2025-05-30 14:00:00,186.541,417.326,102.692,50.099,0.0062
M058,2025-05-30 15:00:00,187.108,358.057,115.659,47.594,0.0062
M058,2025-05-30 16:00:00,182.156,392.142,110.827,49.979,0.0062
M058,2025-05-30 17:00:00,182.119,407.218,112.426,48.554,0.0062
M058,2025-05-30 18:00:00,186.572,415.598,95.955,50.142,0.0062
M058,2025-05-30 19:00:00,189.032,335.936,101.099,56.361,0.0062
M058,2025-05-30 20:00:00,183.652,332.956,97.678,53.825,0.0062
M058,2025-05-30 21:00:00,191.19,427.281,98.305,55.644,0.01407
M058,2025-05-30 22:00:00,178.225,446.008,96.113,46.463,0.0062
M058,2025-05-30 23:00:00,171.288,381.222,102.378,52.624,0.0062
M059,2025-05-24 00:00:00,178.65,459.612,99.541,47.089,0.0062
M059,2025-05-24 01:00:00,179.052,470.26,106.527,54.779,0.0062
M059,2025-05-24 02:00:00,188.616,423.89,108.115,58.415,0.0062
M059,2025-05-24 03:00:00,197.367,431.7,100.384,55.546,0.0062
M059,2025-05-24 04:00:00,192.595,430.045,96.869,47.451,0.0062
M059,2025-05-24 05:00:00,187.034,348.643,91.706,54.436,0.0062
M059,2025-05-24 06:00:00,186.323,424.37,93.71,53.903,0.0062
M059,2025-05-24 07:00:00,189.191,427.112,104.225,60.142,0.0062
M059,2025-05-24 08:00:00,180.616,501.766,106.485,48.637,0.0062
M059,2025-05-24 09:00:00,190.196,456.862,101.547,52.755,0.0062
M059,2025-05-24 10:00:00,197.647,485.714,111.821,49.122,0.0062
M059,2025-05-24 11:00:00,189.336,465.254,114.27,49.793,0.0062
M059,2025-05-24 12:00:00,201.317,481.639,116.836,53.594,0.0062
M059,2025-05-24 13:00:00,196.189,519.062,132.07,50.484,0.0062
M059,2025-05-24 14:00:00,189.028,501.744,129.577,52.642,0.0062
M059,2025-05-24 15:00:00,184.045,503.293,124.532,53.77,0.0062
M059,2025-05-24 16:00:00,177.351,526.57,116.164,47.041,0.0062
M059,2025-05-24 17:00:00,175.732,469.578,118.676,47.449,0.0062
M059,2025-05-24 18:00:00,183.565,436.663,115.934,46.523,0.0062
M059,2025-05-24 19:00:00,177.86,488.661,101.158,44.832,0.0062
M059,2025-05-24 20:00:00,172.013,486.579,102.941,44.944,0.0062
M059,2025-05-24 21:00:00,173.215,501.886,105.51,44.929,0.0062
M059,2025-05-24 22:00:00,174.197,543.866,104.812,50.765,0.0062
M059,2025-05-24 23:00:00,187.582,521.465,116.343,53.226,0.0062
M059,2025-05-25 00:00:00,197.356,462.793,98.345,60.383,0.01407
M059,2025-05-25 01:00:00,194.35,475.652,107.111,54.95,0.01407
M059,2025-05-25 02:00:00,181.755,464.853,109.801,45.642,0.0062
M059,2025-05-25 03:00:00,181.459,534.832,107.641,49.997,0.0062
M059,2025-05-25 04:00:00,176.44,525.491,116.0,45.662,0.0062
M059,2025-05-25 05:00:00,177.31,548.9,114.335,52.789,0.0062
M059,2025-05-25 06:00:00,181.706,479.161,124.743,54.141,0.0062
M059,2025-05-25 07:00:00,172.328,462.274,117.735,56.185,0.0062
M059,2025-05-25 08:00:00,173.965,558.039,104.592,59.151,0.0062
M059,2025-05-25 09:00:00,178.032,491.047,101.443,57.812,0.0062
M059,2025-05-25 10:00:00,189.183,471.58,102.802,53.604,0.0062
M059,2025-05-25 11:00:00,185.992,491.029,112.139,56.669,0.0062
M059,2025-05-25 12:00:00,191.866,440.046,118.812,50.713,0.0062
M059,2025-05-25 13:00:00,194.342,433.594,110.895,44.355,0.0062
M059,2025-05-25 14:00:00,192.944,404.672,113.885,44.391,0.0062
M059,2025-05-25 15:00:00,189.564,387.357,108.229,48.342,0.0062
M059,2025-05-25 16:00:00,183.544,430.147,96.556,53.368,0.0062
M059,2025-05-25 17:00:00,173.684,487.661,103.483,50.714,0.0062
M059,2025-05-25 18:00:00,179.237,440.223,99.34,50.936,0.0062
M059,2025-05-25 19:00:00,180.708,414.699,104.26,43.72,0.0062
M059,2025-05-25 20:00:00,181.151,418.143,111.824,48.94,0.0062
M059,2025-05-25 21:00:00,190.54,477.068,111.231,54.202,0.0062
M059,2025-05-25 22:00:00,190.59,436.746,113.363,44.827,0.0062
M059,2025-05-25 23:00:00,196.171,438.885,117.896,44.281,0.0062
M059,2025-05-26 00:00:00,197.121,401.98,110.612,49.059,0.0062
M059,2025-05-26 01:00:00,202.177,434.129,104.701,46.7,0.0062
M059,2025-05-26 02:00:00,195.075,382.533,115.098,52.321,0.0062
M059,2025-05-26 03:00:00,185.696,371.386,121.775,50.611,0.0062
M059,2025-05-26 04:00:00,187.332,298.083,112.239,50.646,0.0062
M059,2025-05-26 05:00:00,184.41,383.987,116.761,48.567,0.01407
M059,2025-05-26 06:00:00,176.684,421.874,101.373,41.11,0.0062
M059,2025-05-26 07:00:00,170.522,454.742,107.752,42.923,0.0062
M059,2025-05-26 08:00:00,172.278,510.968,113.798,46.034,0.0062
M059,2025-05-26 09:00:00,175.785,541.583,114.766,56.611,0.0062
M059,2025-05-26 10:00:00,194.525,530.9,112.834,49.847,0.0062
M059,2025-05-26 11:00:00,189.555,497.613,110.93,42.409,0.0062
M059,2025-05-26 12:00:00,186.088,514.889,106.373,45.866,0.0062
M059,2025-05-26 13:00:00,200.284,484.718,118.631,43.471,0.0062
M059,2025-05-26 14:00:00,198.673,438.306,123.603,42.879,0.0062
M059,2025-05-26 15:00:00,198.43,415.347,122.056,44.122,0.0062
M059,2025-05-26 16:00:00,189.721,432.911,124.387,49.63,0.0062
M059,2025-05-26 17:00:00,177.807,385.428,110.007,44.388,0.0062
M059,2025-05-26 18:00:00,180.448,406.127,121.78,47.566,0.0062
M059,2025-05-26 19:00:00,194.176,491.887,118.768,41.909,0.0062
M059,2025-05-26 20:00:00,188.005,430.155,128.487,39.967,0.0062
M059,2025-05-26 21:00:00,174.333,429.473,123.642,53.172,0.0062
M059,2025-05-26 22:00:00,193.065,418.249,125.377,51.039,0.0062
M059,2025-05-26 23:00:00,187.747,434.789,109.223,56.375,0.01407
M059,2025-05-27 00:00:00,190.409,484.974,105.613,53.047,0.0062
M059,2025-05-27 01:00:00,195.296,473.733,126.483,51.862,0.0062
M059,2025-05-27 02:00:00,203.367,454.147,113.275,51.815,0.0062
M059,2025-05-27 03:00:00,202.78,476.845,113.099,50.239,0.0062
M059,2025-05-27 04:00:00,204.799,464.17,121.897,45.938,0.0062
M059,2025-05-27 05:00:00,202.658,484.175,108.388,54.0,0.0062
M059,2025-05-27 06:00:00,197.112,485.659,112.126,43.252,0.0062
M059,2025-05-27 07:00:00,177.823,536.806,115.674,41.521,0.0062
M059,2025-05-27 08:00:00,196.416,542.124,96.409,39.901,0.0062
M059,2025-05-27 09:00:00,186.324,501.787,107.106,40.945,0.0062
M059,2025-05-27 10:00:00,173.24,420.523,107.038,44.281,0.0062
M059,2025-05-27 11:00:00,181.573,436.3,101.322,40.931,0.0062
M059,2025-05-27 12:00:00,180.404,426.765,107.521,48.72,0.0062
M059,2025-05-27 13:00:00,167.523,443.321,109.724,46.193,0.0062
M059,2025-05-27 14:00:00,174.026,493.244,111.746,53.518,0.0062
M059,2025-05-27 15:00:00,174.823,556.678,111.572,55.135,0.0062
M059,2025-05-27 16:00:00,183.864,469.901,122.432,54.02,0.0062
M059,2025-05-27 17:00:00,178.923,422.469,124.524,46.02,0.0062
M059,2025-05-27 18:00:00,187.622,427.231,118.167,50.585,0.0062
M059,2025-05-27 19:00:00,180.285,378.497,117.854,48.748,0.01407
M059,2025-05-27 20:00:00,187.146,342.947,114.21,53.242,0.01653
M059,2025-05-27 21:00:00,188.792,478.078,112.247,46.143,0.01407
M059,2025-05-27 22:00:00,181.896,530.037,109.71,47.31,0.01407
M059,2025-05-27 23:00:00,189.641,534.938,103.242,41.358,0.0062
M059,2025-05-28 00:00:00,184.422,528.774,99.381,47.105,0.0062
M059,2025-05-28 01:00:00,184.648,462.759,117.401,43.699,0.0062
M059,2025-05-28 02:00:00,190.537,407.283,124.381,37.268,0.0062
M059,2025-05-28 03:00:00,192.592,369.549,113.277,49.811,0.0062
M059,2025-05-28 04:00:00,187.946,429.921,116.511,54.321,0.01407
M059,2025-05-28 05:00:00,193.59,453.529,114.44,56.3,0.01407
M059,2025-05-28 06:00:00,184.114,441.015,103.329,61.547,0.01407
M059,2025-05-28 07:00:00,190.582,402.252,99.488,57.288,0.01407
M059,2025-05-28 08:00:00,195.268,362.503,94.357,49.833,0.01407
M059,2025-05-28 09:00:00,193.901,397.455,106.733,51.028,0.0062
M059,2025-05-28 10:00:00,186.217,436.444,108.73,48.798,0.0062
M059,2025-05-28 11:00:00,177.177,459.744,128.025,53.939,0.0062
M059,2025-05-28 12:00:00,177.035,459.094,135.537,49.471,0.0062
M059,2025-05-28 13:00:00,194.361,469.696,118.836,57.616,0.01407
M059,2025-05-28 14:00:00,189.97,429.83,116.891,51.144,0.0062
M059,2025-05-28 15:00:00,191.963,417.177,109.917,51.687,0.01407
M059,2025-05-28 16:00:00,197.584,420.42,101.646,47.713,0.0062
M059,2025-05-28 17:00:00,196.358,399.953,116.472,46.658,0.0062
M059,2025-05-28 18:00:00,183.095,407.485,125.562,46.914,0.0062
M059,2025-05-28 19:00:00,173.556,403.077,102.1,53.829,0.0062
M059,2025-05-28 20:00:00,172.46,364.613,109.876,54.762,0.0062
M059,2025-05-28 21:00:00,171.872,396.695,117.424,58.632,0.01407
M059,2025-05-28 22:00:00,178.955,382.455,110.382,52.313,0.01633
M059,2025-05-28 23:00:00,174.311,378.576,111.986,54.824,0.01633
M059,2025-05-29 00:00:00,177.784,428.855,98.56,56.71,0.01407
M059,2025-05-29 01:00:00,172.98,447.212,96.921,52.105,0.01407
M059,2025-05-29 02:00:00,170.935,563.345,101.564,46.873,0.0062
M059,2025-05-29 03:00:00,179.036,409.637,104.056,49.013,0.0062
M059,2025-05-29 04:00:00,186.622,415.266,112.679,56.992,0.0062
M059,2025-05-29 05:00:00,187.12,363.035,115.458,51.039,0.01407
M059,2025-05-29 06:00:00,183.602,404.582,107.158,48.533,0.0062
M059,2025-05-29 07:00:00,196.139,425.333,108.475,46.52,0.0062
M059,2025-05-29 08:00:00,202.667,383.982,109.343,54.331,0.0062
M059,2025-05-29 09:00:00,187.51,421.622,106.463,51.837,0.0062
M059,2025-05-29 10:00:00,194.023,449.706,113.958,58.433,0.01407
M059,2025-05-29 11:00:00,188.304,487.017,118.344,60.859,0.01407
M059,2025-05-29 12:00:00,186.481,423.479,113.899,49.858,0.01633
M059,2025-05-29 13:00:00,190.06,487.148,124.599,46.511,0.01633
M059,2025-05-29 14:00:00,186.513,476.508,111.296,55.574,0.01407
M059,2025-05-29 15:00:00,195.053,493.61,110.401,53.904,0.01407
M059,2025-05-29 16:00:00,197.274,474.333,113.986,54.897,0.01407
M059,2025-05-29 17:00:00,186.844,502.123,109.204,53.229,0.01407
M059,2025-05-29 18:00:00,184.27,469.389,105.455,56.118,0.01407
M059,2025-05-29 19:00:00,186.855,482.567,113.028,59.931,0.01407
M059,2025-05-29 20:00:00,184.126,462.937,116.614,60.404,0.01653
M059,2025-05-29 21:00:00,174.466,444.842,104.598,62.461,0.02703
M059,2025-05-29 22:00:00,175.451,455.579,111.078,55.606,0.02703
M059,2025-05-29 23:00:00,189.241,417.707,105.351,57.761,0.02703
M059,2025-05-30 00:00:00,192.197,455.573,106.864,52.315,0.02703
M059,2025-05-30 01:00:00,181.049,451.273,121.143,59.572,0.01653
M059,2025-05-30 02:00:00,184.761,501.868,112.45,62.197,0.01653
M059,2025-05-30 03:00:00,197.72,454.443,118.789,59.005,0.01653
M059,2025-05-30 04:00:00,198.197,404.925,120.762,56.442,0.02703
M059,2025-05-30 05:00:00,199.92,470.336,127.32,61.35,0.02703
M059,2025-05-30 06:00:00,183.025,411.148,125.574,59.414,0.08333
M059,2025-05-30 07:00:00,183.414,417.431,109.678,54.766,0.01653
M059,2025-05-30 08:00:00,181.089,455.362,112.508,53.341,0.29091
M059,2025-05-30 09:00:00,186.027,386.815,116.129,58.665,0.14286
M059,2025-05-30 10:00:00,189.351,356.485,124.925,60.052,0.0062
M059,2025-05-30 11:00:00,184.315,439.33,108.612,41.317,0.0062
M059,2025-05-30 12:00:00,179.764,441.337,114.525,48.882,0.0
M059,2025-05-30 13:00:00,174.435,482.499,116.252,48.618,0.0
M059,2025-05-30 14:00:00,185.95,461.053,117.998,49.102,0.0
M059,2025-05-30 15:00:00,183.423,446.546,106.894,47.337,0.0
M059,2025-05-30 16:00:00,182.672,459.004,104.392,55.071,0.0
M059,2025-05-30 17:00:00,193.951,449.979,102.357,51.047,0.0
M059,2025-05-30 18:00:00,182.615,516.721,112.211,50.63,0.0
M059,2025-05-30 19:00:00,194.785,571.514,133.489,53.752,0.0
M059,2025-05-30 20:00:00,187.342,530.25,116.201,46.614,0.0
M059,2025-05-30 21:00:00,171.761,462.818,111.807,53.22,0.0
M059,2025-05-30 22:00:00,175.079,550.409,97.63,48.211,0.0
M059,2025-05-30 23:00:00,178.151,470.246,112.129,49.621,0.0
M060,2025-05-24 00:00:00,188.829,463.115,113.549,48.546,0.0062
M060,2025-05-24 01:00:00,181.65,415.653,120.229,42.331,0.0062
M060,2025-05-24 02:00:00,177.39,446.293,97.059,43.049,0.0062
M060,2025-05-24 03:00:00,179.69,456.447,104.552,51.788,0.0062
M060,2025-05-24 04:00:00,173.193,410.396,113.279,47.344,0.0062
M060,2025-05-24 05:00:00,176.307,427.957,112.986,52.215,0.0062
M060,2025-05-24 06:00:00,182.167,425.682,119.991,46.423,0.0062
M060,2025-05-24 07:00:00,184.99,490.957,115.879,46.669,0.0062
M060,2025-05-24 08:00:00,166.732,494.644,109.957,47.08,0.0062
M060,2025-05-24 09:00:00,163.42,510.606,114.001,47.456,0.0062
M060,2025-05-24 10:00:00,174.968,491.613,107.794,41.967,0.0062
M060,2025-05-24 11:00:00,175.882,445.493,114.719,41.727,0.0062
M060,2025-05-24 12:00:00,181.302,424.068,105.99,41.008,0.0062
M060,2025-05-24 13:00:00,181.627,436.954,113.01,46.551,0.0062
M060,2025-05-24 14:00:00,181.253,464.897,116.7,47.905,0.0062
M060,2025-05-24 15:00:00,167.054,440.822,118.878,43.293,0.0062
M060,2025-05-24 16:00:00,176.506,403.403,111.718,48.065,0.0062
M060,2025-05-24 17:00:00,165.959,365.545,119.019,48.2,0.0062
M060,2025-05-24 18:00:00,173.192,436.478,119.233,44.333,0.0062
M060,2025-05-24 19:00:00,186.862,508.499,120.807,44.897,0.0062
M060,2025-05-24 20:00:00,178.035,507.965,114.966,42.148,0.0062
M060,2025-05-24 21:00:00,173.539,552.641,123.536,48.202,0.0062
M060,2025-05-24 22:00:00,176.37,499.984,118.533,45.875,0.0062
M060,2025-05-24 23:00:00,176.148,494.882,103.292,43.198,0.0062
M060,2025-05-25 00:00:00,155.268,440.024,96.38,48.983,0.01407
M060,2025-05-25 01:00:00,167.35,399.769,92.371,46.934,0.01407
M060,2025-05-25 02:00:00,180.441,462.063,102.198,45.606,0.0062
M060,2025-05-25 03:00:00,181.116,454.419,90.491,47.539,0.0062
M060,2025-05-25 04:00:00,183.105,440.234,98.469,49.55,0.0062
M060,2025-05-25 05:00:00,185.788,416.29,95.103,56.247,0.01407
M060,2025-05-25 06:00:00,179.517,474.921,96.144,49.827,0.01653
M060,2025-05-25 07:00:00,175.785,429.927,105.666,51.773,0.01653
M060,2025-05-25 08:00:00,183.937,459.565,98.548,55.529,0.02703
M060,2025-05-25 09:00:00,184.212,402.551,109.788,53.056,0.01653
M060,2025-05-25 10:00:00,181.681,457.177,107.109,51.884,0.01407
M060,2025-05-25 11:00:00,187.066,470.68,121.134,54.128,0.01407
M060,2025-05-25 12:00:00,187.982,480.896,118.408,52.181,0.01407
M060,2025-05-25 13:00:00,187.721,487.959,106.756,54.225,0.01407
M060,2025-05-25 14:00:00,176.184,539.472,103.789,54.333,0.01407
M060,2025-05-25 15:00:00,180.414,545.443,101.203,50.197,0.0062
M060,2025-05-25 16:00:00,187.232,497.777,102.493,45.64,0.0062
M060,2025-05-25 17:00:00,193.088,556.672,90.543,49.692,0.0062
M060,2025-05-25 18:00:00,206.944,582.487,106.292,47.608,0.0062
M060,2025-05-25 19:00:00,193.585,586.188,88.259,50.457,0.0062
M060,2025-05-25 20:00:00,191.27,603.056,99.26,49.526,0.0062
M060,2025-05-25 21:00:00,188.439,521.37,106.57,49.975,0.0062
M060,2025-05-25 22:00:00,184.993,559.844,116.602,57.367,0.0062
M060,2025-05-25 23:00:00,181.602,530.792,110.467,63.449,0.0062
M060,2025-05-26 00:00:00,177.054,447.646,113.734,66.007,0.0062
M060,2025-05-26 01:00:00,180.568,397.806,110.649,61.622,0.0062
M060,2025-05-26 02:00:00,193.108,445.313,116.828,52.525,0.0062
M060,2025-05-26 03:00:00,195.811,451.725,104.368,46.343,0.0062
M060,2025-05-26 04:00:00,183.924,476.091,93.94,50.915,0.0062
M060,2025-05-26 05:00:00,180.264,522.286,105.462,52.062,0.0062
M060,2025-05-26 06:00:00,187.804,431.345,110.767,54.823,0.0062
M060,2025-05-26 07:00:00,196.832,451.091,116.506,50.983,0.0062
M060,2025-05-26 08:00:00,199.475,463.691,122.446,51.805,0.0062
M060,2025-05-26 09:00:00,187.058,484.874,122.296,51.967,0.0062
M060,2025-05-26 10:00:00,174.456,472.82,111.893,55.525,0.0062
M060,2025-05-26 11:00:00,172.754,463.2,135.039,48.945,0.0062
M060,2025-05-26 12:00:00,176.226,488.197,112.348,46.354,0.0062
M060,2025-05-26 13:00:00,164.599,493.466,104.076,51.48,0.0062
M060,2025-05-26 14:00:00,163.372,492.297,107.872,50.958,0.0062
M060,2025-05-26 15:00:00,185.04,482.731,93.008,53.262,0.0062
M060,2025-05-26 16:00:00,181.701,467.051,116.766,46.952,0.0062
M060,2025-05-26 17:00:00,180.047,499.766,112.994,52.608,0.0062
M060,2025-05-26 18:00:00,171.362,452.799,105.243,47.709,0.0062
M060,2025-05-26 19:00:00,176.441,505.339,106.219,48.817,0.0062
M060,2025-05-26 20:00:00,170.085,479.717,97.263,50.046,0.0062
M060,2025-05-26 21:00:00,176.481,458.406,91.063,46.136,0.0062
M060,2025-05-26 22:00:00,173.993,428.57,107.033,57.391,0.0062
M060,2025-05-26 23:00:00,171.602,507.716,99.902,47.104,0.0062
M060,2025-05-27 00:00:00,178.179,466.725,97.422,54.08,0.0062
M060,2025-05-27 01:00:00,172.16,505.626,106.278,50.604,0.0062
M060,2025-05-27 02:00:00,182.26,545.413,111.882,43.653,0.0062
M060,2025-05-27 03:00:00,183.129,515.424,102.904,48.881,0.0062
M060,2025-05-27 04:00:00,182.032,419.353,98.228,50.325,0.0062
M060,2025-05-27 05:00:00,178.701,380.717,106.201,52.933,0.0062
M060,2025-05-27 06:00:00,177.968,408.117,107.109,47.801,0.0062
M060,2025-05-27 07:00:00,174.989,489.987,124.547,52.948,0.0062
M060,2025-05-27 08:00:00,182.829,526.574,101.667,52.019,0.0062
M060,2025-05-27 09:00:00,188.885,552.111,112.112,56.593,0.01407
M060,2025-05-27 10:00:00,182.262,468.462,95.134,53.022,0.0062
M060,2025-05-27 11:00:00,174.531,475.398,91.366,52.709,0.0062
M060,2025-05-27 12:00:00,181.028,529.554,110.255,45.331,0.0062
M060,2025-05-27 13:00:00,191.464,455.51,123.967,48.752,0.0062
M060,2025-05-27 14:00:00,182.607,466.01,115.262,45.539,0.0062
M060,2025-05-27 15:00:00,177.462,437.068,112.232,51.511,0.0062
M060,2025-05-27 16:00:00,172.903,399.371,115.984,57.292,0.0062
M060,2025-05-27 17:00:00,170.583,390.365,104.034,56.567,0.0062
M060,2025-05-27 18:00:00,174.748,473.895,90.941,56.714,0.0062
M060,2025-05-27 19:00:00,166.859,463.876,103.705,54.588,0.0062
M060,2025-05-27 20:00:00,172.451,430.853,105.259,52.482,0.0062
M060,2025-05-27 21:00:00,176.657,441.443,107.026,51.183,0.0062
M060,2025-05-27 22:00:00,179.14,407.385,104.18,45.858,0.0062
M060,2025-05-27 23:00:00,170.633,378.802,111.752,45.663,0.0062
M060,2025-05-28 00:00:00,179.522,429.541,118.588,48.517,0.0062
M060,2025-05-28 01:00:00,183.164,485.02,128.464,50.059,0.0062
M060,2025-05-28 02:00:00,170.603,462.8,124.851,50.262,0.0062
M060,2025-05-28 03:00:00,189.747,489.748,122.32,48.607,0.0062
M060,2025-05-28 04:00:00,189.676,486.05,130.201,50.381,0.0062
M060,2025-05-28 05:00:00,190.076,456.979,121.316,47.562,0.0062
M060,2025-05-28 06:00:00,181.132,491.404,132.571,48.084,0.0062
M060,2025-05-28 07:00:00,178.969,539.253,134.997,45.688,0.0062
M060,2025-05-28 08:00:00,168.201,468.489,121.295,50.268,0.0062
M060,2025-05-28 09:00:00,172.927,518.066,125.938,43.365,0.0062
M060,2025-05-28 10:00:00,172.626,444.294,140.504,39.196,0.0062
M060,2025-05-28 11:00:00,172.937,527.16,120.24,47.123,0.0062
M060,2025-05-28 12:00:00,180.914,506.053,120.497,40.058,0.0062
M060,2025-05-28 13:00:00,178.717,498.338,113.093,45.477,0.0062
M060,2025-05-28 14:00:00,184.829,526.718,116.0,48.735,0.0062
M060,2025-05-28 15:00:00,175.126,481.943,102.675,49.354,0.0062
M060,2025-05-28 16:00:00,175.831,420.792,95.616,48.024,0.0062
M060,2025-05-28 17:00:00,170.358,478.173,90.657,46.672,0.0062
M060,2025-05-28 18:00:00,186.434,411.953,94.24,46.015,0.0062
M060,2025-05-28 19:00:00,190.218,455.849,111.326,50.493,0.0062
M060,2025-05-28 20:00:00,187.91,463.432,111.143,56.135,0.0062
M060,2025-05-28 21:00:00,185.194,478.714,112.022,55.646,0.0062
M060,2025-05-28 22:00:00,188.013,450.097,110.54,54.931,0.0062
M060,2025-05-28 23:00:00,173.977,466.195,111.628,56.971,0.0062
M060,2025-05-29 00:00:00,179.85,427.767,117.907,55.489,0.0062
M060,2025-05-29 01:00:00,177.515,439.204,116.743,54.591,0.0062
M060,2025-05-29 02:00:00,185.698,486.94,103.419,53.687,0.0062
M060,2025-05-29 03:00:00,187.685,521.286,91.805,56.424,0.0062
M060,2025-05-29 04:00:00,188.1,473.073,100.089,48.248,0.0062
M060,2025-05-29 05:00:00,190.99,407.009,109.971,52.819,0.0062
M060,2025-05-29 06:00:00,197.85,437.873,113.448,49.74,0.0062
M060,2025-05-29 07:00:00,188.575,442.475,108.273,49.549,0.0062
M060,2025-05-29 08:00:00,188.724,410.734,135.126,42.68,0.0062
M060,2025-05-29 09:00:00,187.748,409.254,122.65,48.451,0.0062
M060,2025-05-29 10:00:00,193.755,430.698,124.016,50.274,0.0062
M060,2025-05-29 11:00:00,188.948,459.345,123.298,50.6,0.0062
M060,2025-05-29 12:00:00,178.169,433.238,114.882,51.302,0.0062
M060,2025-05-29 13:00:00,168.277,483.688,107.873,51.455,0.0062
M060,2025-05-29 14:00:00,167.352,443.916,95.096,52.551,0.0062
M060,2025-05-29 15:00:00,164.012,439.297,107.146,54.886,0.0062
M060,2025-05-29 16:00:00,159.62,499.085,113.264,45.801,0.0062
M060,2025-05-29 17:00:00,181.993,538.917,124.41,52.028,0.0062
M060,2025-05-29 18:00:00,183.341,537.054,129.691,57.802,0.0062
M060,2025-05-29 19:00:00,189.426,468.617,132.639,56.987,0.0062
M060,2025-05-29 20:00:00,180.249,461.462,129.146,54.597,0.0062
M060,2025-05-29 21:00:00,185.934,494.158,116.734,53.352,0.0062
M060,2025-05-29 22:00:00,198.077,497.121,116.689,53.992,0.0062
M060,2025-05-29 23:00:00,184.497,440.482,126.899,50.199,0.0062
M060,2025-05-30 00:00:00,175.817,464.689,113.734,49.027,0.0062
M060,2025-05-30 01:00:00,168.236,455.402,104.146,53.232,0.0062
M060,2025-05-30 02:00:00,174.222,444.974,106.476,52.146,0.0062
M060,2025-05-30 03:00:00,194.268,458.53,119.7,49.078,0.0062
M060,2025-05-30 04:00:00,174.857,490.345,128.519,54.821,0.0062
M060,2025-05-30 05:00:00,168.549,458.947,113.685,53.522,0.0062
M060,2025-05-30 06:00:00,172.965,396.241,112.886,42.752,0.0062
M060,2025-05-30 07:00:00,172.938,435.018,105.647,39.607,0.0062
M060,2025-05-30 08:00:00,167.398,492.167,104.231,47.064,0.0062
M060,2025-05-30 09:00:00,173.316,486.249,106.802,45.129,0.0062
M060,2025-05-30 10:00:00,177.071,464.54,112.728,49.565,0.0062
M060,2025-05-30 11:00:00,183.257,499.983,111.154,51.924,0.0062
M060,2025-05-30 12:00:00,170.645,416.261,112.211,54.868,0.01407
M060,2025-05-30 13:00:00,170.542,407.475,114.645,49.217,0.01407
M060,2025-05-30 14:00:00,165.183,461.603,137.369,51.238,0.01407
M060,2025-05-30 15:00:00,166.904,396.602,124.31,52.887,0.01407
M060,2025-05-30 16:00:00,169.24,471.533,121.458,57.574,0.01407
M060,2025-05-30 17:00:00,172.85,412.982,111.124,60.575,0.01653
M060,2025-05-30 18:00:00,180.438,412.884,116.721,60.443,0.01653
M060,2025-05-30 19:00:00,179.666,386.764,102.055,49.306,0.02703
M060,2025-05-30 20:00:00,187.511,409.958,105.324,42.573,0.01653
M060,2025-05-30 21:00:00,186.281,400.502,114.552,41.726,0.01407
M060,2025-05-30 22:00:00,182.119,332.91,99.772,39.117,0.01653
M060,2025-05-30 23:00:00,184.499,385.117,91.421,50.068,0.01633
